batch,context,policy,repeat,TTFT,TPOT,E2E
16,256,BR,1,5.938303167000413,1.7342704021430109,61.43474533967674
16,256,BR,2,5.800681362859905,1.7236527626228053,60.957534812390804
16,256,BR,3,5.955349895171821,1.7362587311072275,61.51545810792595
16,256,LA_CA_NEAR,1,5.737153938040137,1.7191386406484526,60.74948950204998
16,256,LA_CA_NEAR,2,5.8216962441802025,1.706807975366246,60.43924062978476
16,256,LA_CA_NEAR,3,5.787076904438436,1.7221715549530927,60.8965666629374
16,256,LA,1,5.8783428044989705,1.727415786095662,61.15555634815246
16,256,LA,2,5.740132726728916,1.7180388006963767,60.7171992957592
16,256,LA,3,5.9061260325834155,1.7218885757029057,61.0065604550764
16,512,BR,1,8.126585309393704,1.6986001244513318,62.48178929183632
16,512,BR,2,8.197802883572876,1.7020011320419144,62.66183910891414
16,512,LA_CA_NEAR,1,7.9569131368771195,1.6797076239308808,61.707557102665305
16,512,LA_CA_NEAR,2,8.033509930595756,1.6884112573461607,62.0626701656729
16,512,LA,1,8.036278161220253,1.6832602947833948,61.900607594288886
16,512,LA,2,8.073289277032018,1.6869564568914939,62.05589589755982
64,256,BR,1,14.196074644103646,2.3529651070712134,89.49002806283534
64,256,BR,2,14.014162798412144,2.342918468726566,88.98641183506697
64,256,BR,3,14.024858474731445,2.341354992327979,88.9481063047424
64,256,LA_CA_NEAR,1,13.898165374994278,2.32420760957757,88.27191546652466
64,256,LA_CA_NEAR,2,14.01750645134598,2.3214793911902234,88.30361886601895
64,256,LA_CA_NEAR,3,13.584837746806443,2.328575016290415,88.09394541475922
64,256,LA,1,14.20457876380533,2.332975264493143,88.85871867649257
64,256,LA,2,13.696616432629526,2.3279152562608942,88.18898320756853
64,256,LA,3,14.251210978254676,2.3308566613995936,88.83761536423117
64,512,BR,1,26.164574473164976,2.3680845985363703,101.9429725818336
64,512,BR,2,26.084876459091902,2.374688529263949,102.07467044983059
64,512,BR,3,26.17141153663397,2.378432710393099,102.28093875013292
64,512,LA_CA_NEAR,1,25.525383262895048,2.353398872393882,100.83312133327127
64,512,LA_CA_NEAR,2,24.888229321688414,2.357811626396142,100.33723612781614
64,512,LA_CA_NEAR,3,25.112811910919845,2.3651010107132606,100.79516040254384
64,512,LA,1,25.261933100409806,2.355180669663241,100.6267714491114
64,512,LA,2,24.979163388721645,2.3562385345285293,100.37792116589844
64,512,LA,3,25.45326679199934,2.3464052109920885,100.5372342793271
