cell,source,median_ms,p10_ms,p90_ms,p99_ms,ratio_to_144MiB,ratio_ci95
two_single_0,144MiB compact,1.636927,1.6238464,1.660573,1.67017998,1.0,"[0.9944796215089657, 1.005547282094063]"
two_single_0,54GiB compact,1.635302,1.6234264999999999,1.6728339,1.71388944,0.9990072862137408,"[0.9943292639537876, 1.0081314140570843]"
two_single_0,54GiB spread,1.6478745,1.621764,1.6787041,1.8765135700000002,1.0066878364154295,"[0.997347302983441, 1.0136403008028216]"
two_single_1,144MiB compact,1.6230145,1.6178299999999999,1.6552838,1.73484435,1.0,"[0.9955483859674659, 1.0045435520825692]"
two_single_1,54GiB compact,1.6329875,1.6204539,1.6667343,1.8557016400000002,1.0061447386945712,"[1.000355558560372, 1.0096474105083364]"
two_single_1,54GiB spread,1.641263,1.6281183,1.7587064000000003,2.06069849,1.0112435840838143,"[1.00566701742509, 1.0195826962728922]"
two_single_2,144MiB compact,1.6516644999999999,1.6319964,1.7064176,1.71729176,1.0,"[0.9910293190889174, 1.0091187951817928]"
two_single_2,54GiB compact,1.6483340000000002,1.6252343,1.7064367,1.89711311,0.997983549322517,"[0.9891705125672611, 1.0071422145606355]"
two_single_2,54GiB spread,1.6375275,1.6237353,1.666679,1.71411147,0.9914407556740489,"[0.984020611715765, 1.0016380151082376]"
two_single_3,144MiB compact,1.6435355,1.6314752,1.6784759,1.72315496,1.0,"[0.9915750574235269, 1.0084649764297269]"
two_single_3,54GiB compact,1.651615,1.6231658,1.7729228000000001,1.9173976000000001,1.0049159266714958,"[0.9954479421817097, 1.0124929673532805]"
two_single_3,54GiB spread,1.639646,1.6242234,1.6626755,1.6871453500000002,0.9976334554379871,"[0.9910957635238148, 1.005613593860159]"
two_pair_0_1,144MiB compact,1.6248814999999999,1.6137217,1.6476515,1.6935711800000002,1.0,"[0.9941128810163362, 1.0059219823986638]"
two_pair_0_1,54GiB compact,1.6256415,1.6152288000000001,1.6361588999999999,1.64225339,1.0004677264157418,"[0.9955215791863572, 1.0045514745138313]"
two_pair_0_1,54GiB spread,1.6325495,1.6146188,1.6549070000000001,1.6594597,1.0047191133630362,"[0.998876704099647, 1.0115379335029249]"
two_pair_0_2,144MiB compact,0.8874040000000001,0.8712311,0.9050393,0.9219370299999999,1.0,"[0.9853246011115095, 1.0154334964285492]"
two_pair_0_2,54GiB compact,0.8819764999999999,0.8599705000000001,0.9758955000000004,1.19885404,0.9938838454638472,"[0.9802161290633252, 1.0150571664506358]"
two_pair_0_2,54GiB spread,0.87934,0.8604088,0.9154021000000001,1.17714125,0.9909128198655853,"[0.9742547955636378, 1.0080749379701737]"
two_pair_0_3,144MiB compact,0.883258,0.8625592,0.9058600000000001,1.01121297,1.0,"[0.9808952830066314, 1.019569263189239]"
two_pair_0_3,54GiB compact,0.8924855,0.8702599,1.171876,1.3565094400000002,1.0104471173768028,"[0.9925393247276955, 1.0522096498968556]"
two_pair_0_3,54GiB spread,0.879704,0.8637103,0.9084893,0.92489678,0.9959762606169432,"[0.9830439126200469, 1.0165704821452108]"
two_pair_1_2,144MiB compact,0.880226,0.8625421,0.9083424999999999,0.9959525300000001,1.0,"[0.9911795483967268, 1.009022015956458]"
two_pair_1_2,54GiB compact,0.8805164999999999,0.8622574000000001,0.9252593,0.9562741699999999,1.000330028878947,"[0.9931074519498402, 1.0121610203703346]"
two_pair_1_2,54GiB spread,0.8791175,0.8622661,0.9321537000000001,1.1158747300000003,0.9987406643293881,"[0.9883079235071917, 1.012532002544245]"
two_pair_1_3,144MiB compact,0.877311,0.8538305,0.9005502,0.92062118,1.0,"[0.9874490974290403, 1.0127104299387562]"
two_pair_1_3,54GiB compact,0.8700060000000001,0.8581906,0.8943481,0.9034894099999999,0.9916734202580386,"[0.9807035643084927, 1.0025705706587615]"
two_pair_1_3,54GiB spread,0.8821680000000001,0.8610555000000001,0.9433348,1.1859928000000002,1.0055362351549224,"[0.9934906714384333, 1.0287264218331635]"
two_pair_2_3,144MiB compact,1.6453995,1.6293455000000001,1.6858564999999999,1.74091338,1.0,"[0.9904677237868591, 1.0095817145194443]"
two_pair_2_3,54GiB compact,1.6415175,1.6305692,1.6599971,1.66840807,0.9976406945547267,"[0.9885613196903553, 1.002964214232929]"
two_pair_2_3,54GiB spread,1.6472205,1.6252903,1.6898735,1.70197662,1.0011067221060903,"[0.9914180879419147, 1.0092678392153696]"
six_0,144MiB compact,3.160923,3.1527305,3.1834176000000003,3.19981491,1.0,"[0.9956271246540994, 1.0042882712773862]"
six_0,54GiB compact,3.167065,3.1557291000000003,3.1891253,3.2077013599999997,1.0019431033277306,"[0.9975396487186143, 1.0044442551862278]"
six_0,54GiB spread,3.1682449999999998,3.1539417,3.1913698,3.21256746,1.0023164120100363,"[0.9977577044181181, 1.0053267869730431]"
six_1,144MiB compact,2.417668,2.3969896,2.4344972,2.4471552599999997,1.0,"[0.9936414766643781, 1.0064313580914257]"
six_1,54GiB compact,2.406644,2.3930256,2.4365866,2.5638657400000002,0.9954402341429841,"[0.9917347039872142, 1.0021632297034002]"
six_1,54GiB spread,2.413717,2.3986683,2.4311176000000003,2.44592432,0.9983657805786403,"[0.994379901513354, 1.0048040864635894]"
six_2,144MiB compact,2.409815,2.4003251000000003,2.4487969,2.46628196,1.0,"[0.993128893913732, 1.0070306258653887]"
six_2,54GiB compact,2.410473,2.3957461,2.427436,2.6416120000000003,1.0002730500059134,"[0.993622247649708, 1.0046457760719008]"
six_2,54GiB spread,2.4171105,2.4048533,2.4490343,2.9058868900000006,1.003027410817843,"[0.9965287067010677, 1.007702452257639]"
six_3,144MiB compact,3.18514,3.1665162,3.2139802,3.22756424,1.0,"[0.9957683389742941, 1.0040391934335002]"
six_3,54GiB compact,3.1795335,3.163884,3.2087525,3.25670359,0.9982397947970889,"[0.9958835864370233, 1.001897844239154]"
six_3,54GiB spread,3.1811084999999997,3.1660701,3.2078186,3.2294996400000002,0.9987342785560445,"[0.9954564093687445, 1.004494666440401]"
scale_2_rank,144MiB compact,1.6276065,1.6169716,1.648646,1.67487296,1.0,"[0.9956855803222612, 1.0043908644668247]"
scale_2_rank,54GiB compact,1.62546,1.615256,1.6541222,1.70778136,0.9986811922906427,"[0.9945180344034891, 1.0057222460153803]"
scale_2_rank,54GiB spread,1.6312845,1.6157927,1.6549867,1.70870232,1.0022597599604082,"[0.9966390074447166, 1.0096507396787067]"
scale_2_group,144MiB compact,0.8841905,0.8583887,0.9170832999999999,0.97790701,1.0,"[0.9873384949206037, 1.0127396052064683]"
scale_2_group,54GiB compact,0.8790015,0.8612442,0.9325209,1.17833235,0.9941313551774194,"[0.9781595906996522, 1.0065742688796675]"
scale_2_group,54GiB spread,0.8799224999999999,0.8625038,0.9302228,1.13187339,0.9951729859119726,"[0.9810267957212923, 1.0132027984791545]"
scale_4_rank,144MiB compact,1.6510880000000001,1.6338792,1.6648692,1.67968965,1.0,"[0.994603335774177, 1.005498987860404]"
scale_4_rank,54GiB compact,1.644965,1.6264835,1.6652122,1.67752232,0.9962915362476137,"[0.991274111167963, 1.0035269873497747]"
scale_4_rank,54GiB spread,1.6474855,1.6259693,1.6763944000000002,1.71415235,0.9978181053947457,"[0.9891973504832032, 1.0054328150755545]"
scale_4_group,144MiB compact,1.645511,1.6335851000000001,1.662596,1.6812043,1.0,"[0.9954650185806042, 1.004460727757245]"
scale_4_group,54GiB compact,1.6502035,1.6262188000000002,1.6929023,1.8522208700000002,1.002851697740094,"[0.9957308094567585, 1.0099909895584882]"
scale_4_group,54GiB spread,1.6442350000000001,1.6336745,1.6735681,1.69667003,0.9992245569917187,"[0.9941008439836612, 1.0055740227050596]"
scale_6_rank,144MiB compact,3.1624594999999998,3.1492864999999997,3.1967768,3.22326929,1.0,"[0.9949992621168823, 1.0050743743934978]"
scale_6_rank,54GiB compact,3.1617865,3.1529981,3.1787939,3.19048575,0.9997871909505877,"[0.9946765105275498, 1.0019745758629408]"
scale_6_rank,54GiB spread,3.16953,3.1519168,3.1853418000000002,3.3968216900000003,1.0022357598571618,"[0.9972990930847713, 1.0044822120821981]"
scale_6_group,144MiB compact,2.419943,2.3969526,2.4391626,2.4745845699999998,1.0,"[0.9956543803672468, 1.0043330442007141]"
scale_6_group,54GiB compact,2.412159,2.3991008,2.4345092999999998,2.44968495,0.9967833953113772,"[0.9930893537689933, 1.0019242735908542]"
scale_6_group,54GiB spread,2.4149955,2.3968749999999996,2.4682245,2.63902342,0.9979555303575331,"[0.993839971763919, 1.00240483204619]"
scale_8_rank,144MiB compact,3.185083,3.1695754000000003,3.1971095000000003,3.21977985,1.0,"[0.9969149739408905, 1.003094552338165]"
scale_8_rank,54GiB compact,3.1860559999999998,3.1685838,3.2070349,3.21282836,1.0003054865446206,"[0.9977409851507714, 1.0045648772253482]"
scale_8_rank,54GiB spread,3.185194,3.1665958,3.2164565,3.25161647,1.0000348499552445,"[0.9960752695433817, 1.0045243928817227]"
scale_8_group,144MiB compact,3.1882545,3.1744333,3.2165154,3.2292297,1.0,"[0.9973055415053284, 1.0027479960010306]"
scale_8_group,54GiB compact,3.177479,3.1665178,3.1951019,3.21792218,0.9966202509868644,"[0.9936797375528167, 0.9992856164495452]"
scale_8_group,54GiB spread,3.1786424999999996,3.1696644,3.2121692,3.22523893,0.9969851842128661,"[0.994479196707621, 0.999523008147002]"
scale_10_rank,144MiB compact,4.7021565,4.689065,4.7274071,4.745975980000001,1.0,"[0.9974553982927677, 1.0023619483023216]"
scale_10_rank,54GiB compact,4.70601,4.6942214,4.7323707,4.92721411,1.0008195175979362,"[0.9981697863674936, 1.0019502426580507]"
scale_10_rank,54GiB spread,4.710888000000001,4.6887601,4.7277002,4.74772398,1.0018569139500144,"[0.9987529619277556, 1.003401562682069]"
scale_10_group,144MiB compact,3.9607884999999996,3.9368472999999997,3.9731011,4.00121188,1.0,"[0.9970988251931111, 1.00282077598915]"
scale_10_group,54GiB compact,3.9504785,3.9325343999999998,3.9741191,4.0125589,0.9973969829492285,"[0.9952338147873343, 1.0008224884228853]"
scale_10_group,54GiB spread,3.9521655,3.935896,3.9674316,4.123391450000001,0.9978229082416292,"[0.9960107730475729, 1.0009810171286857]"
scale_14_rank,144MiB compact,6.2353570000000005,6.2224927999999995,6.2510252,6.2708163500000005,1.0,"[0.9990255721978227, 1.0009661864434116]"
scale_14_rank,54GiB compact,6.240066000000001,6.229973500000001,6.2638996,6.47791737,1.0007552093649168,"[1.0000173117622364, 1.0024477911440604]"
scale_14_rank,54GiB spread,6.244441999999999,6.2295624,6.265849,6.470352200000001,1.0014570136080418,"[1.0001040201491858, 1.0027891994575475]"
scale_14_group,144MiB compact,5.495458,5.4739889999999995,5.5146005,5.51915668,1.0,"[0.9974959047039894, 1.0024643586210493]"
scale_14_group,54GiB compact,5.4898875,5.4750873,5.5215570000000005,5.77468644,0.9989863447232241,"[0.9968312232366461, 1.0011243723361536]"
scale_14_group,54GiB spread,5.487830499999999,5.470907400000001,5.5034871,5.51690988,0.9986120356119543,"[0.9968991595752841, 1.0007040158082972]"
scale_50_rank,144MiB compact,20.069927,20.0462336,20.1121433,20.12277645,1.0,"[0.999097964182246, 1.0008884143144525]"
scale_50_rank,54GiB compact,20.081994,20.0645749,20.096824400000003,20.12359654,1.0006012478271595,"[0.9999192150437733, 1.0012576755676654]"
scale_50_rank,54GiB spread,20.0820565,20.050867,20.1140651,20.722876120000002,1.000604361939134,"[0.9998729617284342, 1.0016588117043832]"
scale_50_group,144MiB compact,19.3464585,19.315309,19.396808,19.41461499,1.0,"[0.9991086925140242, 1.0008952254995092]"
scale_50_group,54GiB compact,19.352097999999998,19.3118588,19.386958200000002,19.530734470000002,1.000291500379772,"[0.9990632943886479, 1.0010566916000232]"
scale_50_group,54GiB spread,19.342992000000002,19.323511800000002,19.4080366,19.44001889,0.9998208199190566,"[0.998993595962815, 1.0010307574944244]"
scale_62_rank,144MiB compact,24.6890305,24.6600338,24.7176871,24.770360940000003,1.0,"[0.9993945231267409, 1.000608910175108]"
scale_62_rank,54GiB compact,24.6975815,24.6719124,24.763248400000002,24.791965310000002,1.0003463481484216,"[0.9994802346766435, 1.0012777427002106]"
scale_62_rank,54GiB spread,24.705964,24.6711222,24.7496394,24.78601661,1.0006858714034963,"[0.999913526024353, 1.0014040945882592]"
scale_62_group,144MiB compact,23.9674955,23.9088311,24.0022279,24.02399824,1.0,"[0.9993265616395857, 1.0006841277275482]"
scale_62_group,54GiB compact,23.961811,23.938416399999998,23.997631300000002,24.297639710000002,0.999762824613861,"[0.9991081716700037, 1.0003401790950495]"
scale_62_group,54GiB spread,23.9711595,23.9260407,24.0238705,24.14242339,1.0001528737118153,"[0.9990939678836475, 1.0011176665603603]"
concurrency_2_rank,144MiB compact,6.251799500000001,6.2428862999999994,6.273209700000001,6.28346688,1.0,"[0.9991771964162938, 1.0008043467699794]"
concurrency_2_rank,54GiB compact,6.257291,6.2432967999999995,6.2918117,6.32039599,1.0008783870947877,"[0.9995002207357728, 1.0025260780128082]"
concurrency_2_rank,54GiB spread,6.2733885,6.2461794,6.2864879,6.30100417,1.003453245741486,"[1.0012813141739356, 1.0045962555621304]"
concurrency_2_group,144MiB compact,5.509997,5.4931037,5.5365041,5.56657969,1.0,"[0.997644469064196, 1.0023597468218615]"
concurrency_2_group,54GiB compact,5.513607,5.4978212,5.5372232,5.56114833,1.0006551727705115,"[0.9990723829638373, 1.003444210810346]"
concurrency_2_group,54GiB spread,5.5151140000000005,5.4974377,5.5391513,5.5690011,1.0009286756417473,"[0.9990812844529239, 1.0034896109991622]"
concurrency_4_rank,144MiB compact,6.2969215,6.2772389,6.3276007000000005,6.380502369999999,1.0,"[0.9979787113829793, 1.0020261984711152]"
concurrency_4_rank,54GiB compact,6.3071765,6.284091,6.3347979,6.35138029,1.0016285735815509,"[0.998591684589602, 1.003671889888443]"
concurrency_4_rank,54GiB spread,6.3115179999999995,6.2890284,6.3406694,6.41437034,1.0023180374727554,"[1.0001379852610768, 1.0045969134045245]"
concurrency_4_group,144MiB compact,5.551586,5.5385421,5.5722686,5.6012368299999995,1.0,"[0.9980979319212335, 1.0019200754050177]"
concurrency_4_group,54GiB compact,5.5584299999999995,5.543660200000001,5.5843414,5.58977429,1.0012328008608709,"[0.9988481160537913, 1.0032987940275961]"
concurrency_4_group,54GiB spread,5.5518625,5.5341354,5.594402700000001,5.6221907,1.0000498055870881,"[0.9979552868431434, 1.001781704754722]"
remote_0,144MiB compact,3.1627735,3.1527135,3.1924445,3.26694107,1.0,"[0.996589886243276, 1.0034365349090846]"
remote_0,54GiB compact,3.1637595000000003,3.1575789,3.1765627000000003,3.1933043800000003,1.0003117516951499,"[0.9975714698192961, 1.0025419135553106]"
remote_0,54GiB spread,3.1645320000000003,3.1522525999999997,3.2177272,8.773984280000006,1.0005559993467759,"[0.9970537136542922, 1.0040970960523066]"
remote_1,144MiB compact,2.4136249999999997,2.3950853000000003,2.4411448,2.45862699,1.0,"[0.9949267418716512, 1.0048468146817031]"
remote_1,54GiB compact,2.4298015,2.4066140000000003,2.4486416,2.47294983,1.0067021596146875,"[1.0008342489135962, 1.012268370854014]"
remote_1,54GiB spread,2.4298405,2.4077376,2.4607604000000003,2.4768368,1.0067183178828527,"[1.0004969582795662, 1.011787542593776]"
remote_2,144MiB compact,1.626978,1.6155116,1.6538105,1.66559465,1.0,"[0.9948240450975744, 1.005172907187393]"
remote_2,54GiB compact,1.6295215,1.6184037,1.6426663000000001,1.72342444,1.0015633278384835,"[0.9969654439702076, 1.0063480051367368]"
remote_2,54GiB spread,1.6221535,1.6165561,1.8956911,1.9500168900000001,0.9970346863940385,"[0.993772076353793, 1.0008653395864016]"
remote_3,144MiB compact,0.8869935,0.8638053,0.9153448000000001,1.00583642,1.0,"[0.9816662568231448, 1.0185866513892867]"
remote_3,54GiB compact,0.893679,0.8681263,0.9626053,1.15519274,1.0075372592922045,"[0.9827458380481215, 1.0337574580940923]"
remote_3,54GiB spread,0.8973405,0.8733867000000001,1.2048672,9.89967591000001,1.0116652489561648,"[0.9950518670992904, 1.037731309080493]"
overlap_0,144MiB compact,4.675786499999999,4.6543437,4.7009438999999995,4.7205232100000005,1.0,"[0.9975809431792644, 1.0023481205575997]"
overlap_0,54GiB compact,4.691174500000001,4.6701626,4.7150393,4.9491791,1.0032909971402675,"[1.0009839932257496, 1.0067375524914899]"
overlap_0,54GiB spread,4.6840735,4.669188,4.715600800000001,4.76407425,1.0017723221537171,"[1.000068729212887, 1.0043758287336608]"
overlap_1,144MiB compact,3.9075439999999997,3.8929006999999998,3.9224136,3.96831765,1.0,"[0.9985577282325978, 1.001414520553959]"
overlap_1,54GiB compact,3.929181,3.9069453000000003,3.9805349,4.36272559,1.0055372377124865,"[1.0024039322743132, 1.0105071553687093]"
overlap_1,54GiB spread,3.9284165,3.9011907999999997,3.9522353000000003,3.97112809,1.005341590523357,"[1.0010173098794994, 1.0074151309948527]"
overlap_2,144MiB compact,3.9108105,3.8976693,3.9285572,3.95015157,1.0,"[0.9978870817661033, 1.0021287531451564]"
overlap_2,54GiB compact,3.918958,3.9092732,3.9968391,4.04668657,1.0020833277398635,"[1.0002530580293614, 1.0071640605554117]"
overlap_2,54GiB spread,3.935705,3.903559,3.9734829,4.0232768299999995,1.0063655602847543,"[1.0020781212067005, 1.0086595231320572]"
