world,cell,expert_h2d_bytes,logical_fetch_bytes,actual_nccl_kernel_count,profiled_nccl_kernel_union_ms_max_rank,profiled_nccl_kernel_sum_ms_max_rank,all_h2d_bytes
4,A_exact,435752534016,435752534016,39936,4967.254614,4967.254614,435797302680
4,B_lru,291448553472,291448553472,39936,5411.991508,5411.991508,291492672598
4,B_gate,156996993024,156996993024,39936,7220.659814,7220.659814,157041193820
4,B_coverage,138707730432,138707730432,39936,4207.157306,4207.157306,138751734983
4,C_greedy_current,145719558144,145719558144,39936,4296.594001,4296.594001,145762302976
4,C_greedy_path,145143889920,145143889920,39936,9586.194444,9586.194444,145186418008
4,C_hungarian_current,143492382720,143492382720,39936,4772.283936,4772.283936,143530728608
4,C_hungarian_same,145323196416,145323196416,39936,5653.97084,5653.97084,145361490296
4,C_hungarian_same_path,129572536320,129572536320,39936,4334.094124,4334.094124,129610671359
4,C_hungarian_swap,142699659264,142699659264,39936,5049.938793,5049.938793,142727865438
8,A_exact,513609302016,513609302016,79872,10699.249056,10699.249056,513737830064
8,B_lru,393766502400,393766502400,79872,7601.603491,7601.603491,393893196762
8,B_gate,199303888896,199303888896,79872,8552.99136,8552.99136,199430780459
8,B_coverage,188583247872,188583247872,79872,28623.115213,28623.115213,188709509263
8,C_greedy_current,199747436544,199747436544,79872,12436.144149,12436.144149,199865331866
8,C_greedy_path,177654988800,177654988800,79872,10097.630739,10097.630739,177773456639
8,C_hungarian_current,187922644992,187922644992,79872,8713.069883,8713.069883,188029386669
8,C_hungarian_same,194302181376,194302181376,79872,9009.308191,9009.308191,194408598598
8,C_hungarian_same_path,192631799808,192631799808,79872,7418.63928,7418.63928,192737972210
8,C_hungarian_swap,189026795520,189026795520,79872,45500.406935,45500.406935,189100995479
