price_lambda,rho,J_byte,winner
1,0,166759710720,True
1,0.125,197141032960,False
1,0.25,235425546240,False
1,0.5,365712855040,False
1,0.75,433034625024,False
2,0,167094681600,True
2,0.125,197403533312,False
2,0.25,235619844096,False
2,0.5,365763141632,False
2,0.75,433034625024,False
4,0,167764623360,True
4,0.125,197928534016,False
4,0.25,236008439808,False
4,0.5,365863714816,False
4,0.75,433034625024,False
8,0,169104506880,True
8,0.125,198978535424,False
8,0.25,236785631232,False
8,0.5,366064861184,False
8,0.75,433034625024,False
16,0,171784273920,True
16,0.125,201078538240,False
16,0.25,238340014080,False
16,0.5,366467153920,False
16,0.75,433034625024,False
32,0,177143808000,True
32,0.125,205278543872,False
32,0.25,241448779776,False
32,0.5,367271739392,False
32,0.75,433034625024,False
64,0,187862876160,True
64,0.125,213678555136,False
64,0.25,247666311168,False
64,0.5,368880910336,False
64,0.75,433034625024,False
128,0,209301012480,True
128,0.125,230478577664,False
128,0.25,260101373952,False
128,0.5,372099252224,False
128,0.75,433034625024,False
256,0,252177285120,True
256,0.125,264078622720,False
256,0.25,284971499520,False
256,0.5,378535936000,False
256,0.75,433034625024,False
512,0,337929830400,False
512,0.125,331278712832,True
512,0.25,334711750656,False
512,0.5,391409303552,False
512,0.75,433034625024,False
1024,0,509434920960,False
1024,0.125,465678893056,False
1024,0.25,434192252928,False
1024,0.5,417156038656,True
1024,0.75,433034625024,False
2048,0,852445102080,False
2048,0.125,734479253504,False
2048,0.25,633153257472,False
2048,0.5,468649508864,False
2048,0.75,433034625024,True
4096,0,1538465464320,False
4096,0.125,1272079974400,False
4096,0.25,1031075266560,False
4096,0.5,571636449280,False
4096,0.75,433034625024,True
