id,batch,cache_ratio,eviction,substitution,rho,fixed_duplicate_cap,duplicate_cap,scope,replica_fetches,mean_duplicate_slots,peak_duplicate_slots,mean_unique_resident_experts,rank_evictions,replica_admissions,replica_reused,replica_evicted,replica_reused_before_eviction,replica_right_censored,replica_lifetime_p50,replica_lifetime_p90,replica_survived48,replica_survival48_fraction,replica_survival48_unknown,replica_survival48_known_fraction
B8_c30_lru_s0_rho0,8,0.3,lru,False,0,,0,full,0,0.0,0,1806.5509259259259,"[6749,4548,4436,5327]",0,0,0,0,0,,,0,,0,
B8_c30_lru_s0_rho0,8,0.3,lru,False,0,,0,decode,0,0.0,0,1843.0,"[6136,3971,3930,3598]",0,0,0,0,0,,,0,,0,
B8_c30_lru_s0_rho0.125,8,0.3,lru,False,0.125,,230,full,3722,230.0,230,1587.3101851851852,"[7862,5577,5438,6314]",3722,126,3430,126,292,29.0,42.0,187,0.05024180548092423,292,0.05451895043731778
B8_c30_lru_s0_rho0.125,8,0.3,lru,False,0.125,,230,decode,2818,230.0,230,1613.0,"[7001,4743,4687,4431]",2818,41,2526,41,292,34.0,41.0,44,0.015613910574875798,292,0.01741884402216944
B8_c30_lru_s0_rho0.25,8,0.3,lru,False,0.25,,460,full,8622,459.7384259259259,460,1365.2337962962963,"[8901,6793,6955,7749]",8622,116,8100,116,522,25.0,34.0,195,0.022616562282533056,522,0.024074074074074074
B8_c30_lru_s0_rho0.25,8,0.3,lru,False,0.25,,460,decode,6575,460.0,460,1383.0,"[7729,5621,5907,5669]",6575,49,6053,49,522,28.0,33.0,57,0.008669201520912547,522,0.009416818106723939
B8_c30_lru_s0_rho0.5,8,0.3,lru,False,0.5,,921,full,26023,918.574074074074,921,915.2708333333334,"[12052,10942,12404,12632]",26023,0,25077,0,946,16.0,21.0,0,0.0,946,0.0
B8_c30_lru_s0_rho0.5,8,0.3,lru,False,0.5,,921,decode,20165,920.3854166666666,921,922.6145833333334,"[9827,8691,10322,9907]",20165,0,19219,0,946,17.0,22.0,0,0.0,946,0.0
B8_c30_lru_s0_rho0.75,8,0.3,lru,False,0.75,,1382,full,41332,1094.1990740740741,1344,742.4004629629629,"[15408,14681,16732,16518]",41332,0,40287,0,1045,13.0,18.0,0,0.0,1045,0.0
B8_c30_lru_s0_rho0.75,8,0.3,lru,False,0.75,,1382,decode,27304,1070.1171875,1334,772.8828125,"[11139,10295,12412,12040]",27304,0,26259,0,1045,14.0,19.0,0,0.0,1045,0.0
B8_c30_lru_s1_rho0,8,0.3,lru,True,0,,0,full,0,0.0,0,1801.2453703703704,"[2609,2172,2308,3109]",0,0,0,0,0,,,0,,0,
B8_c30_lru_s1_rho0,8,0.3,lru,True,0,,0,decode,0,0.0,0,1843.0,"[2210,1771,1934,1576]",0,0,0,0,0,,,0,,0,
B8_c30_lru_s1_rho0.125,8,0.3,lru,True,0.125,,230,full,2707,230.0,230,1582.9074074074074,"[5108,3785,3735,4479]",2707,290,2432,286,275,40.0,91.0,371,0.1370520871813816,271,0.15229885057471265
B8_c30_lru_s1_rho0.125,8,0.3,lru,True,0.125,,230,decode,1940,230.0,230,1613.0,"[4499,3163,3145,2826]",1940,203,1665,199,275,44.0,88.0,209,0.1077319587628866,271,0.12522468544038345
B8_c30_lru_s1_rho0.25,8,0.3,lru,True,0.25,,460,full,6543,459.724537037037,460,1361.8310185185185,"[6580,4994,5141,5881]",6543,259,6021,259,522,34.0,45.0,397,0.06067553110194101,522,0.06593589104799867
B8_c30_lru_s1_rho0.25,8,0.3,lru,True,0.25,,460,decode,4764,460.0,460,1383.0,"[5695,4086,4288,4041]",4764,122,4242,122,522,37.0,45.0,141,0.02959697732997481,522,0.03323903818953324
B8_c30_lru_s1_rho0.5,8,0.3,lru,True,0.5,,921,full,20125,918.3425925925926,921,912.9606481481482,"[9229,8372,9410,9683]",20125,12,19184,12,941,21.0,30.0,18,0.0008944099378881987,941,0.0009382819015846538
B8_c30_lru_s1_rho0.5,8,0.3,lru,True,0.5,,921,decode,14981,920.7317708333334,921,922.2682291666666,"[7415,6486,7663,7279]",14981,11,14040,11,941,23.0,30.0,12,0.000801014618516788,941,0.0008547008547008547
B8_c30_lru_s1_rho0.75,8,0.3,lru,True,0.75,,1382,full,33894,1114.1273148148148,1364,720.011574074074,"[12273,11762,13345,13094]",33894,0,32800,0,1094,16.0,24.0,0,0.0,1094,0.0
B8_c30_lru_s1_rho0.75,8,0.3,lru,True,0.75,,1382,decode,21552,1093.4921875,1354,749.5078125,"[8586,7980,9621,9238]",21552,0,20458,0,1094,18.0,25.0,0,0.0,1094,0.0
B8_c30_gate_s0_rho0,8,0.3,gate,False,0,,0,full,0,0.0,0,1806.5509259259259,"[2943,2491,2611,3760]",0,0,0,0,0,,,0,,0,
B8_c30_gate_s0_rho0,8,0.3,gate,False,0,,0,decode,0,0.0,0,1843.0,"[2330,1914,2105,2031]",0,0,0,0,0,,,0,,0,
B8_c30_gate_s0_rho0.125,8,0.3,gate,False,0.125,,230,full,540,230.0,230,1586.3958333333333,"[3427,2867,2974,4009]",540,326,296,85,244,190.5,403.0,452,0.837037037037037,2,0.8401486988847584
B8_c30_gate_s0_rho0.125,8,0.3,gate,False,0.125,,230,decode,189,230.0,230,1613.0,"[2719,2186,2361,2235]",189,175,37,26,152,230.0,362.2000000000001,179,0.9470899470899471,2,0.9572192513368984
B8_c30_gate_s0_rho0.25,8,0.3,gate,False,0.25,,460,full,1152,459.7384259259259,460,1364.4074074074074,"[4008,3310,3337,4322]",1152,642,669,167,483,149.5,406.0,846,0.734375,5,0.7375762859633828
B8_c30_gate_s0_rho0.25,8,0.3,gate,False,0.25,,460,decode,353,460.0,460,1383.0,"[3172,2498,2602,2481]",353,321,76,51,277,206.0,330.0,326,0.9235127478753541,5,0.9367816091954023
B8_c30_gate_s0_rho0.5,8,0.3,gate,False,0.5,,921,full,2941,919.1620370370371,921,914.5555555555555,"[5424,4350,4202,5180]",2941,1454,1947,498,994,97.0,400.0,1767,0.6008160489629377,29,0.6067994505494505
B8_c30_gate_s0_rho0.5,8,0.3,gate,False,0.5,,921,decode,982,921.0,921,922.0,"[4270,3217,3157,3128]",982,771,361,188,621,167.0,293.0,790,0.8044806517311609,29,0.8289611752360966
B8_c30_gate_s0_rho0.75,8,0.3,gate,False,0.75,,1382,full,33670,1348.298611111111,1376,488.3009259259259,"[12645,12143,14042,13723]",33670,2250,32317,1161,1353,1.0,21.0,2734,0.0811998811998812,238,0.08177793730557549
B8_c30_gate_s0_rho0.75,8,0.3,gate,False,0.75,,1382,decode,19642,1351.1145833333333,1376,491.8854166666667,"[8376,7757,9722,9245]",19642,1500,18569,691,1073,1.0,16.0,1622,0.08257814886467774,238,0.08359101216244073
B8_c30_gate_s1_rho0,8,0.3,gate,True,0,,0,full,0,0.0,0,1801.2453703703704,"[1744,1510,1708,2766]",0,0,0,0,0,,,0,,0,
B8_c30_gate_s1_rho0,8,0.3,gate,True,0,,0,decode,0,0.0,0,1843.0,"[1345,1109,1334,1233]",0,0,0,0,0,,,0,,0,
B8_c30_gate_s1_rho0.125,8,0.3,gate,True,0.125,,230,full,524,230.0,230,1582.0,"[2157,1866,2008,2963]",524,327,276,84,248,193.0,409.0,445,0.8492366412213741,0,0.8492366412213741
B8_c30_gate_s1_rho0.125,8,0.3,gate,True,0.125,,230,decode,179,230.0,230,1613.0,"[1654,1363,1538,1387]",179,164,30,19,149,229.0,363.40000000000003,169,0.9441340782122905,0,0.9441340782122905
B8_c30_gate_s1_rho0.25,8,0.3,gate,True,0.25,,460,full,1108,459.724537037037,460,1360.914351851852,"[2627,2228,2342,3212]",1108,620,629,150,479,167.0,411.0,825,0.7445848375451264,4,0.7472826086956522
B8_c30_gate_s1_rho0.25,8,0.3,gate,True,0.25,,460,decode,312,460.0,460,1383.0,"[2006,1589,1740,1571]",312,290,47,34,265,224.0,362.80000000000007,296,0.9487179487179487,4,0.961038961038961
B8_c30_gate_s1_rho0.5,8,0.3,gate,True,0.5,,921,full,2940,918.6342592592592,921,912.5625,"[3862,3177,3254,4033]",2940,1413,1946,458,994,97.0,399.0999999999999,1743,0.5928571428571429,29,0.5987633115767778
B8_c30_gate_s1_rho0.5,8,0.3,gate,True,0.5,,921,decode,1006,921.0,921,922.0,"[2928,2241,2332,2184]",1006,732,396,161,610,159.0,305.0,753,0.7485089463220675,29,0.7707267144319345
B8_c30_gate_s1_rho0.75,8,0.3,gate,True,0.75,,1382,full,26781,1349.4814814814815,1382,484.6574074074074,"[9725,9398,10833,10514]",26781,2225,25402,1131,1379,1.0,48.0,2727,0.10182592136215975,259,0.10282030012819546
B8_c30_gate_s1_rho0.75,8,0.3,gate,True,0.75,,1382,decode,14439,1354.1979166666667,1379,488.8020833333333,"[6038,5616,7109,6658]",14439,1419,13397,662,1042,1.0,53.0,1513,0.10478564997576009,259,0.10669957686882933
B8_c30_coverage_s0_rho0,8,0.3,coverage,False,0,,0,full,0,0.0,0,1806.5509259259259,"[3630,2742,2781,3925]",0,0,0,0,0,,,0,,0,
B8_c30_coverage_s0_rho0,8,0.3,coverage,False,0,,0,decode,0,0.0,0,1843.0,"[3017,2165,2275,2196]",0,0,0,0,0,,,0,,0,
B8_c30_coverage_s0_rho0.125,8,0.3,coverage,False,0.125,,230,full,36329,119.20370370370371,230,1698.0347222222222,"[11831,11275,13115,13444]",36329,3952,34834,3536,1495,1.0,49.0,5339,0.1469624817638801,797,0.1502589215355173
B8_c30_coverage_s0_rho0.125,8,0.3,coverage,False,0.125,,230,decode,29348,105.35416666666667,230,1737.6458333333333,"[9312,8750,10732,10465]",29348,3615,27870,3209,1478,1.0,49.0,4633,0.15786424969333515,797,0.16227102378200414
B8_c30_coverage_s0_rho0.25,8,0.3,coverage,False,0.25,,460,full,39911,138.42361111111111,460,1686.1875,"[12760,12264,14058,14169]",39911,4097,38385,3646,1526,1.0,49.0,5504,0.13790684272506326,788,0.14068450783426628
B8_c30_coverage_s0_rho0.25,8,0.3,coverage,False,0.25,,460,decode,29523,112.5703125,306,1730.4296875,"[9432,8840,10730,10436]",29523,3712,28021,3274,1502,1.0,49.0,4680,0.15852047556142668,788,0.16286758308682792
B8_c30_coverage_s0_rho0.5,8,0.3,coverage,False,0.5,,921,full,41965,150.15277777777777,921,1683.6226851851852,"[13230,12797,14749,14546]",41965,4117,40432,3646,1533,1.0,49.0,5621,0.13394495412844037,772,0.13645522297477727
B8_c30_coverage_s0_rho0.5,8,0.3,coverage,False,0.5,,921,decode,29517,112.9140625,306,1730.0859375,"[9350,8815,10871,10413]",29517,3681,28017,3227,1500,1.0,49.0,4663,0.15797675915574075,772,0.16221951643764132
B8_c30_coverage_s0_rho0.75,8,0.3,coverage,False,0.75,,1382,full,43534,154.27083333333334,1343,1682.3287037037037,"[13624,13211,15173,14894]",43534,4097,42009,3630,1525,1.0,49.0,5672,0.13028896954104838,759,0.13260081823495032
B8_c30_coverage_s0_rho0.75,8,0.3,coverage,False,0.75,,1382,decode,29506,111.87760416666667,304,1731.1223958333333,"[9355,8825,10853,10416]",29506,3621,28019,3169,1487,1.0,49.0,4611,0.1562733003456924,759,0.160399346018715
B8_c30_coverage_s1_rho0,8,0.3,coverage,True,0,,0,full,0,0.0,0,1801.2453703703704,"[1658,1349,1468,2558]",0,0,0,0,0,,,0,,0,
B8_c30_coverage_s1_rho0,8,0.3,coverage,True,0,,0,decode,0,0.0,0,1843.0,"[1259,948,1094,1025]",0,0,0,0,0,,,0,,0,
B8_c30_coverage_s1_rho0.125,8,0.3,coverage,True,0.125,,230,full,30124,103.07407407407408,230,1710.099537037037,"[8836,8562,9847,10187]",30124,4111,28596,3679,1528,1.0,49.0,5453,0.18101845704421723,815,0.1860520659183186
B8_c30_coverage_s1_rho0.125,8,0.3,coverage,True,0.125,,230,decode,23396,87.8359375,190,1755.1640625,"[6591,6269,7672,7465]",23396,3764,21886,3342,1510,1.0,50.0,4709,0.20127372200376134,815,0.20853815154333288
B8_c30_coverage_s1_rho0.25,8,0.3,coverage,True,0.25,,460,full,32402,115.03472222222223,460,1706.3865740740741,"[9362,9228,10468,10661]",32402,4161,30875,3713,1527,1.0,49.0,5619,0.17341522128263687,801,0.1778108287712414
B8_c30_coverage_s1_rho0.25,8,0.3,coverage,True,0.25,,460,decode,23424,89.53385416666667,190,1753.4661458333333,"[6557,6333,7666,7478]",23424,3743,21924,3310,1500,1.0,50.0,4734,0.2021004098360656,801,0.20925606683463732
B8_c30_coverage_s1_rho0.5,8,0.3,coverage,True,0.5,,921,full,34395,125.96527777777777,921,1705.3310185185185,"[9933,9733,11057,10997]",34395,4213,32857,3782,1538,1.0,49.0,5808,0.16886175316179677,817,0.1729703972839359
B8_c30_coverage_s1_rho0.5,8,0.3,coverage,True,0.5,,921,decode,23472,89.59114583333333,191,1753.4088541666667,"[6600,6308,7728,7454]",23472,3744,21967,3329,1505,1.0,50.0,4784,0.2038173142467621,817,0.21116751269035533
B8_c30_coverage_s1_rho0.75,8,0.3,coverage,True,0.75,,1382,full,35760,129.4398148148148,1310,1704.6990740740741,"[10259,10010,11484,11345]",35760,4303,34198,3832,1562,1.0,49.0,5934,0.16593959731543625,797,0.1697222778365701
B8_c30_coverage_s1_rho0.75,8,0.3,coverage,True,0.75,,1382,decode,23418,89.09114583333333,190,1753.9088541666667,"[6572,6228,7760,7489]",23418,3776,21900,3324,1518,1.0,50.0,4772,0.20377487402852507,797,0.2109544228813934
B8_c40_lru_s0_rho0,8,0.4,lru,False,0,,0,full,0,0.0,0,2390.935185185185,"[3361,2853,2932,3756]",0,0,0,0,0,,,0,,0,
B8_c40_lru_s0_rho0,8,0.4,lru,False,0,,0,decode,0,0.0,0,2457.0,"[2902,2429,2579,2181]",0,0,0,0,0,,,0,,0,
B8_c40_lru_s0_rho0.125,8,0.4,lru,False,0.125,,307,full,3454,307.0,307,2103.016203703704,"[6678,4909,4779,5606]",3454,325,3078,320,376,39.0,86.0,453,0.13115228720324262,371,0.14693480376256893
B8_c40_lru_s0_rho0.125,8,0.4,lru,False,0.125,,307,decode,2515,307.0,307,2150.0,"[5952,4218,4175,3877]",2515,224,2139,219,376,42.0,47.0,240,0.09542743538767395,371,0.11194029850746269
B8_c40_lru_s0_rho0.25,8,0.4,lru,False,0.25,,614,full,8399,613.3819444444445,614,1810.5162037037037,"[8468,6411,6599,7340]",8399,431,7693,431,706,32.0,44.0,654,0.07786641266817479,706,0.08501234888860003
B8_c40_lru_s0_rho0.25,8,0.4,lru,False,0.25,,614,decode,6316,614.0,614,1843.0,"[7440,5394,5686,5404]",6316,282,5610,282,706,36.0,44.0,314,0.04971500949968334,706,0.055971479500891264
B8_c40_lru_s0_rho0.5,8,0.4,lru,False,0.5,,1228,full,26070,1223.326388888889,1228,1216.2152777777778,"[11958,10702,12242,12502]",26070,53,24813,53,1257,22.0,29.0,126,0.0048331415420023015,1257,0.005077983315197679
B8_c40_lru_s0_rho0.5,8,0.4,lru,False,0.5,,1228,decode,20020,1226.9869791666667,1228,1230.0130208333333,"[9849,8566,10257,9871]",20020,29,18763,29,1257,22.0,28.0,38,0.001898101898101898,1257,0.0020252624846772904
B8_c40_lru_s0_rho0.75,8,0.4,lru,False,0.75,,1842,full,41332,1459.9884259259259,1788,984.3564814814815,"[15254,14528,16579,16364]",41332,0,39952,0,1380,17.0,24.0,0,0.0,1380,0.0
B8_c40_lru_s0_rho0.75,8,0.4,lru,False,0.75,,1842,decode,27304,1431.2421875,1787,1025.7578125,"[11139,10295,12412,12040]",27304,0,25924,0,1380,19.0,25.0,0,0.0,1380,0.0
B8_c40_lru_s1_rho0,8,0.4,lru,True,0,,0,full,0,0.0,0,2382.6180555555557,"[956,1160,1142,2174]",0,0,0,0,0,,,0,,0,
B8_c40_lru_s1_rho0,8,0.4,lru,True,0,,0,decode,0,0.0,0,2457.0,"[711,912,921,795]",0,0,0,0,0,,,0,,0,
B8_c40_lru_s1_rho0.125,8,0.4,lru,True,0.125,,307,full,1433,307.0,307,2096.840277777778,"[1943,1960,1950,2807]",1433,457,1061,367,372,40.0,333.0,616,0.42986741102581993,282,0.5351867940920938
B8_c40_lru_s1_rho0.125,8,0.4,lru,True,0.125,,307,decode,624,307.0,307,2150.0,"[1460,1489,1507,1302]",624,296,271,225,353,47.0,315.0,302,0.483974358974359,282,0.8830409356725146
B8_c40_lru_s1_rho0.25,8,0.4,lru,True,0.25,,614,full,4471,613.324074074074,614,1805.7476851851852,"[3564,3277,3296,4035]",4471,976,3803,968,668,39.0,191.0,1278,0.28584209349138895,660,0.33534505379165575
B8_c40_lru_s1_rho0.25,8,0.4,lru,True,0.25,,614,decode,2599,614.0,614,1843.0,"[2787,2491,2570,2359]",2599,737,1931,729,668,44.0,191.0,802,0.3085802231627549,660,0.4136152656008252
B8_c40_lru_s1_rho0.5,8,0.4,lru,True,0.5,,1228,full,19814,1221.5,1228,1213.8912037037037,"[8960,8033,9084,9332]",19814,414,18565,414,1249,29.0,39.0,710,0.03583324921772484,1249,0.03824400754107191
B8_c40_lru_s1_rho0.5,8,0.4,lru,True,0.5,,1228,decode,14695,1226.421875,1228,1230.578125,"[7309,6316,7483,7089]",14695,287,13446,287,1249,30.0,39.0,390,0.026539639333106498,1249,0.02900490852298081
B8_c40_lru_s1_rho0.75,8,0.4,lru,True,0.75,,1842,full,33894,1486.0578703703704,1821,954.2407407407408,"[12114,11609,13192,12940]",33894,1,32453,1,1441,22.0,31.0,1,2.9503746975865936e-05,1441,3.0813792253412625e-05
B8_c40_lru_s1_rho0.75,8,0.4,lru,True,0.75,,1842,decode,21552,1462.6354166666667,1806,994.3645833333334,"[8581,7980,9621,9238]",21552,1,20111,1,1441,25.0,32.0,1,4.639940608760208e-05,1441,4.972403162448411e-05
B8_c40_gate_s0_rho0,8,0.4,gate,False,0,,0,full,0,0.0,0,2390.935185185185,"[1972,1799,1953,3093]",0,0,0,0,0,,,0,,0,
B8_c40_gate_s0_rho0,8,0.4,gate,False,0,,0,decode,0,0.0,0,2457.0,"[1513,1375,1600,1518]",0,0,0,0,0,,,0,,0,
B8_c40_gate_s0_rho0.125,8,0.4,gate,False,0.125,,307,full,640,307.0,307,2101.511574074074,"[2544,2262,2357,3438]",640,390,306,65,334,220.0,419.1,529,0.8265625,4,0.8317610062893082
B8_c40_gate_s0_rho0.125,8,0.4,gate,False,0.125,,307,decode,186,307.0,307,2150.0,"[1957,1705,1878,1796]",186,173,22,14,164,240.0,336.0,176,0.946236559139785,4,0.967032967032967
B8_c40_gate_s0_rho0.25,8,0.4,gate,False,0.25,,614,full,1417,613.3819444444445,614,1808.8773148148148,"[3190,2765,2787,3822]",1417,823,757,179,660,192.0,408.4000000000001,1108,0.7819336626676077,10,0.7874911158493249
B8_c40_gate_s0_rho0.25,8,0.4,gate,False,0.25,,614,decode,440,614.0,614,1843.0,"[2454,2064,2156,2102]",440,408,71,51,369,220.0,338.20000000000005,413,0.9386363636363636,10,0.9604651162790697
B8_c40_gate_s0_rho0.5,8,0.4,gate,False,0.5,,1228,full,3529,1224.2407407407406,1228,1215.1550925925926,"[4779,3960,3898,4850]",3529,1758,2231,517,1298,122.0,403.0,2257,0.6395579484273165,39,0.6467048710601719
B8_c40_gate_s0_rho0.5,8,0.4,gate,False,0.5,,1228,decode,1130,1228.0,1228,1229.0,"[3669,2861,2888,2859]",1130,921,332,179,798,193.0,319.0,952,0.8424778761061947,39,0.8725939505041247
B8_c40_gate_s0_rho0.75,8,0.4,gate,False,0.75,,1842,full,31510,1798.9722222222222,1836,645.3726851851852,"[11663,11245,13071,12739]",31510,2825,29700,1358,1810,1.0,71.0,3601,0.11428118057759441,285,0.11532425940752603
B8_c40_gate_s0_rho0.75,8,0.4,gate,False,0.75,,1842,decode,17482,1806.0234375,1836,650.9765625,"[7548,7012,8904,8415]",17482,1822,16120,803,1362,1.0,76.0,2000,0.11440338634023567,285,0.11629935453858231
B8_c40_gate_s1_rho0,8,0.4,gate,True,0,,0,full,0,0.0,0,2382.6180555555557,"[1086,996,1115,2271]",0,0,0,0,0,,,0,,0,
B8_c40_gate_s1_rho0,8,0.4,gate,True,0,,0,decode,0,0.0,0,2457.0,"[841,748,894,892]",0,0,0,0,0,,,0,,0,
B8_c40_gate_s1_rho0.125,8,0.4,gate,True,0.125,,307,full,616,307.0,307,2095.0833333333335,"[1484,1344,1462,2504]",616,370,279,55,337,235.5,432.0,506,0.8214285714285714,3,0.8254486133768353
B8_c40_gate_s1_rho0.125,8,0.4,gate,True,0.125,,307,decode,168,307.0,307,2150.0,"[1111,965,1116,1061]",168,146,27,11,141,234.0,360.1000000000001,150,0.8928571428571429,3,0.9090909090909091
B8_c40_gate_s1_rho0.25,8,0.4,gate,True,0.25,,614,full,1341,613.324074074074,614,1803.900462962963,"[2005,1781,1887,2810]",1341,780,678,139,663,196.0,417.0,1069,0.7971662938105891,7,0.8013493253373314
B8_c40_gate_s1_rho0.25,8,0.4,gate,True,0.25,,614,decode,391,614.0,614,1843.0,"[1486,1267,1396,1291]",391,355,53,28,338,235.0,360.0,361,0.9232736572890026,7,0.9401041666666666
B8_c40_gate_s1_rho0.5,8,0.4,gate,True,0.5,,1228,full,3337,1222.9467592592594,1228,1212.2337962962963,"[3304,2815,2900,3645]",3337,1710,2037,453,1300,136.0,406.0,2182,0.6538807311956848,22,0.6582202111613876
B8_c40_gate_s1_rho0.5,8,0.4,gate,True,0.5,,1228,decode,1009,1228.0,1228,1229.0,"[2417,1931,2028,1867]",1009,825,279,137,730,193.0,329.0,860,0.8523290386521308,22,0.8713272543059777
B8_c40_gate_s1_rho0.75,8,0.4,gate,True,0.75,,1842,full,24940,1799.4189814814815,1842,640.8796296296297,"[8877,8595,9987,9640]",24940,2776,23114,1287,1826,1.0,109.0,3563,0.14286287089013633,275,0.14445570646665315
B8_c40_gate_s1_rho0.75,8,0.4,gate,True,0.75,,1842,decode,12601,1809.5833333333333,1839,647.4166666666666,"[5344,4967,6417,5939]",12601,1685,11270,691,1331,1.0,134.0,1850,0.1468137449408777,275,0.15008924225214992
B8_c40_coverage_s0_rho0,8,0.4,coverage,False,0,,0,full,0,0.0,0,2390.935185185185,"[2937,2261,2227,3469]",0,0,0,0,0,,,0,,0,
B8_c40_coverage_s0_rho0,8,0.4,coverage,False,0,,0,decode,0,0.0,0,2457.0,"[2478,1837,1874,1894]",0,0,0,0,0,,,0,,0,
B8_c40_coverage_s0_rho0.125,8,0.4,coverage,False,0.125,,307,full,36791,147.4976851851852,307,2262.824074074074,"[11232,10920,12661,12993]",36791,4322,34883,3727,1908,1.0,49.0,5838,0.1586801119839091,887,0.16260026737967914
B8_c40_coverage_s0_rho0.125,8,0.4,coverage,False,0.125,,307,decode,29966,128.51822916666666,307,2328.4817708333335,"[9001,8616,10456,10097]",29966,3989,28112,3414,1854,1.0,49.0,5164,0.17232863912434093,887,0.1775851989408164
B8_c40_coverage_s0_rho0.25,8,0.4,coverage,False,0.25,,614,full,39806,163.65277777777777,614,2259.875,"[11975,11693,13463,13614]",39806,4506,37842,3895,1964,1.0,49.0,6198,0.1557051700748631,901,0.15931114252666753
B8_c40_coverage_s0_rho0.25,8,0.4,coverage,False,0.25,,614,decode,30270,130.28645833333334,322,2326.7135416666665,"[9027,8655,10514,10202]",30270,4048,28409,3473,1861,1.0,49.0,5229,0.17274529236868186,901,0.1780448772515237
B8_c40_coverage_s0_rho0.5,8,0.4,coverage,False,0.5,,1228,full,42335,182.66435185185185,1228,2256.863425925926,"[12677,12368,14191,14037]",42335,4651,40333,4040,2002,1.0,49.0,6518,0.15396244242352664,913,0.15735599439911158
B8_c40_coverage_s0_rho0.5,8,0.4,coverage,False,0.5,,1228,decode,30269,130.6796875,319,2326.3203125,"[9063,8638,10557,10138]",30269,4093,28393,3523,1876,1.0,49.0,5304,0.1752287819220985,913,0.18067856656220194
B8_c40_coverage_s0_rho0.75,8,0.4,coverage,False,0.75,,1842,full,44285,188.66203703703704,1796,2255.6828703703704,"[13195,12857,14764,14444]",44285,4764,42246,4135,2039,1.0,49.0,6748,0.15237665123631025,883,0.15547670614257408
B8_c40_coverage_s0_rho0.75,8,0.4,coverage,False,0.75,,1842,decode,30257,128.78645833333334,315,2328.2135416666665,"[9080,8624,10597,10120]",30257,4071,28406,3499,1851,1.0,49.0,5254,0.1736457679214727,883,0.17886566351194935
B8_c40_coverage_s1_rho0,8,0.4,coverage,True,0,,0,full,0,0.0,0,2382.6180555555557,"[994,876,927,2111]",0,0,0,0,0,,,0,,0,
B8_c40_coverage_s1_rho0,8,0.4,coverage,True,0,,0,decode,0,0.0,0,2457.0,"[749,628,706,732]",0,0,0,0,0,,,0,,0,
B8_c40_coverage_s1_rho0.125,8,0.4,coverage,True,0.125,,307,full,29803,119.40046296296296,307,2285.1921296296296,"[8058,8007,9126,9626]",29803,4537,27874,3982,1929,1.0,51.0,6147,0.20625440391906855,931,0.21290523690773067
B8_c40_coverage_s1_rho0.125,8,0.4,coverage,True,0.125,,307,decode,24093,99.734375,199,2357.265625,"[6281,6160,7353,7220]",24093,4186,22209,3645,1884,1.0,51.0,5419,0.22492010127422904,931,0.23396079785856144
B8_c40_coverage_s1_rho0.25,8,0.4,coverage,True,0.25,,614,full,32285,134.6226851851852,614,2284.449074074074,"[8726,8612,9805,10113]",32285,4663,30316,4123,1969,1.0,52.0,6454,0.19990707759021217,966,0.2060729908362336
B8_c40_coverage_s1_rho0.25,8,0.4,coverage,True,0.25,,614,decode,24167,100.359375,200,2356.640625,"[6295,6106,7391,7253]",24167,4172,22273,3655,1894,1.0,52.0,5421,0.22431414739107047,966,0.23365372182233524
B8_c40_coverage_s1_rho0.5,8,0.4,coverage,True,0.5,,1228,full,34569,151.8773148148148,1228,2283.511574074074,"[9269,9247,10538,10446]",34569,4831,32535,4239,2034,1.0,54.0,6784,0.19624519077786456,934,0.2016946632971607
B8_c40_coverage_s1_rho0.5,8,0.4,coverage,True,0.5,,1228,decode,24154,100.59635416666667,197,2356.4036458333335,"[6233,6114,7489,7156]",24154,4236,22239,3684,1915,1.0,52.0,5486,0.2271259418729817,934,0.23626184323858743
B8_c40_coverage_s1_rho0.75,8,0.4,coverage,True,0.75,,1842,full,36566,157.90046296296296,1791,2282.3981481481483,"[9775,9763,11106,10868]",36566,4929,34487,4307,2079,1.0,58.0,7046,0.19269266531750806,922,0.1976770283918752
B8_c40_coverage_s1_rho0.75,8,0.4,coverage,True,0.75,,1842,decode,24224,100.171875,195,2356.828125,"[6242,6134,7535,7166]",24224,4174,22326,3617,1898,1.0,52.0,5413,0.22345607661822986,922,0.23229765685348897
B8_c50_lru_s0_rho0,8,0.5,lru,False,0,,0,full,0,0.0,0,2967.462962962963,"[1281,1549,1437,2506]",0,0,0,0,0,,,0,,0,
B8_c50_lru_s0_rho0,8,0.5,lru,False,0,,0,decode,0,0.0,0,3072.0,"[975,1279,1238,1085]",0,0,0,0,0,,,0,,0,
B8_c50_lru_s0_rho0.125,8,0.5,lru,False,0.125,,384,full,1950,383.91435185185185,384,2613.4583333333335,"[2853,2847,2679,3550]",1950,616,1512,582,438,40.0,284.0,809,0.4148717948717949,403,0.5229476405946994
B8_c50_lru_s0_rho0.125,8,0.5,lru,False,0.125,,384,decode,944,384.0,384,2688.0,"[2287,2268,2206,1966]",944,392,511,363,433,45.0,239.0,404,0.4279661016949153,403,0.7467652495378928
B8_c50_lru_s0_rho0.25,8,0.5,lru,False,0.25,,768,full,6853,766.8703703703703,768,2252.324074074074,"[6039,5086,5038,5796]",6853,1034,5966,1034,887,40.0,139.0,1426,0.20808405078067999,887,0.23902111967817632
B8_c50_lru_s0_rho0.25,8,0.5,lru,False,0.25,,768,decode,4622,768.0,768,2304.0,"[5121,4160,4248,4003]",4622,765,3735,765,887,42.0,138.0,812,0.17568152315015145,887,0.2174029451137885
B8_c50_lru_s0_rho0.5,8,0.5,lru,False,0.5,,1536,full,25881,1525.451388888889,1536,1518.2175925925926,"[11703,10490,11834,12219]",25881,245,24317,245,1564,27.0,37.0,614,0.023723967389204435,1564,0.02524982522515113
B8_c50_lru_s0_rho0.5,8,0.5,lru,False,0.5,,1536,decode,19776,1531.3802083333333,1536,1540.6197916666667,"[9731,8491,9975,9748]",19776,124,18212,124,1564,28.0,35.0,146,0.007382686084142395,1564,0.008016692290797276
B8_c50_lru_s0_rho0.75,8,0.5,lru,False,0.75,,2304,full,41329,1826.611111111111,2233,1224.423611111111,"[15087,14362,16425,16210]",41329,16,39596,16,1733,22.0,30.0,65,0.0015727455297732827,1733,0.0016415799575714718
B8_c50_lru_s0_rho0.75,8,0.5,lru,False,0.75,,2304,decode,27301,1794.890625,2231,1277.109375,"[11125,10283,12412,12040]",27301,9,25568,9,1733,23.0,31.0,18,0.0006593165085528003,1733,0.0007040050062578222
B8_c50_lru_s1_rho0,8,0.5,lru,True,0,,0,full,0,0.0,0,2954.564814814815,"[573,713,628,1758]",0,0,0,0,0,,,0,,0,
B8_c50_lru_s1_rho0,8,0.5,lru,True,0,,0,decode,0,0.0,0,3072.0,"[481,619,561,533]",0,0,0,0,0,,,0,,0,
B8_c50_lru_s1_rho0.125,8,0.5,lru,True,0.125,,384,full,1139,383.900462962963,384,2604.7314814814813,"[997,1256,1108,2145]",1139,505,700,92,439,123.0,400.0,682,0.5987708516242318,26,0.6127583108715184
B8_c50_lru_s1_rho0.125,8,0.5,lru,True,0.125,,384,decode,318,384.0,384,2688.0,"[678,923,813,793]",318,283,48,39,270,263.5,363.0,292,0.9182389937106918,26,1.0
B8_c50_lru_s1_rho0.25,8,0.5,lru,True,0.25,,768,full,3090,766.6111111111111,768,2246.002314814815,"[1849,2070,1894,2726]",3090,1098,2175,526,915,47.0,353.0,1537,0.49741100323624593,340,0.5589090909090909
B8_c50_lru_s1_rho0.25,8,0.5,lru,True,0.25,,768,decode,1157,768.0,768,2304.0,"[1217,1419,1293,1199]",1157,744,390,320,767,148.0,335.0,790,0.682800345721694,340,0.966952264381885
B8_c50_lru_s1_rho0.5,8,0.5,lru,True,0.5,,1536,full,19344,1526.8449074074074,1536,1510.9189814814815,"[8417,7562,8729,8940]",19344,996,17797,996,1547,36.0,47.0,1620,0.0837468982630273,1547,0.091026577513064
B8_c50_lru_s1_rho0.5,8,0.5,lru,True,0.5,,1536,decode,14119,1535.4244791666667,1536,1536.5755208333333,"[6916,6003,7224,6802]",14119,736,12572,736,1547,38.0,46.0,894,0.0633189319356895,1547,0.07111040407254215
B8_c50_lru_s1_rho0.75,8,0.5,lru,True,0.75,,2304,full,33678,1860.6087962962963,2271,1184.3958333333333,"[11793,11212,12889,12755]",33678,431,31893,431,1785,28.0,38.0,916,0.027198764772254885,1785,0.02872103596400464
B8_c50_lru_s1_rho0.75,8,0.5,lru,True,0.75,,2304,decode,21336,1836.5390625,2263,1235.4609375,"[8413,7737,9472,9207]",21336,314,19551,314,1785,31.0,39.0,452,0.02118485189351331,1785,0.023119022044908188
B8_c50_gate_s0_rho0,8,0.5,gate,False,0,,0,full,0,0.0,0,2967.462962962963,"[1286,1246,1333,2561]",0,0,0,0,0,,,0,,0,
B8_c50_gate_s0_rho0,8,0.5,gate,False,0,,0,decode,0,0.0,0,3072.0,"[980,976,1134,1140]",0,0,0,0,0,,,0,,0,
B8_c50_gate_s0_rho0.125,8,0.5,gate,False,0.125,,384,full,723,383.91435185185185,384,2611.0,"[1811,1718,1767,2909]",723,458,308,67,415,239.0,432.0,609,0.8423236514522822,3,0.8458333333333333
B8_c50_gate_s0_rho0.125,8,0.5,gate,False,0.125,,384,decode,191,384.0,384,2688.0,"[1358,1297,1416,1406]",191,179,19,11,172,232.0,336.0,181,0.9476439790575916,3,0.9627659574468085
B8_c50_gate_s0_rho0.25,8,0.5,gate,False,0.25,,768,full,1561,766.8703703703703,768,2249.5439814814813,"[2452,2270,2303,3318]",1561,930,736,141,825,224.0,430.0,1281,0.820627802690583,11,0.8264516129032258
B8_c50_gate_s0_rho0.25,8,0.5,gate,False,0.25,,768,decode,437,768.0,768,2304.0,"[1831,1672,1791,1729]",437,412,43,31,394,238.0,347.0,415,0.9496567505720824,11,0.9741784037558685
B8_c50_gate_s0_rho0.5,8,0.5,gate,False,0.5,,1536,full,3982,1529.6435185185185,1536,1513.7476851851852,"[4182,3594,3583,4455]",3982,2056,2360,488,1622,145.0,406.0,2692,0.6760421898543445,27,0.6806573957016435
B8_c50_gate_s0_rho0.5,8,0.5,gate,False,0.5,,1536,decode,1196,1536.0,1536,1536.0,"[3119,2559,2618,2536]",1196,1016,294,164,902,197.5,327.0,1053,0.8804347826086957,27,0.9007698887938409
B8_c50_gate_s0_rho0.75,8,0.5,gate,False,0.75,,2304,full,29656,2245.5555555555557,2298,805.4791666666666,"[10803,10403,12186,11853]",29656,3363,27391,1502,2265,1.0,140.0,4405,0.14853655246830322,322,0.15016704165814412
B8_c50_gate_s0_rho0.75,8,0.5,gate,False,0.75,,2304,decode,15628,2258.0677083333335,2298,813.9322916666666,"[6841,6324,8173,7683]",15628,2113,13979,868,1649,1.0,139.3000000000011,2326,0.14883542359866905,322,0.15196654906572585
B8_c50_gate_s1_rho0,8,0.5,gate,True,0,,0,full,0,0.0,0,2954.564814814815,"[531,584,664,1869]",0,0,0,0,0,,,0,,0,
B8_c50_gate_s1_rho0,8,0.5,gate,True,0,,0,decode,0,0.0,0,3072.0,"[439,490,597,644]",0,0,0,0,0,,,0,,0,
B8_c50_gate_s1_rho0.125,8,0.5,gate,True,0.125,,384,full,666,383.900462962963,384,2601.8564814814813,"[960,928,1017,2088]",666,432,250,53,416,308.0,432.0,563,0.8453453453453453,8,0.8556231003039514
B8_c50_gate_s1_rho0.125,8,0.5,gate,True,0.125,,384,decode,140,384.0,384,2688.0,"[716,682,802,789]",140,127,12,8,128,232.0,332.0,129,0.9214285714285714,8,0.9772727272727273
B8_c50_gate_s1_rho0.25,8,0.5,gate,True,0.25,,768,full,1459,766.6111111111111,768,2242.8194444444443,"[1452,1386,1451,2413]",1459,898,632,120,827,236.0,431.0,1247,0.8546949965729952,7,0.8588154269972452
B8_c50_gate_s1_rho0.25,8,0.5,gate,True,0.25,,768,decode,396,768.0,768,2304.0,"[1066,980,1073,1042]",396,369,30,14,366,235.0,367.5,374,0.9444444444444444,7,0.961439588688946
B8_c50_gate_s1_rho0.5,8,0.5,gate,True,0.5,,1536,full,3788,1527.4814814814815,1536,1509.888888888889,"[2788,2508,2597,3377]",3788,1982,2162,410,1626,152.0,409.0,2594,0.6847940865892291,24,0.6891604675876727
B8_c50_gate_s1_rho0.5,8,0.5,gate,True,0.5,,1536,decode,1091,1535.9869791666667,1536,1536.0130208333333,"[1979,1660,1766,1690]",1091,901,257,116,834,202.0,331.0,938,0.8597616865261228,24,0.8791002811621368
B8_c50_gate_s1_rho0.75,8,0.5,gate,True,0.75,,2304,full,23335,2242.6805555555557,2304,802.324074074074,"[8095,7843,9165,8868]",23335,3254,21051,1361,2284,1.0,175.0,4323,0.18525819584315406,309,0.18774428906453575
B8_c50_gate_s1_rho0.75,8,0.5,gate,True,0.75,,2304,decode,10993,2259.4713541666665,2303,812.5286458333334,"[4715,4368,5748,5320]",10993,1914,9412,724,1581,1.0,182.0,2129,0.1936686982625307,309,0.1992699363534257
B8_c50_coverage_s0_rho0,8,0.5,coverage,False,0,,0,full,0,0.0,0,2967.462962962963,"[2521,1877,1720,3017]",0,0,0,0,0,,,0,,0,
B8_c50_coverage_s0_rho0,8,0.5,coverage,False,0,,0,decode,0,0.0,0,3072.0,"[2215,1607,1521,1596]",0,0,0,0,0,,,0,,0,
B8_c50_coverage_s0_rho0.125,8,0.5,coverage,False,0.125,,384,full,35921,175.29166666666666,384,2822.6805555555557,"[10673,10403,11890,12281]",35921,4602,33756,3924,2165,1.0,49.0,6147,0.17112552545864537,1002,0.17603596895672843
B8_c50_coverage_s0_rho0.125,8,0.5,coverage,False,0.125,,384,decode,30487,152.49739583333334,348,2919.5026041666665,"[8990,8607,10193,9827]",30487,4291,28395,3642,2092,1.0,49.0,5567,0.1826024207039066,1002,0.18880786840766492
B8_c50_coverage_s0_rho0.25,8,0.5,coverage,False,0.25,,768,full,39205,202.1712962962963,768,2816.650462962963,"[11509,11050,12808,13098]",39205,4788,36958,4078,2247,1.0,49.0,6555,0.16719806147175106,973,0.17145323289391087
B8_c50_coverage_s0_rho0.25,8,0.5,coverage,False,0.25,,768,decode,30565,157.55208333333334,343,2914.4479166666665,"[8937,8389,10266,10037]",30565,4283,28484,3621,2081,1.0,49.0,5546,0.18144937019466711,973,0.18741551770748852
B8_c50_coverage_s0_rho0.5,8,0.5,coverage,False,0.5,,1536,full,42240,233.52777777777777,1536,2810.1388888888887,"[12346,11882,13620,13620]",42240,4992,39832,4250,2408,1.0,49.0,7049,0.16687973484848484,965,0.17078134463961236
B8_c50_coverage_s0_rho0.5,8,0.5,coverage,False,0.5,,1536,decode,30617,161.54166666666666,352,2910.4583333333335,"[9004,8422,10259,9964]",30617,4315,28503,3642,2114,1.0,49.0,5616,0.18342750759382043,965,0.18939700526102793
B8_c50_coverage_s0_rho0.75,8,0.5,coverage,False,0.75,,2304,full,44683,245.69444444444446,2205,2805.340277777778,"[13046,12458,14372,14044]",44683,5189,42140,4477,2543,1.0,50.0,7495,0.1677371707360741,997,0.17156526118207205
B8_c50_coverage_s0_rho0.75,8,0.5,coverage,False,0.75,,2304,decode,30655,162.8984375,352,2909.1015625,"[9084,8379,10359,9874]",30655,4324,28534,3695,2121,1.0,49.0,5626,0.1835263415429783,997,0.18969586620810575
B8_c50_coverage_s1_rho0,8,0.5,coverage,True,0,,0,full,0,0.0,0,2954.564814814815,"[608,523,459,1665]",0,0,0,0,0,,,0,,0,
B8_c50_coverage_s1_rho0,8,0.5,coverage,True,0,,0,decode,0,0.0,0,3072.0,"[516,429,392,440]",0,0,0,0,0,,,0,,0,
B8_c50_coverage_s1_rho0.125,8,0.5,coverage,True,0.125,,384,full,28631,139.10185185185185,384,2850.613425925926,"[7343,7438,8363,8847]",28631,4633,26480,3966,2151,1.0,67.0,6245,0.21812021934267053,961,0.22569569931333575
B8_c50_coverage_s1_rho0.125,8,0.5,coverage,True,0.125,,384,decode,24447,113.49739583333333,212,2958.5026041666665,"[6141,6134,7157,6897]",24447,4335,22346,3678,2101,1.0,65.0,5666,0.231766678938111,961,0.2412501064463936
B8_c50_coverage_s1_rho0.25,8,0.5,coverage,True,0.25,,768,full,31785,163.38425925925927,768,2849.546296296296,"[8247,8077,9181,9577]",31785,4848,29497,4168,2288,1.0,77.0,6687,0.2103822557810288,1012,0.21730088064212133
B8_c50_coverage_s1_rho0.25,8,0.5,coverage,True,0.25,,768,decode,24585,116.703125,214,2955.296875,"[6209,5958,7164,7073]",24585,4337,22453,3690,2132,1.0,66.0,5648,0.2297335773845841,1012,0.23959614813557883
B8_c50_coverage_s1_rho0.5,8,0.5,coverage,True,0.5,,1536,full,34703,188.8564814814815,1536,2848.9074074074074,"[9015,8876,10016,10087]",34703,5023,32268,4299,2435,1.0,92.0,7194,0.20730196236636603,983,0.21334519572953736
B8_c50_coverage_s1_rho0.5,8,0.5,coverage,True,0.5,,1536,decode,24639,116.0546875,218,2955.9453125,"[6237,5994,7204,7017]",24639,4351,22502,3690,2137,1.0,70.0,5672,0.23020414789561264,983,0.23977003719986473
B8_c50_coverage_s1_rho0.75,8,0.5,coverage,True,0.75,,2304,full,36970,201.07638888888889,2196,2843.928240740741,"[9543,9463,10706,10507]",36970,5294,34386,4531,2584,1.0,97.0,7736,0.20925074384636191,1006,0.21510399288177065
B8_c50_coverage_s1_rho0.75,8,0.5,coverage,True,0.75,,2304,decode,24628,119.48697916666667,216,2952.5130208333335,"[6163,5988,7289,6959]",24628,4380,22452,3707,2176,1.0,76.0,5743,0.23318986519408802,1006,0.24312081957497247
B8_c60_lru_s0_rho0,8,0.6,lru,False,0,,0,full,0,0.0,0,3534.3680555555557,"[731,963,790,1996]",0,0,0,0,0,,,0,,0,
B8_c60_lru_s0_rho0,8,0.6,lru,False,0,,0,decode,0,0.0,0,3686.0,"[579,847,744,728]",0,0,0,0,0,,,0,,0,
B8_c60_lru_s0_rho0.125,8,0.6,lru,False,0.125,,460,full,1398,459.7384259259259,460,3117.5856481481483,"[1363,1737,1471,2520]",1398,615,874,150,524,112.0,395.0,829,0.5929899856938483,58,0.6186567164179104
B8_c60_lru_s0_rho0.125,8,0.6,lru,False,0.125,,460,decode,417,460.0,460,3226.0,"[947,1341,1150,1090]",417,350,66,58,351,239.0,333.80000000000007,356,0.8537170263788969,58,0.9916434540389972
B8_c60_lru_s0_rho0.25,8,0.6,lru,False,0.25,,921,full,4492,919.1620370370371,921,2689.4328703703704,"[3108,3271,3108,3904]",4492,1384,3440,1294,1052,40.0,287.0,1849,0.4116206589492431,960,0.5234994337485843
B8_c60_lru_s0_rho0.25,8,0.6,lru,False,0.25,,921,decode,2294,921.0,921,2765.0,"[2357,2523,2457,2274]",2294,1008,1251,927,1043,46.0,287.0,1052,0.45858761987794244,960,0.7886056971514243
B8_c60_lru_s0_rho0.5,8,0.6,lru,False,0.5,,1843,full,25095,1831.7291666666667,1843,1812.3773148148148,"[11086,10011,11447,11683]",25095,1177,23231,1177,1864,32.0,43.0,1869,0.07447698744769875,1864,0.08045284318367699
B8_c60_lru_s0_rho0.5,8,0.6,lru,False,0.5,,1843,decode,19163,1841.4427083333333,1843,1844.5572916666667,"[9356,8229,9778,9350]",19163,971,17299,971,1864,33.0,42.0,1214,0.0633512498043104,1864,0.07017746690560148
B8_c60_lru_s0_rho0.75,8,0.6,lru,False,0.75,,2764,full,41150,2193.733796296296,2681,1460.6157407407406,"[14756,13952,16139,16057]",41150,404,39070,404,2080,26.0,36.0,933,0.02267314702308627,2080,0.023880214998720246
B8_c60_lru_s0_rho0.75,8,0.6,lru,False,0.75,,2764,decode,27122,2161.1432291666665,2676,1524.8567708333333,"[10948,10027,12279,12040]",27122,310,25042,310,2080,28.0,36.0,449,0.016554826340240397,2080,0.01792987780528712
B8_c60_lru_s1_rho0,8,0.6,lru,True,0,,0,full,0,0.0,0,3502.011574074074,"[247,307,257,1423]",0,0,0,0,0,,,0,,0,
B8_c60_lru_s1_rho0,8,0.6,lru,True,0,,0,decode,0,0.0,0,3673.484375,"[247,307,257,351]",0,0,0,0,0,,,0,,0,
B8_c60_lru_s1_rho0.125,8,0.6,lru,True,0.125,,460,full,1160,459.724537037037,460,3105.1944444444443,"[669,869,698,1728]",1160,514,651,19,509,119.0,395.0,663,0.571551724137931,8,0.5755208333333334
B8_c60_lru_s1_rho0.125,8,0.6,lru,True,0.125,,460,decode,182,460.0,460,3226.0,"[469,628,509,516]",182,167,1,0,181,119.0,234.9,174,0.9560439560439561,8,1.0
B8_c60_lru_s1_rho0.25,8,0.6,lru,True,0.25,,921,full,2665,918.6342592592592,921,2681.1643518518517,"[1203,1473,1259,2260]",2665,1161,1629,219,1036,117.0,400.0,1573,0.5902439024390244,83,0.6092176607281178
B8_c60_lru_s1_rho0.25,8,0.6,lru,True,0.25,,921,decode,700,921.0,921,2765.0,"[730,973,801,862]",700,592,95,81,605,236.0,330.0,617,0.8814285714285715,83,1.0
B8_c60_lru_s1_rho0.5,8,0.6,lru,True,0.5,,1843,full,14547,1829.9930555555557,1843,1806.4421296296296,"[5507,5016,6174,6413]",14547,2711,12674,2711,1873,41.0,143.0,4194,0.28830686739533923,1873,0.3309136815527852
B8_c60_lru_s1_rho0.5,8,0.6,lru,True,0.5,,1843,decode,9101,1842.8098958333333,1843,1843.1901041666667,"[4088,3556,4762,4394]",9101,2300,7228,2300,1873,44.0,144.0,2718,0.29864850016481703,1873,0.37603763143331487
B8_c60_lru_s1_rho0.75,8,0.6,lru,True,0.75,,2764,full,33202,2241.9814814814813,2718,1404.6226851851852,"[11401,10438,12556,12249]",33202,1208,31053,1208,2149,34.0,45.0,2245,0.06761640865008132,2149,0.07229575242327634
B8_c60_lru_s1_rho0.75,8,0.6,lru,True,0.75,,2764,decode,20860,2220.0859375,2718,1465.9140625,"[8175,7117,9292,8854]",20860,947,18711,947,2149,37.0,45.0,1214,0.058197507190795784,2149,0.06488162043717599
B8_c60_gate_s0_rho0,8,0.6,gate,False,0,,0,full,0,0.0,0,3534.3680555555557,"[692,775,787,2113]",0,0,0,0,0,,,0,,0,
B8_c60_gate_s0_rho0,8,0.6,gate,False,0,,0,decode,0,0.0,0,3686.0,"[540,659,741,845]",0,0,0,0,0,,,0,,0,
B8_c60_gate_s0_rho0.125,8,0.6,gate,False,0.125,,460,full,771,459.7384259259259,460,3113.9375,"[1204,1241,1267,2408]",771,497,285,51,486,303.0,432.0,676,0.8767833981841764,6,0.8836601307189542
B8_c60_gate_s0_rho0.125,8,0.6,gate,False,0.125,,460,decode,171,460.0,460,3226.0,"[890,946,1043,1059]",171,159,7,3,164,239.0,335.0,161,0.9415204678362573,6,0.9757575757575757
B8_c60_gate_s0_rho0.25,8,0.6,gate,False,0.25,,921,full,1670,919.1620370370371,921,2685.5324074074074,"[1876,1778,1795,2839]",1670,1025,688,112,982,250.0,431.0,1425,0.8532934131736527,6,0.8563701923076923
B8_c60_gate_s0_rho0.25,8,0.6,gate,False,0.25,,921,decode,418,921.0,921,2765.0,"[1371,1297,1397,1389]",418,395,24,11,394,237.0,351.6,403,0.9641148325358851,6,0.9781553398058253
B8_c60_gate_s0_rho0.5,8,0.6,gate,False,0.5,,1843,full,4404,1833.298611111111,1843,1810.3402777777778,"[3618,3291,3264,4111]",4404,2328,2455,458,1949,167.0,410.0,3089,0.7014078110808356,42,0.7081613938560294
B8_c60_gate_s0_rho0.5,8,0.6,gate,False,0.5,,1843,decode,1282,1843.0,1843,1843.0,"[2637,2297,2349,2297]",1282,1081,274,137,1008,206.5,331.0,1117,0.8712948517940717,42,0.9008064516129032
B8_c60_gate_s0_rho0.75,8,0.6,gate,False,0.75,,2764,full,28016,2688.5208333333335,2758,965.8287037037037,"[9986,9647,11337,11027]",28016,3828,25291,1576,2725,1.0,178.0,5179,0.18485865219874356,370,0.18733270635896693
B8_c60_gate_s0_rho0.75,8,0.6,gate,False,0.75,,2764,decode,13988,2708.3515625,2758,977.6484375,"[6178,5722,7477,7010]",13988,2324,12113,922,1875,1.0,170.0,2633,0.1882327709465256,370,0.19334704068145103
B8_c60_gate_s1_rho0,8,0.6,gate,True,0,,0,full,0,0.0,0,3493.5324074074074,"[160,259,245,1495]",0,0,0,0,0,,,0,,0,
B8_c60_gate_s1_rho0,8,0.6,gate,True,0,,0,decode,0,0.0,0,3663.9453125,"[160,259,245,423]",0,0,0,0,0,,,0,,0,
B8_c60_gate_s1_rho0.125,8,0.6,gate,True,0.125,,460,full,682,459.724537037037,460,3100.590277777778,"[492,586,618,1770]",682,462,186,27,496,395.5,432.0,619,0.907624633431085,2,0.9102941176470588
B8_c60_gate_s1_rho0.125,8,0.6,gate,True,0.125,,460,decode,105,460.0,460,3226.0,"[401,472,536,616]",105,101,0,0,105,242.0,334.40000000000003,103,0.9809523809523809,2,1.0
B8_c60_gate_s1_rho0.25,8,0.6,gate,True,0.25,,921,full,1554,918.6342592592592,921,2676.4305555555557,"[1017,1029,1064,2052]",1554,996,556,97,998,300.5,431.0,1372,0.8828828828828829,11,0.8891769280622165
B8_c60_gate_s1_rho0.25,8,0.6,gate,True,0.25,,921,decode,366,921.0,921,2765.0,"[744,746,804,816]",366,342,16,8,350,237.5,332.5,348,0.9508196721311475,11,0.9802816901408451
B8_c60_gate_s1_rho0.5,8,0.6,gate,True,0.5,,1843,full,4147,1830.3125,1843,1805.5046296296296,"[2417,2255,2324,3068]",4147,2211,2190,332,1957,192.0,413.0,2969,0.7159392331806125,24,0.7201067184089256
B8_c60_gate_s1_rho0.5,8,0.6,gate,True,0.5,,1843,decode,1135,1842.984375,1843,1843.015625,"[1674,1489,1557,1468]",1135,948,224,85,911,220.0,343.0000000000001,983,0.866079295154185,24,0.8847884788478848
B8_c60_gate_s1_rho0.75,8,0.6,gate,True,0.75,,2764,full,22058,2681.928240740741,2764,964.675925925926,"[7408,7204,8479,8170]",22058,3715,19319,1426,2739,2.0,203.0,5022,0.22767249977332488,350,0.23134328358208955
B8_c60_gate_s1_rho0.75,8,0.6,gate,True,0.75,,2764,decode,9718,2706.9557291666665,2763,979.0442708333334,"[4182,3883,5216,4776]",9718,2114,7922,767,1796,1.0,205.0,2361,0.24295122453179666,350,0.2520281810418446
B8_c60_coverage_s0_rho0,8,0.6,coverage,False,0,,0,full,0,0.0,0,3534.3680555555557,"[1420,1156,1022,2403]",0,0,0,0,0,,,0,,0,
B8_c60_coverage_s0_rho0,8,0.6,coverage,False,0,,0,decode,0,0.0,0,3686.0,"[1268,1040,976,1135]",0,0,0,0,0,,,0,,0,
B8_c60_coverage_s0_rho0.125,8,0.6,coverage,False,0.125,,460,full,30577,332.03472222222223,460,3246.0856481481483,"[8820,8564,10210,10943]",30577,4431,28210,3646,2367,1.0,68.0,5895,0.1927919678189489,1024,0.19947213480864887
B8_c60_coverage_s0_rho0.125,8,0.6,coverage,False,0.125,,460,decode,28770,316.3333333333333,460,3369.6666666666665,"[8191,7908,9670,9379]",28770,4081,26442,3312,2328,1.0,51.0,5381,0.1870351060132082,1024,0.1939378649174656
B8_c60_coverage_s0_rho0.25,8,0.6,coverage,False,0.25,,921,full,37803,305.46527777777777,921,3302.9675925925926,"[10589,10343,12230,12576]",37803,4797,35279,3964,2524,1.0,55.0,6616,0.17501256514033278,1000,0.17976795369942666
B8_c60_coverage_s0_rho0.25,8,0.6,coverage,False,0.25,,921,decode,30347,249.78385416666666,380,3436.2161458333335,"[8493,8157,10151,9899]",30347,4299,28045,3526,2302,1.0,51.0,5646,0.1860480442877385,1000,0.19238763757794664
B8_c60_coverage_s0_rho0.5,8,0.6,coverage,False,0.5,,1843,full,41546,351.0925925925926,1843,3293.0046296296296,"[11737,11194,13316,13211]",41546,5182,38759,4265,2787,1.0,66.0,7400,0.17811582342463775,992,0.18247275237954333
B8_c60_coverage_s0_rho0.5,8,0.6,coverage,False,0.5,,1843,decode,30344,257.7838541666667,386,3428.2161458333335,"[8660,8011,10211,9792]",30344,4429,27979,3617,2365,1.0,52.0,5811,0.19150408647508568,992,0.19797628781684382
B8_c60_coverage_s0_rho0.75,8,0.6,coverage,False,0.75,,2764,full,44346,374.2962962962963,2676,3280.053240740741,"[12469,11915,14140,13742]",44346,5460,41340,4491,3006,1.0,87.0,8046,0.1814368826951698,986,0.18556273062730627
B8_c60_coverage_s0_rho0.75,8,0.6,coverage,False,0.75,,2764,decode,30318,267.3802083333333,386,3418.6197916666665,"[8661,7990,10280,9725]",30318,4454,27962,3629,2356,1.0,52.29999999999927,5804,0.19143742990962465,986,0.197872630574117
B8_c60_coverage_s1_rho0,8,0.6,coverage,True,0,,0,full,0,0.0,0,3489.703703703704,"[151,184,122,1348]",0,0,0,0,0,,,0,,0,
B8_c60_coverage_s1_rho0,8,0.6,coverage,True,0,,0,decode,0,0.0,0,3659.6380208333335,"[151,184,122,276]",0,0,0,0,0,,,0,,0,
B8_c60_coverage_s1_rho0.125,8,0.6,coverage,True,0.125,,460,full,24776,329.4537037037037,460,3237.3611111111113,"[6071,5910,7102,7807]",24776,4582,22399,3829,2377,1.0,97.0,6034,0.24354213755247014,1067,0.25450250959551224
B8_c60_coverage_s1_rho0.125,8,0.6,coverage,True,0.125,,460,decode,23197,313.4713541666667,460,3372.5286458333335,"[5709,5504,6747,6487]",23197,4247,20854,3508,2343,1.0,97.0,5539,0.23878087683752208,1067,0.2502937189335743
B8_c60_coverage_s1_rho0.25,8,0.6,coverage,True,0.25,,921,full,30596,275.31481481481484,921,3325.0,"[7522,7320,8698,9060]",30596,4982,28001,4172,2595,1.0,97.0,6798,0.22218590665446464,1056,0.23012863913337847
B8_c60_coverage_s1_rho0.25,8,0.6,coverage,True,0.25,,921,decode,24452,215.94791666666666,316,3470.0520833333335,"[5924,5645,7115,6908]",24452,4422,22074,3650,2378,1.0,88.0,5740,0.23474562407982988,1056,0.24534108394597368
B8_c60_coverage_s1_rho0.5,8,0.6,coverage,True,0.5,,1843,full,34173,283.0162037037037,1843,3353.4189814814813,"[8510,8277,9732,9664]",34173,5353,31355,4508,2818,1.0,97.0,7657,0.2240657829280426,1075,0.23134328358208955
B8_c60_coverage_s1_rho0.5,8,0.6,coverage,True,0.5,,1843,decode,24572,184.09375,243,3501.90625,"[6008,5680,7202,6828]",24572,4606,22218,3846,2354,1.0,87.90000000000146,5967,0.24283737587497964,1075,0.2539473124228625
B8_c60_coverage_s1_rho0.75,8,0.6,coverage,True,0.75,,2764,full,36988,300.6041666666667,2649,3346.0,"[9316,8955,10544,10177]",36988,5604,33914,4706,3074,1.0,97.0,8320,0.22493781767059587,1052,0.2315227070347284
B8_c60_coverage_s1_rho0.75,8,0.6,coverage,True,0.75,,2764,decode,24646,189.578125,244,3496.421875,"[6090,5634,7280,6782]",24646,4624,22244,3838,2402,1.0,89.0,6008,0.2437718088127891,1052,0.2546410104263796
B8_c30_lru_s0_fixed460,8,0.3,lru,False,,460,460,full,8622,459.7384259259259,460,1365.2337962962963,"[8901,6793,6955,7749]",8622,116,8100,116,522,25.0,34.0,195,0.022616562282533056,522,0.024074074074074074
B8_c30_lru_s0_fixed460,8,0.3,lru,False,,460,460,decode,6575,460.0,460,1383.0,"[7729,5621,5907,5669]",6575,49,6053,49,522,28.0,33.0,57,0.008669201520912547,522,0.009416818106723939
B8_c30_lru_s1_fixed460,8,0.3,lru,True,,460,460,full,6543,459.724537037037,460,1361.8310185185185,"[6580,4994,5141,5881]",6543,259,6021,259,522,34.0,45.0,397,0.06067553110194101,522,0.06593589104799867
B8_c30_lru_s1_fixed460,8,0.3,lru,True,,460,460,decode,4764,460.0,460,1383.0,"[5695,4086,4288,4041]",4764,122,4242,122,522,37.0,45.0,141,0.02959697732997481,522,0.03323903818953324
B8_c30_gate_s0_fixed460,8,0.3,gate,False,,460,460,full,1152,459.7384259259259,460,1364.4074074074074,"[4008,3310,3337,4322]",1152,642,669,167,483,149.5,406.0,846,0.734375,5,0.7375762859633828
B8_c30_gate_s0_fixed460,8,0.3,gate,False,,460,460,decode,353,460.0,460,1383.0,"[3172,2498,2602,2481]",353,321,76,51,277,206.0,330.0,326,0.9235127478753541,5,0.9367816091954023
B8_c30_gate_s1_fixed460,8,0.3,gate,True,,460,460,full,1108,459.724537037037,460,1360.914351851852,"[2627,2228,2342,3212]",1108,620,629,150,479,167.0,411.0,825,0.7445848375451264,4,0.7472826086956522
B8_c30_gate_s1_fixed460,8,0.3,gate,True,,460,460,decode,312,460.0,460,1383.0,"[2006,1589,1740,1571]",312,290,47,34,265,224.0,362.80000000000007,296,0.9487179487179487,4,0.961038961038961
B8_c30_coverage_s0_fixed460,8,0.3,coverage,False,,460,460,full,39911,138.42361111111111,460,1686.1875,"[12760,12264,14058,14169]",39911,4097,38385,3646,1526,1.0,49.0,5504,0.13790684272506326,788,0.14068450783426628
B8_c30_coverage_s0_fixed460,8,0.3,coverage,False,,460,460,decode,29523,112.5703125,306,1730.4296875,"[9432,8840,10730,10436]",29523,3712,28021,3274,1502,1.0,49.0,4680,0.15852047556142668,788,0.16286758308682792
B8_c30_coverage_s1_fixed460,8,0.3,coverage,True,,460,460,full,32402,115.03472222222223,460,1706.3865740740741,"[9362,9228,10468,10661]",32402,4161,30875,3713,1527,1.0,49.0,5619,0.17341522128263687,801,0.1778108287712414
B8_c30_coverage_s1_fixed460,8,0.3,coverage,True,,460,460,decode,23424,89.53385416666667,190,1753.4661458333333,"[6557,6333,7666,7478]",23424,3743,21924,3310,1500,1.0,50.0,4734,0.2021004098360656,801,0.20925606683463732
B8_c40_lru_s0_fixed460,8,0.4,lru,False,,460,460,full,5778,459.7384259259259,460,1957.7685185185185,"[7762,5740,5640,6536]",5778,364,5239,364,539,35.0,59.0,613,0.10609207338179301,539,0.1170070624164917
B8_c40_lru_s0_fixed460,8,0.4,lru,False,,460,460,decode,4258,460.0,460,1997.0,"[6886,4872,4879,4710]",4258,196,3719,196,539,40.0,47.0,208,0.048849224988257396,539,0.05592901317558484
B8_c40_lru_s1_fixed460,8,0.4,lru,True,,460,460,full,2513,459.724537037037,460,1952.400462962963,"[2500,2479,2450,3236]",2513,700,1983,667,530,38.0,288.60000000000036,863,0.3434142459212097,497,0.4280753968253968
B8_c40_lru_s1_fixed460,8,0.4,lru,True,,460,460,decode,1291,460.0,460,1997.0,"[1925,1883,1897,1645]",1291,558,761,525,530,46.0,332.0,584,0.45236250968241676,497,0.7355163727959698
B8_c40_gate_s0_fixed460,8,0.4,gate,False,,460,460,full,1008,459.7384259259259,460,1956.0555555555557,"[2850,2492,2563,3640]",1008,601,514,118,494,193.0,411.0,822,0.8154761904761905,4,0.8187250996015937
B8_c40_gate_s0_fixed460,8,0.4,gate,False,,460,460,decode,317,460.0,460,1997.0,"[2200,1873,2010,1960]",317,291,50,29,267,235.0,363.40000000000003,294,0.9274447949526814,4,0.939297124600639
B8_c40_gate_s1_fixed460,8,0.4,gate,True,,460,460,full,968,459.724537037037,460,1950.4884259259259,"[1709,1581,1676,2643]",968,566,470,89,498,207.5,431.0,795,0.8212809917355371,3,0.8238341968911918
B8_c40_gate_s1_fixed460,8,0.4,gate,True,,460,460,decode,290,460.0,460,1997.0,"[1277,1133,1263,1165]",290,260,43,20,247,236.0,368.0,264,0.9103448275862069,3,0.9198606271777003
B8_c40_coverage_s0_fixed460,8,0.4,coverage,False,,460,460,full,38819,156.5,460,2260.9421296296296,"[11724,11439,13173,13438]",38819,4438,36890,3836,1929,1.0,49.0,6077,0.1565470517014864,914,0.16032185727476586
B8_c40_coverage_s0_fixed460,8,0.4,coverage,False,,460,460,decode,30224,129.34635416666666,322,2327.6536458333335,"[9023,8645,10488,10212]",30224,4012,28374,3443,1850,1.0,49.0,5226,0.1729089465325569,914,0.1783009211873081
B8_c40_coverage_s1_fixed460,8,0.4,coverage,True,,460,460,full,31311,127.91435185185185,460,2284.6319444444443,"[8460,8386,9569,9889]",31311,4534,29367,3952,1944,1.0,52.0,6208,0.19826897895308357,922,0.20428444502945145
B8_c40_coverage_s1_fixed460,8,0.4,coverage,True,,460,460,decode,24129,100.11458333333333,197,2356.8854166666665,"[6279,6125,7401,7224]",24129,4105,22259,3555,1870,1.0,51.0,5317,0.22035724646690705,922,0.2291119058904641
B8_c50_lru_s0_fixed460,8,0.5,lru,False,,460,460,full,2514,459.7384259259259,460,2542.636574074074,"[3170,3111,2945,3779]",2514,732,1971,700,543,40.0,280.7000000000003,961,0.3822593476531424,511,0.4797803295057414
B8_c50_lru_s0_fixed460,8,0.5,lru,False,,460,460,decode,1303,460.0,460,2612.0,"[2537,2486,2412,2163]",1303,486,761,455,542,44.0,239.0,499,0.3829623944742901,511,0.6300505050505051
B8_c50_lru_s1_fixed460,8,0.5,lru,True,,460,460,full,1398,459.724537037037,460,2534.372685185185,"[1082,1356,1235,2237]",1398,622,869,126,529,91.0,400.0,806,0.5765379113018598,32,0.5900439238653001
B8_c50_lru_s1_fixed460,8,0.5,lru,True,,460,460,decode,399,460.0,460,2612.0,"[719,978,887,849]",399,357,60,51,339,272.0,370.0,367,0.9197994987468672,32,1.0
B8_c50_gate_s0_fixed460,8,0.5,gate,False,,460,460,full,878,459.7384259259259,460,2539.8518518518517,"[1930,1812,1876,2964]",878,547,385,83,493,239.0,432.0,758,0.8633257403189066,4,0.8672768878718535
B8_c50_gate_s0_fixed460,8,0.5,gate,False,,460,460,decode,249,460.0,460,2612.0,"[1448,1361,1494,1454]",249,234,22,16,227,239.0,342.0000000000002,240,0.963855421686747,4,0.9795918367346939
B8_c50_gate_s1_fixed460,8,0.5,gate,True,,460,460,full,827,459.724537037037,460,2531.2824074074074,"[1059,1030,1081,2139]",827,525,329,67,498,277.0,432.0,711,0.8597339782345829,6,0.8660170523751523
B8_c50_gate_s1_fixed460,8,0.5,gate,True,,460,460,decode,198,460.0,460,2612.0,"[791,750,836,825]",198,182,11,7,187,236.0,332.0,188,0.9494949494949495,6,0.9791666666666666
B8_c50_coverage_s0_fixed460,8,0.5,coverage,False,,460,460,full,36588,182.67361111111111,460,2820.1689814814813,"[10800,10517,12129,12455]",36588,4629,34383,3946,2205,1.0,49.0,6278,0.1715863124521701,984,0.17632850241545894
B8_c50_coverage_s0_fixed460,8,0.5,coverage,False,,460,460,decode,30535,154.9296875,343,2917.0703125,"[8954,8558,10261,9879]",30535,4281,28427,3628,2108,1.0,49.0,5595,0.18323235631242837,984,0.18933369429122535
B8_c50_coverage_s1_fixed460,8,0.5,coverage,True,,460,460,full,29323,144.37962962962962,460,2850.8981481481483,"[7517,7636,8520,9009]",29323,4670,27131,4018,2192,1.0,66.0,6312,0.21525764758039764,1008,0.22292071340279004
B8_c50_coverage_s1_fixed460,8,0.5,coverage,True,,460,460,decode,24481,113.91145833333333,213,2958.0885416666665,"[6157,6155,7119,6931]",24481,4309,22376,3681,2105,1.0,57.0,5604,0.22891221763816838,1008,0.23874238486772037
B8_c60_lru_s0_fixed460,8,0.6,lru,False,,460,460,full,1398,459.7384259259259,460,3117.5856481481483,"[1363,1737,1471,2520]",1398,615,874,150,524,112.0,395.0,829,0.5929899856938483,58,0.6186567164179104
B8_c60_lru_s0_fixed460,8,0.6,lru,False,,460,460,decode,417,460.0,460,3226.0,"[947,1341,1150,1090]",417,350,66,58,351,239.0,333.80000000000007,356,0.8537170263788969,58,0.9916434540389972
B8_c60_lru_s1_fixed460,8,0.6,lru,True,,460,460,full,1160,459.724537037037,460,3105.1944444444443,"[669,869,698,1728]",1160,514,651,19,509,119.0,395.0,663,0.571551724137931,8,0.5755208333333334
B8_c60_lru_s1_fixed460,8,0.6,lru,True,,460,460,decode,182,460.0,460,3226.0,"[469,628,509,516]",182,167,1,0,181,119.0,234.9,174,0.9560439560439561,8,1.0
B8_c60_gate_s0_fixed460,8,0.6,gate,False,,460,460,full,771,459.7384259259259,460,3113.9375,"[1204,1241,1267,2408]",771,497,285,51,486,303.0,432.0,676,0.8767833981841764,6,0.8836601307189542
B8_c60_gate_s0_fixed460,8,0.6,gate,False,,460,460,decode,171,460.0,460,3226.0,"[890,946,1043,1059]",171,159,7,3,164,239.0,335.0,161,0.9415204678362573,6,0.9757575757575757
B8_c60_gate_s1_fixed460,8,0.6,gate,True,,460,460,full,682,459.724537037037,460,3100.590277777778,"[492,586,618,1770]",682,462,186,27,496,395.5,432.0,619,0.907624633431085,2,0.9102941176470588
B8_c60_gate_s1_fixed460,8,0.6,gate,True,,460,460,decode,105,460.0,460,3226.0,"[401,472,536,616]",105,101,0,0,105,242.0,334.40000000000003,103,0.9809523809523809,2,1.0
B8_c60_coverage_s0_fixed460,8,0.6,coverage,False,,460,460,full,30577,332.03472222222223,460,3246.0856481481483,"[8820,8564,10210,10943]",30577,4431,28210,3646,2367,1.0,68.0,5895,0.1927919678189489,1024,0.19947213480864887
B8_c60_coverage_s0_fixed460,8,0.6,coverage,False,,460,460,decode,28770,316.3333333333333,460,3369.6666666666665,"[8191,7908,9670,9379]",28770,4081,26442,3312,2328,1.0,51.0,5381,0.1870351060132082,1024,0.1939378649174656
B8_c60_coverage_s1_fixed460,8,0.6,coverage,True,,460,460,full,24776,329.4537037037037,460,3237.3611111111113,"[6071,5910,7102,7807]",24776,4582,22399,3829,2377,1.0,97.0,6034,0.24354213755247014,1067,0.25450250959551224
B8_c60_coverage_s1_fixed460,8,0.6,coverage,True,,460,460,decode,23197,313.4713541666667,460,3372.5286458333335,"[5709,5504,6747,6487]",23197,4247,20854,3508,2343,1.0,97.0,5539,0.23878087683752208,1067,0.2502937189335743
B32_c30_lru_s0_rho0,32,0.3,lru,False,0,,0,full,0,0.0,0,1804.6990740740741,"[9355,7511,5506,6148]",0,0,0,0,0,,,0,,0,
B32_c30_lru_s0_rho0,32,0.3,lru,False,0,,0,decode,0,0.0,0,1843.0,"[7917,6919,5307,4658]",0,0,0,0,0,,,0,,0,
B32_c30_lru_s0_rho0.125,32,0.3,lru,False,0.125,,230,full,4863,230.0,230,1587.023148148148,"[10317,9001,6800,7457]",4863,22,4612,22,251,23.0,32.0,23,0.004729590787579683,251,0.004986990459670425
B32_c30_lru_s0_rho0.125,32,0.3,lru,False,0.125,,230,decode,3854,230.0,230,1613.0,"[8641,8129,6313,5764]",3854,7,3603,7,251,23.0,31.0,7,0.0018162947586922678,251,0.0019428254232583958
B32_c30_lru_s0_rho0.25,32,0.3,lru,False,0.25,,460,full,11326,459.775462962963,460,1365.7592592592594,"[11610,11018,7981,9527]",11326,13,10841,13,485,19.0,27.0,15,0.0013243863676496556,485,0.0013836361959228853
B32_c30_lru_s0_rho0.25,32,0.3,lru,False,0.25,,460,decode,9025,460.0,460,1383.0,"[9621,9792,7120,7583]",9025,8,8540,8,485,19.0,27.0,9,0.000997229916897507,485,0.001053864168618267
B32_c30_lru_s0_rho0.5,32,0.3,lru,False,0.5,,921,full,33518,919.2592592592592,921,914.9699074074074,"[16097,16266,14078,15931]",33518,0,32576,0,942,12.0,16.0,0,0.0,942,0.0
B32_c30_lru_s0_rho0.5,32,0.3,lru,False,0.5,,921,decode,27082,920.9895833333334,921,922.0104166666666,"[13180,13872,11965,13200]",27082,0,26140,0,942,13.0,16.0,0,0.0,942,0.0
B32_c30_lru_s0_rho0.75,32,0.3,lru,False,0.75,,1382,full,60441,1166.0416666666667,1367,670.8842592592592,"[21519,22503,21679,23594]",60441,0,59225,0,1216,9.0,12.0,0,0.0,1216,0.0
B32_c30_lru_s0_rho0.75,32,0.3,lru,False,0.75,,1382,decode,44861,1147.5807291666667,1351,695.4192708333334,"[16675,17668,16879,18774]",44861,0,43645,0,1216,9.0,12.0,0,0.0,1216,0.0
B32_c30_lru_s1_rho0,32,0.3,lru,True,0,,0,full,0,0.0,0,1800.8148148148148,"[7032,5317,3982,4650]",0,0,0,0,0,,,0,,0,
B32_c30_lru_s1_rho0,32,0.3,lru,True,0,,0,decode,0,0.0,0,1843.0,"[5813,4871,3883,3309]",0,0,0,0,0,,,0,,0,
B32_c30_lru_s1_rho0.125,32,0.3,lru,True,0.125,,230,full,3737,230.0,230,1583.9930555555557,"[7951,6550,5095,5673]",3737,126,3482,126,255,30.0,42.0,157,0.042012309339042014,255,0.045089029293509476
B32_c30_lru_s1_rho0.125,32,0.3,lru,True,0.125,,230,decode,2816,230.0,230,1613.0,"[6512,5853,4728,4150]",2816,22,2561,22,255,31.0,41.0,23,0.008167613636363636,255,0.008980866848887154
B32_c30_lru_s1_rho0.25,32,0.3,lru,True,0.25,,460,full,8710,459.7615740740741,460,1363.4328703703704,"[8956,8133,6169,7227]",8710,70,8236,70,474,25.0,36.0,82,0.009414466130884041,474,0.00995628946090335
B32_c30_lru_s1_rho0.25,32,0.3,lru,True,0.25,,460,decode,6650,460.0,460,1383.0,"[7261,7129,5448,5482]",6650,20,6176,20,474,26.0,35.0,21,0.003157894736842105,474,0.003400259067357513
B32_c30_lru_s1_rho0.5,32,0.3,lru,True,0.5,,921,full,26009,918.9652777777778,921,913.6342592592592,"[12482,12434,10760,12248]",26009,0,25082,0,927,16.0,24.0,0,0.0,927,0.0
B32_c30_lru_s1_rho0.5,32,0.3,lru,True,0.5,,921,decode,20279,920.9765625,921,922.0234375,"[9925,10378,8966,9820]",20279,0,19352,0,927,17.0,24.0,0,0.0,927,0.0
B32_c30_lru_s1_rho0.75,32,0.3,lru,True,0.75,,1382,full,49292,1187.9791666666667,1375,647.3888888888889,"[17277,17853,17426,18651]",49292,0,48030,0,1262,11.0,17.0,0,0.0,1262,0.0
B32_c30_lru_s1_rho0.75,32,0.3,lru,True,0.75,,1382,decode,35238,1172.8046875,1367,670.1953125,"[12977,13554,13159,14358]",35238,0,33976,0,1262,12.0,18.0,0,0.0,1262,0.0
B32_c30_gate_s0_rho0,32,0.3,gate,False,0,,0,full,0,0.0,0,1804.6990740740741,"[4824,4677,3072,4433]",0,0,0,0,0,,,0,,0,
B32_c30_gate_s0_rho0,32,0.3,gate,False,0,,0,decode,0,0.0,0,1843.0,"[3386,4085,2873,2943]",0,0,0,0,0,,,0,,0,
B32_c30_gate_s0_rho0.125,32,0.3,gate,False,0.125,,230,full,598,230.0,230,1584.4884259259259,"[5311,5255,3541,4772]",598,372,361,139,237,120.5,395.30000000000007,507,0.8478260869565217,4,0.8535353535353535
B32_c30_gate_s0_rho0.125,32,0.3,gate,False,0.125,,230,decode,238,230.0,230,1613.0,"[3777,4562,3247,3214]",238,227,81,74,157,224.0,379.0,234,0.9831932773109243,4,1.0
B32_c30_gate_s0_rho0.25,32,0.3,gate,False,0.25,,460,full,1309,459.775462962963,460,1363.7384259259259,"[5858,5884,4078,5178]",1309,781,838,331,471,105.0,394.0,1023,0.7815126050420168,21,0.7942546583850931
B32_c30_gate_s0_rho0.25,32,0.3,gate,False,0.25,,460,decode,506,460.0,460,1383.0,"[4233,5065,3645,3533]",506,471,193,179,313,194.0,370.0,483,0.9545454545454546,21,0.9958762886597938
B32_c30_gate_s0_rho0.5,32,0.3,gate,False,0.5,,921,full,3721,919.2685185185185,921,914.6574074074074,"[7341,7387,5417,6263]",3721,2132,2749,1313,972,61.0,264.0,2561,0.6882558452029024,146,0.7163636363636363
B32_c30_gate_s0_rho0.5,32,0.3,gate,False,0.5,,921,decode,1767,921.0,921,922.0,"[5460,6249,4636,4390]",1767,1519,989,894,778,122.0,259.0,1544,0.8737973967176005,146,0.9524984577421345
B32_c30_gate_s0_rho0.75,32,0.3,gate,False,0.75,,1382,full,51496,1350.0902777777778,1379,486.83564814814815,"[18470,19506,18643,20596]",51496,4047,50125,3192,1371,1.0,22.0,4488,0.08715240018642224,513,0.08802934311437145
B32_c30_gate_s0_rho0.75,32,0.3,gate,False,0.75,,1382,decode,35916,1352.2135416666667,1377,490.7864583333333,"[13626,14671,13843,15776]",35916,3345,34636,2581,1280,1.0,28.0,3388,0.09433121728477559,513,0.09569810468039432
B32_c30_gate_s1_rho0,32,0.3,gate,True,0,,0,full,0,0.0,0,1800.8148148148148,"[3368,2952,1888,3114]",0,0,0,0,0,,,0,,0,
B32_c30_gate_s1_rho0,32,0.3,gate,True,0,,0,decode,0,0.0,0,1843.0,"[2149,2506,1789,1773]",0,0,0,0,0,,,0,,0,
B32_c30_gate_s1_rho0.125,32,0.3,gate,True,0.125,,230,full,535,230.0,230,1581.4837962962963,"[3754,3369,2260,3412]",535,325,298,95,237,153.0,405.0,444,0.8299065420560747,5,0.8377358490566038
B32_c30_gate_s1_rho0.125,32,0.3,gate,True,0.125,,230,decode,180,230.0,230,1613.0,"[2445,2823,2063,2004]",180,167,43,37,137,276.0,379.0,173,0.9611111111111111,5,0.9885714285714285
B32_c30_gate_s1_rho0.25,32,0.3,gate,True,0.25,,460,full,1217,459.7615740740741,460,1361.3078703703704,"[4178,3914,2764,3791]",1217,709,746,266,471,118.0,404.0,938,0.770747740345111,25,0.7869127516778524
B32_c30_gate_s1_rho0.25,32,0.3,gate,True,0.25,,460,decode,425,460.0,460,1383.0,"[2784,3248,2430,2288]",425,387,129,119,296,221.0,377.0,395,0.9294117647058824,25,0.9875
B32_c30_gate_s1_rho0.5,32,0.3,gate,True,0.5,,921,full,3429,919.0023148148148,921,913.2199074074074,"[5408,5341,3960,4766]",3429,1944,2471,1130,958,64.0,360.2000000000003,2347,0.68445610965296,136,0.7127239599149712
B32_c30_gate_s1_rho0.5,32,0.3,gate,True,0.5,,921,decode,1526,921.0,921,922.0,"[3751,4361,3299,3056]",1526,1296,815,729,711,135.0,283.0,1319,0.86435124508519,136,0.9489208633093525
B32_c30_gate_s1_rho0.75,32,0.3,gate,True,0.75,,1382,full,40624,1352.2916666666667,1382,483.0763888888889,"[14301,14968,14484,15728]",40624,3841,39242,2922,1382,1.0,48.0,4303,0.10592260732571879,458,0.10713040880346562
B32_c30_gate_s1_rho0.75,32,0.3,gate,True,0.75,,1382,decode,26571,1355.7526041666667,1377,487.2473958333333,"[10001,10669,10217,11436]",26571,3074,25313,2279,1258,1.0,49.0,3120,0.11742124872981823,458,0.11948071841611457
B32_c30_coverage_s0_rho0,32,0.3,coverage,False,0,,0,full,0,0.0,0,1804.6990740740741,"[5584,4824,3320,4456]",0,0,0,0,0,,,0,,0,
B32_c30_coverage_s0_rho0,32,0.3,coverage,False,0,,0,decode,0,0.0,0,1843.0,"[4146,4232,3121,2966]",0,0,0,0,0,,,0,,0,
B32_c30_coverage_s0_rho0.125,32,0.3,coverage,False,0.125,,230,full,54067,153.1712962962963,230,1664.3634259259259,"[17514,18501,17280,19551]",54067,5463,52491,5126,1576,1.0,49.0,6609,0.12223722418480774,1125,0.12483472479316989
B32_c30_coverage_s0_rho0.125,32,0.3,coverage,False,0.125,,230,decode,46442,143.56770833333334,230,1699.4322916666667,"[14361,15783,14780,16578]",46442,5058,44872,4722,1570,1.0,49.0,5828,0.1254898583179019,1125,0.12860515921177484
B32_c30_coverage_s0_rho0.25,32,0.3,coverage,False,0.25,,460,full,58395,172.67824074074073,460,1652.2685185185185,"[18381,19567,18551,20717]",58395,5577,56806,5243,1589,1.0,49.0,6778,0.11607158147101636,1149,0.11840128567934878
B32_c30_coverage_s0_rho0.25,32,0.3,coverage,False,0.25,,460,decode,46565,148.64322916666666,321,1694.3567708333333,"[14341,15759,14864,16703]",46565,5132,44984,4802,1581,1.0,49.0,5917,0.12706968753355524,1149,0.1302844812400916
B32_c30_coverage_s0_rho0.5,32,0.3,coverage,False,0.5,,921,full,60483,184.02777777777777,921,1650.0694444444443,"[18821,20147,19204,21122]",60483,5637,58899,5288,1584,1.0,49.0,6910,0.11424697848982358,1121,0.11640443381287692
B32_c30_coverage_s0_rho0.5,32,0.3,coverage,False,0.5,,921,decode,46610,148.95052083333334,323,1694.0494791666667,"[14330,15785,14905,16682]",46610,5123,45036,4779,1574,1.0,49.0,5936,0.12735464492598156,1121,0.1304930862406296
B32_c30_coverage_s0_rho0.75,32,0.3,coverage,False,0.75,,1382,full,62154,187.71296296296296,1361,1649.212962962963,"[19137,20625,19736,21511]",62154,5613,60560,5255,1594,1.0,49.0,6924,0.11140071435466743,1120,0.11344496510141888
B32_c30_coverage_s0_rho0.75,32,0.3,coverage,False,0.75,,1382,decode,46574,147.68229166666666,317,1695.3177083333333,"[14293,15790,14936,16691]",46574,5103,44992,4750,1582,1.0,49.0,5898,0.12663717954223386,1120,0.1297575570906851
B32_c30_coverage_s1_rho0,32,0.3,coverage,True,0,,0,full,0,0.0,0,1800.8148148148148,"[3311,2607,1748,2901]",0,0,0,0,0,,,0,,0,
B32_c30_coverage_s1_rho0,32,0.3,coverage,True,0,,0,decode,0,0.0,0,1843.0,"[2092,2161,1649,1560]",0,0,0,0,0,,,0,,0,
B32_c30_coverage_s1_rho0.125,32,0.3,coverage,True,0.125,,230,full,44188,137.9375,230,1677.1666666666667,"[13368,13960,13237,14771]",44188,5723,42593,5384,1595,1.0,49.0,6998,0.1583687879062189,1117,0.16247591186645308
B32_c30_coverage_s1_rho0.125,32,0.3,coverage,True,0.125,,230,decode,36574,126.49739583333333,221,1716.5026041666667,"[10464,11376,10848,11929]",36574,5328,34985,4991,1589,1.0,49.0,6206,0.16968338163722863,1117,0.17502890825506953
B32_c30_coverage_s1_rho0.25,32,0.3,coverage,True,0.25,,460,full,47101,149.4537037037037,460,1673.4699074074074,"[13975,14694,14094,15504]",47101,5836,45501,5459,1600,1.0,49.0,7151,0.15182267892401435,1105,0.15547004087311941
B32_c30_coverage_s1_rho0.25,32,0.3,coverage,True,0.25,,460,decode,36520,125.82552083333333,224,1717.1744791666667,"[10425,11347,10867,11942]",36520,5355,34929,4984,1591,1.0,49.0,6196,0.1696604600219058,1105,0.17495411548778766
B32_c30_coverage_s1_rho0.5,32,0.3,coverage,True,0.5,,921,full,49052,160.77083333333334,921,1671.7847222222222,"[14373,15205,14684,15955]",49052,5928,47458,5567,1594,1.0,49.0,7291,0.1486381798907282,1111,0.15208276840282847
B32_c30_coverage_s1_rho0.5,32,0.3,coverage,True,0.5,,921,decode,36508,126.34375,222,1716.65625,"[10388,11328,10868,11984]",36508,5396,34928,5041,1580,1.0,49.0,6216,0.17026405171469267,1111,0.17560810238155775
B32_c30_coverage_s1_rho0.75,32,0.3,coverage,True,0.75,,1382,full,50615,164.73842592592592,1353,1670.6296296296296,"[14723,15608,15168,16299]",50615,5934,49012,5561,1603,1.0,49.0,7396,0.14612269090190655,1102,0.14937491163936745
B32_c30_coverage_s1_rho0.75,32,0.3,coverage,True,0.75,,1382,decode,36561,126.1796875,217,1716.8203125,"[10423,11309,10901,12006]",36561,5366,34970,4999,1591,1.0,49.0,6238,0.17061896556439923,1102,0.17592148678755745
B32_c40_lru_s0_rho0,32,0.4,lru,False,0,,0,full,0,0.0,0,2388.8958333333335,"[8784,6993,5124,5829]",0,0,0,0,0,,,0,,0,
B32_c40_lru_s0_rho0,32,0.4,lru,False,0,,0,decode,0,0.0,0,2457.0,"[7500,6554,5078,4493]",0,0,0,0,0,,,0,,0,
B32_c40_lru_s0_rho0.125,32,0.4,lru,False,0.125,,307,full,4754,307.0,307,2103.6041666666665,"[9910,8586,6496,7193]",4754,213,4408,213,346,30.0,42.0,271,0.05700462768195204,346,0.06147912885662432
B32_c40_lru_s0_rho0.125,32,0.4,lru,False,0.125,,307,decode,3724,307.0,307,2150.0,"[8398,7858,6153,5641]",3724,100,3378,100,346,31.0,41.0,101,0.027121374865735768,346,0.02989934872705743
B32_c40_lru_s0_rho0.25,32,0.4,lru,False,0.25,,614,full,11283,613.4189814814815,614,1811.8078703703704,"[11395,10786,7785,9274]",11283,123,10642,123,641,25.0,36.0,156,0.013826110077107153,641,0.014658898703251268
B32_c40_lru_s0_rho0.25,32,0.4,lru,False,0.25,,614,decode,8917,614.0,614,1843.0,"[9539,9679,7065,7486]",8917,55,8276,55,641,26.0,35.0,59,0.006616575081305372,641,0.007129047849202513
B32_c40_lru_s0_rho0.5,32,0.4,lru,False,0.5,,1228,full,33461,1224.0277777777778,1228,1216.3657407407406,"[15902,16086,13927,15786]",33461,0,32199,0,1262,16.0,21.0,0,0.0,1262,0.0
B32_c40_lru_s0_rho0.5,32,0.4,lru,False,0.5,,1228,decode,27109,1227.5104166666667,1228,1229.4895833333333,"[13157,13889,11980,13218]",27109,0,25847,0,1262,17.0,21.0,0,0.0,1262,0.0
B32_c40_lru_s0_rho0.75,32,0.4,lru,False,0.75,,1842,full,60441,1554.2916666666667,1817,890.7893518518518,"[21365,22350,21526,23440]",60441,0,58822,0,1619,12.0,16.0,0,0.0,1619,0.0
B32_c40_lru_s0_rho0.75,32,0.4,lru,False,0.75,,1842,decode,44861,1532.6848958333333,1800,924.3151041666666,"[16675,17668,16879,18774]",44861,0,43242,0,1619,13.0,16.0,0,0.0,1619,0.0
B32_c40_lru_s1_rho0,32,0.4,lru,True,0,,0,full,0,0.0,0,2380.7893518518517,"[4955,3783,2621,3590]",0,0,0,0,0,,,0,,0,
B32_c40_lru_s1_rho0,32,0.4,lru,True,0,,0,decode,0,0.0,0,2456.1770833333335,"[3890,3490,2621,2403]",0,0,0,0,0,,,0,,0,
B32_c40_lru_s1_rho0.125,32,0.4,lru,True,0.125,,307,full,3595,307.0,307,2099.3171296296296,"[7142,5883,4496,5202]",3595,366,3260,366,335,41.0,87.0,444,0.12350486787204451,335,0.1361963190184049
B32_c40_lru_s1_rho0.125,32,0.4,lru,True,0.125,,307,decode,2623,307.0,307,2150.0,"[5853,5317,4267,3823]",2623,145,2288,145,335,42.0,47.0,147,0.05604269919939001,335,0.06424825174825174
B32_c40_lru_s1_rho0.25,32,0.4,lru,True,0.25,,614,full,8566,613.4050925925926,614,1808.5740740740741,"[8602,7773,5812,6877]",8566,433,7924,433,642,33.0,45.0,575,0.06712584636936726,642,0.07256436143361938
B32_c40_lru_s1_rho0.25,32,0.4,lru,True,0.25,,614,decode,6417,614.0,614,1843.0,"[7037,6874,5227,5286]",6417,192,5775,192,642,35.0,44.0,201,0.031323048153342685,642,0.034805194805194804
B32_c40_lru_s1_rho0.5,32,0.4,lru,True,0.5,,1228,full,25893,1223.0462962962963,1228,1214.587962962963,"[12251,12228,10642,12036]",25893,18,24647,18,1246,21.0,30.0,21,0.0008110300081103001,1246,0.0008520306731042318
B32_c40_lru_s1_rho0.5,32,0.4,lru,True,0.5,,1228,decode,19924,1227.2994791666667,1228,1229.7005208333333,"[9820,10271,8919,9687]",19924,10,18678,10,1246,23.0,30.0,12,0.0006022886970487854,1246,0.00064246707356248
B32_c40_lru_s1_rho0.75,32,0.4,lru,True,0.75,,1842,full,49292,1582.9560185185185,1832,859.5324074074074,"[17123,17700,17273,18497]",49292,0,47627,0,1665,15.0,22.0,0,0.0,1665,0.0
B32_c40_lru_s1_rho0.75,32,0.4,lru,True,0.75,,1842,decode,35238,1566.1614583333333,1826,890.8385416666666,"[12977,13554,13159,14358]",35238,0,33573,0,1665,16.0,23.0,0,0.0,1665,0.0
B32_c40_gate_s0_rho0,32,0.4,gate,False,0,,0,full,0,0.0,0,2388.8958333333335,"[3855,3617,2213,3627]",0,0,0,0,0,,,0,,0,
B32_c40_gate_s0_rho0,32,0.4,gate,False,0,,0,decode,0,0.0,0,2457.0,"[2571,3178,2167,2291]",0,0,0,0,0,,,0,,0,
B32_c40_gate_s0_rho0.125,32,0.4,gate,False,0.125,,307,full,717,307.0,307,2100.3356481481483,"[4391,4249,2752,4069]",717,444,392,120,325,182.0,406.4,603,0.8410041841004184,1,0.8421787709497207
B32_c40_gate_s0_rho0.125,32,0.4,gate,False,0.125,,307,decode,249,307.0,307,2150.0,"[2999,3674,2572,2643]",249,243,58,53,191,239.0,382.0,248,0.9959839357429718,1,1.0
B32_c40_gate_s0_rho0.25,32,0.4,gate,False,0.25,,614,full,1552,613.4189814814815,614,1808.3217592592594,"[5000,4929,3381,4553]",1552,911,923,301,629,145.0,402.0,1234,0.7951030927835051,18,0.8044328552803129
B32_c40_gate_s0_rho0.25,32,0.4,gate,False,0.25,,614,decode,537,614.0,614,1843.0,"[3482,4207,3031,3023]",537,507,144,133,393,235.0,376.0,519,0.9664804469273743,18,1.0
B32_c40_gate_s0_rho0.5,32,0.4,gate,False,0.5,,1228,full,4238,1224.4699074074074,1228,1215.4722222222222,"[6598,6812,4965,5850]",4238,2446,2969,1326,1269,97.0,365.0,3059,0.7218027371401604,137,0.7459156303340648
B32_c40_gate_s0_rho0.5,32,0.4,gate,False,0.5,,1228,decode,1850,1228.0,1228,1229.0,"[4776,5709,4209,4038]",1850,1658,887,844,963,145.0,304.10000000000014,1693,0.9151351351351351,137,0.9883245767659078
B32_c40_gate_s0_rho0.75,32,0.4,gate,False,0.75,,1842,full,48332,1803.6134259259259,1840,641.4675925925926,"[17218,18305,17413,19331]",48332,5031,46499,3793,1833,1.0,49.0,5853,0.12109989241082512,583,0.1225784833190224
B32_c40_gate_s0_rho0.75,32,0.4,gate,False,0.75,,1842,decode,32752,1809.8489583333333,1838,647.1510416666666,"[12528,13623,12766,14665]",32752,4162,31109,3114,1643,1.0,49.0,4269,0.13034318514899854,583,0.13270539960831856
B32_c40_gate_s1_rho0,32,0.4,gate,True,0,,0,full,0,0.0,0,2380.1805555555557,"[2604,2058,1228,2477]",0,0,0,0,0,,,0,,0,
B32_c40_gate_s1_rho0,32,0.4,gate,True,0,,0,decode,0,0.0,0,2455.4921875,"[1539,1765,1228,1290]",0,0,0,0,0,,,0,,0,
B32_c40_gate_s1_rho0.125,32,0.4,gate,True,0.125,,307,full,635,307.0,307,2095.6875,"[3010,2549,1628,2807]",635,387,308,68,327,225.0,418.0,523,0.8236220472440945,4,0.8288431061806656
B32_c40_gate_s1_rho0.125,32,0.4,gate,True,0.125,,307,decode,175,307.0,307,2150.0,"[1837,2128,1548,1530]",175,170,23,23,152,324.0,379.0,171,0.9771428571428571,4,1.0
B32_c40_gate_s1_rho0.25,32,0.4,gate,True,0.25,,614,full,1443,613.4050925925926,614,1804.7824074074074,"[3501,3187,2172,3222]",1443,855,795,218,648,178.0,409.0,1144,0.7927927927927928,8,0.797212543554007
B32_c40_gate_s1_rho0.25,32,0.4,gate,True,0.25,,614,decode,436,614.0,614,1843.0,"[2208,2613,1925,1838]",436,417,83,74,353,252.5,377.0,425,0.9747706422018348,8,0.9929906542056075
B32_c40_gate_s1_rho0.5,32,0.4,gate,True,0.5,,1228,full,3908,1223.673611111111,1228,1213.3194444444443,"[4868,4761,3515,4364]",3908,2195,2635,1052,1273,94.0,390.3000000000002,2770,0.7088024564994883,117,0.7306779213927723
B32_c40_gate_s1_rho0.5,32,0.4,gate,True,0.5,,1228,decode,1583,1227.9921875,1228,1229.0078125,"[3277,3826,2876,2713]",1583,1358,726,631,857,146.0,355.0,1401,0.885028427037271,117,0.9556616643929059
B32_c40_gate_s1_rho0.75,32,0.4,gate,True,0.75,,1842,full,37750,1802.5532407407406,1842,639.9351851851852,"[13135,13845,13336,14551]",37750,4696,35904,3392,1846,1.0,50.0,5567,0.14747019867549668,529,0.1495661051556917
B32_c40_gate_s1_rho0.75,32,0.4,gate,True,0.75,,1842,decode,23698,1810.5729166666667,1837,646.4270833333334,"[8989,9699,9223,10413]",23698,3763,22106,2713,1592,1.0,91.0,3887,0.16402228036121191,529,0.16776727523846519
B32_c40_coverage_s0_rho0,32,0.4,coverage,False,0,,0,full,0,0.0,0,2388.8958333333335,"[4826,3937,2628,3826]",0,0,0,0,0,,,0,,0,
B32_c40_coverage_s0_rho0,32,0.4,coverage,False,0,,0,decode,0,0.0,0,2457.0,"[3542,3498,2582,2490]",0,0,0,0,0,,,0,,0,
B32_c40_coverage_s0_rho0.125,32,0.4,coverage,False,0.125,,307,full,56090,174.41666666666666,307,2237.5555555555557,"[17163,18319,17008,19154]",56090,6330,54013,5823,2077,1.0,49.0,7751,0.13818862542342664,1329,0.14154233852559303
B32_c40_coverage_s0_rho0.125,32,0.4,coverage,False,0.125,,307,decode,47333,157.91145833333334,307,2299.0885416666665,"[13964,15463,14356,15999]",47333,5843,45276,5342,2057,1.0,49.0,6876,0.14526862865231446,1329,0.1494652638900965
B32_c40_coverage_s0_rho0.25,32,0.4,coverage,False,0.25,,614,full,58510,191.2060185185185,614,2233.462962962963,"[17626,18838,17774,19780]",58510,6440,56433,5898,2077,1.0,49.0,7975,0.1363014869253119,1304,0.13940845365870713
B32_c40_coverage_s0_rho0.25,32,0.4,coverage,False,0.25,,614,decode,47513,160.39583333333334,328,2296.6041666666665,"[13920,15401,14481,16114]",47513,5872,45473,5343,2040,1.0,49.0,6925,0.1457495843242902,1304,0.14986258088251206
B32_c40_coverage_s0_rho0.5,32,0.4,coverage,False,0.5,,1228,full,61102,208.86342592592592,1228,2231.4375,"[18121,19613,18672,20252]",61102,6619,58988,6137,2114,1.0,49.0,8331,0.13634578246211254,1372,0.1394776494224008
B32_c40_coverage_s0_rho0.5,32,0.4,coverage,False,0.5,,1228,decode,47530,159.46614583333334,328,2297.5338541666665,"[13851,15471,14621,16038]",47530,5941,45462,5476,2068,1.0,49.0,7048,0.14828529349884284,1372,0.15269292430347936
B32_c40_coverage_s0_rho0.75,32,0.4,coverage,False,0.75,,1842,full,63154,214.90277777777777,1793,2230.178240740741,"[18610,20129,19286,20712]",63154,6693,61034,6197,2120,1.0,49.0,8515,0.1348291477974475,1363,0.13780323995403862
B32_c40_coverage_s0_rho0.75,32,0.4,coverage,False,0.75,,1842,decode,47574,158.01041666666666,323,2298.9895833333335,"[13920,15447,14639,16046]",47574,5905,45512,5427,2062,1.0,49.0,7013,0.14741245217976207,1363,0.15176040336716365
B32_c40_coverage_s1_rho0,32,0.4,coverage,True,0,,0,full,0,0.0,0,2379.814814814815,"[2557,1750,1064,2274]",0,0,0,0,0,,,0,,0,
B32_c40_coverage_s1_rho0,32,0.4,coverage,True,0,,0,decode,0,0.0,0,2455.0807291666665,"[1492,1457,1064,1087]",0,0,0,0,0,,,0,,0,
B32_c40_coverage_s1_rho0.125,32,0.4,coverage,True,0.125,,307,full,45330,151.9976851851852,307,2256.5578703703704,"[12817,13584,12685,14209]",45330,6575,43247,6051,2083,1.0,49.0,8118,0.17908669755129053,1307,0.18440360720532448
B32_c40_coverage_s1_rho0.125,32,0.4,coverage,True,0.125,,307,decode,37447,134.6484375,229,2322.3515625,"[10025,11092,10383,11421]",37447,6048,35392,5531,2055,1.0,49.0,7182,0.19179106470478277,1307,0.19872717210846708
B32_c40_coverage_s1_rho0.25,32,0.4,coverage,True,0.25,,614,full,47176,165.56712962962962,614,2256.2291666666665,"[13147,14009,13271,14653]",47176,6709,45081,6162,2095,1.0,49.0,8318,0.17631846701712736,1293,0.18128718697556828
B32_c40_coverage_s1_rho0.25,32,0.4,coverage,True,0.25,,614,decode,37450,134.8671875,229,2322.1328125,"[9941,11041,10436,11445]",37450,6122,35392,5588,2058,1.0,49.0,7214,0.192630173564753,1293,0.19951876538429628
B32_c40_coverage_s1_rho0.5,32,0.4,coverage,True,0.5,,1228,full,49666,183.2037037037037,1228,2254.428240740741,"[13699,14677,14098,15127]",49666,6835,47540,6327,2126,1.0,49.0,8642,0.17400233560182016,1342,0.17883453356510223
B32_c40_coverage_s1_rho0.5,32,0.4,coverage,True,0.5,,1228,decode,37476,134.67708333333334,230,2322.3229166666665,"[9936,11040,10543,11401]",37476,6110,35400,5620,2076,1.0,49.0,7252,0.19351051339523961,1342,0.2006974041069353
B32_c40_coverage_s1_rho0.75,32,0.4,coverage,True,0.75,,1842,full,51501,188.36342592592592,1806,2254.125,"[14068,15153,14722,15540]",51501,6983,49346,6471,2155,1.0,49.0,8891,0.17263742451602881,1339,0.17724572385471074
B32_c40_coverage_s1_rho0.75,32,0.4,coverage,True,0.75,,1842,decode,37447,133.17447916666666,225,2323.8255208333335,"[9922,11007,10608,11401]",37447,6151,35362,5658,2085,1.0,49.0,7284,0.19451491441236948,1339,0.20172814888667331
B32_c50_lru_s0_rho0,32,0.5,lru,False,0,,0,full,0,0.0,0,2962.909722222222,"[6855,5632,3845,4885]",0,0,0,0,0,,,0,,0,
B32_c50_lru_s0_rho0,32,0.5,lru,False,0,,0,decode,0,0.0,0,3069.7369791666665,"[5724,5347,3845,3703]",0,0,0,0,0,,,0,,0,
B32_c50_lru_s0_rho0.125,32,0.5,lru,False,0.125,,384,full,4607,383.9513888888889,384,2615.037037037037,"[9261,8046,5955,6737]",4607,385,4183,385,424,38.0,72.0,557,0.12090297373561971,424,0.13315802055940712
B32_c50_lru_s0_rho0.125,32,0.5,lru,False,0.125,,384,decode,3496,384.0,384,2688.0,"[7866,7451,5751,5330]",3496,145,3072,145,424,38.0,47.0,147,0.04204805491990847,424,0.0478515625
B32_c50_lru_s0_rho0.25,32,0.5,lru,False,0.25,,768,full,11067,766.9768518518518,768,2254.675925925926,"[10958,10341,7390,8902]",11067,522,10254,522,813,32.0,45.0,693,0.06261859582542695,813,0.06758338209479228
B32_c50_lru_s0_rho0.25,32,0.5,lru,False,0.25,,768,decode,8662,768.0,768,2304.0,"[9281,9372,6788,7255]",8662,308,7849,308,813,32.0,43.0,318,0.036712075733087046,813,0.040514715250350365
B32_c50_lru_s0_rho0.5,32,0.5,lru,False,0.5,,1536,full,33629,1528.9814814814815,1536,1516.1203703703704,"[15768,15948,13787,15751]",33629,0,32048,0,1581,20.0,26.0,0,0.0,1581,0.0
B32_c50_lru_s0_rho0.5,32,0.5,lru,False,0.5,,1536,decode,27226,1534.8515625,1536,1537.1484375,"[13217,13871,11990,13283]",27226,0,25645,0,1581,21.0,26.0,0,0.0,1581,0.0
B32_c50_lru_s0_rho0.75,32,0.5,lru,False,0.75,,2304,full,60441,1943.263888888889,2269,1109.0555555555557,"[21212,22196,21372,23286]",60441,0,58423,0,2018,15.0,19.0,0,0.0,2018,0.0
B32_c50_lru_s0_rho0.75,32,0.5,lru,False,0.75,,2304,decode,44861,1920.1223958333333,2256,1151.8776041666667,"[16675,17668,16879,18774]",44861,0,42843,0,2018,16.0,20.0,0,0.0,2018,0.0
B32_c50_lru_s1_rho0,32,0.5,lru,True,0,,0,full,0,0.0,0,2944.6666666666665,"[2024,1392,702,2013]",0,0,0,0,0,,,0,,0,
B32_c50_lru_s1_rho0,32,0.5,lru,True,0,,0,decode,0,0.0,0,3059.546875,"[1112,1253,702,980]",0,0,0,0,0,,,0,,0,
B32_c50_lru_s1_rho0.125,32,0.5,lru,True,0.125,,384,full,1801,383.9375,384,2608.752314814815,"[3158,2669,1791,2855]",1801,621,1385,586,416,44.0,335.0,773,0.4292059966685175,381,0.5443661971830986
B32_c50_lru_s1_rho0.125,32,0.5,lru,True,0.125,,384,decode,848,384.0,384,2688.0,"[2032,2264,1723,1625]",848,353,452,338,396,46.0,331.0,353,0.41627358490566035,381,0.7558886509635975
B32_c50_lru_s1_rho0.25,32,0.5,lru,True,0.25,,768,full,8012,766.7893518518518,768,2250.2060185185187,"[7403,6791,4984,6090]",8012,927,7196,927,816,43.0,94.0,1211,0.15114827758362456,816,0.16828793774319067
B32_c50_lru_s1_rho0.25,32,0.5,lru,True,0.25,,768,decode,5797,768.0,768,2304.0,"[5977,6032,4545,4623]",5797,521,4981,521,816,43.0,47.0,526,0.09073658789028809,816,0.1056012848825537
B32_c50_lru_s1_rho0.5,32,0.5,lru,True,0.5,,1536,full,25915,1526.1805555555557,1536,1514.9490740740741,"[12097,12008,10464,11739]",25915,211,24368,211,1547,28.0,37.0,346,0.013351340922245804,1547,0.014198949441891005
B32_c50_lru_s1_rho0.5,32,0.5,lru,True,0.5,,1536,decode,19840,1533.2447916666667,1536,1538.7552083333333,"[9838,10137,8855,9527]",19840,54,18293,54,1547,29.0,36.0,60,0.0030241935483870967,1547,0.0032799431476521076
B32_c50_lru_s1_rho0.75,32,0.5,lru,True,0.75,,2304,full,49292,1978.0416666666667,2291,1070.4189814814815,"[16970,17546,17119,18343]",49292,0,47227,0,2065,18.0,27.0,0,0.0,2065,0.0
B32_c50_lru_s1_rho0.75,32,0.5,lru,True,0.75,,2304,decode,35238,1961.4088541666667,2281,1110.5911458333333,"[12977,13554,13159,14358]",35238,0,33173,0,2065,20.0,27.0,0,0.0,2065,0.0
B32_c50_gate_s0_rho0,32,0.5,gate,False,0,,0,full,0,0.0,0,2960.8356481481483,"[3043,2627,1507,2916]",0,0,0,0,0,,,0,,0,
B32_c50_gate_s0_rho0,32,0.5,gate,False,0,,0,decode,0,0.0,0,3067.4036458333335,"[1912,2342,1507,1734]",0,0,0,0,0,,,0,,0,
B32_c50_gate_s0_rho0.125,32,0.5,gate,False,0.125,,384,full,761,383.9513888888889,384,2609.9166666666665,"[3600,3315,2049,3382]",761,483,352,81,409,239.0,431.0,631,0.8291721419185283,4,0.8335535006605019
B32_c50_gate_s0_rho0.125,32,0.5,gate,False,0.125,,384,decode,196,384.0,384,2688.0,"[2337,2872,1996,2086]",196,192,25,25,171,300.0,382.0,192,0.9795918367346939,4,1.0
B32_c50_gate_s0_rho0.25,32,0.5,gate,False,0.25,,768,full,1721,766.9768518518518,768,2249.7453703703704,"[4243,4098,2728,3924]",1721,1048,906,255,815,193.0,410.0,1391,0.8082510168506682,19,0.8172737955346651
B32_c50_gate_s0_rho0.25,32,0.5,gate,False,0.25,,768,decode,532,768.0,768,2304.0,"[2851,3482,2478,2503]",532,506,97,90,435,248.0,377.90000000000003,512,0.9624060150375939,19,0.9980506822612085
B32_c50_gate_s0_rho0.5,32,0.5,gate,False,0.5,,1536,full,4797,1530.0324074074074,1536,1514.3912037037037,"[6048,6220,4542,5443]",4797,2756,3208,1301,1589,97.0,381.40000000000055,3564,0.7429643527204502,128,0.7633326194045834
B32_c50_gate_s0_rho0.5,32,0.5,gate,False,0.5,,1536,decode,2008,1536.0,1536,1536.0,"[4284,5159,3831,3700]",2008,1813,883,822,1125,147.0,347.0,1854,0.9233067729083665,128,0.9861702127659574
B32_c50_gate_s0_rho0.75,32,0.5,gate,False,0.75,,2304,full,45464,2250.722222222222,2301,801.5972222222222,"[16035,17179,16246,18145]",45464,5886,43174,4252,2290,1.0,51.0,7135,0.15693735702973782,641,0.15918167012471277
B32_c50_gate_s0_rho0.75,32,0.5,gate,False,0.75,,2304,decode,29884,2261.8645833333335,2299,810.1354166666666,"[11498,12651,11753,13633]",29884,4852,27894,3518,1990,1.0,97.0,5075,0.16982331682505689,641,0.17354580583387477
B32_c50_gate_s1_rho0,32,0.5,gate,True,0,,0,full,0,0.0,0,2936.3564814814813,"[1985,1336,682,1990]",0,0,0,0,0,,,0,,0,
B32_c50_gate_s1_rho0,32,0.5,gate,True,0,,0,decode,0,0.0,0,3050.1979166666665,"[1073,1197,682,957]",0,0,0,0,0,,,0,,0,
B32_c50_gate_s1_rho0.125,32,0.5,gate,True,0.125,,384,full,691,383.9375,384,2600.622685185185,"[2410,1871,1110,2325]",691,470,275,62,416,342.0,432.0,574,0.8306801736613604,3,0.8343023255813954
B32_c50_gate_s1_rho0.125,32,0.5,gate,True,0.125,,384,decode,136,384.0,384,2686.515625,"[1368,1578,1110,1176]",136,133,6,6,130,323.0,377.0,133,0.9779411764705882,3,1.0
B32_c50_gate_s1_rho0.25,32,0.5,gate,True,0.25,,768,full,1569,766.7893518518518,768,2244.7314814814813,"[2911,2499,1659,2728]",1569,958,751,169,818,216.0,430.0,1279,0.8151688973868706,18,0.8246292714377821
B32_c50_gate_s1_rho0.25,32,0.5,gate,True,0.25,,768,decode,424,768.0,768,2304.0,"[1749,2036,1522,1469]",424,402,59,56,365,305.5,378.0,403,0.9504716981132075,18,0.9926108374384236
B32_c50_gate_s1_rho0.5,32,0.5,gate,True,0.5,,1536,full,4338,1528.648148148148,1536,1511.701388888889,"[4382,4187,3182,3962]",4338,2456,2753,968,1585,99.0,402.0,3202,0.7381281696634394,89,0.7535890797834784
B32_c50_gate_s1_rho0.5,32,0.5,gate,True,0.5,,1536,decode,1622,1535.9791666666667,1536,1536.0208333333333,"[2864,3294,2576,2387]",1622,1447,643,565,979,179.0,365.0,1487,0.9167694204685574,89,0.9699934768427919
B32_c50_gate_s1_rho0.75,32,0.5,gate,True,0.75,,2304,full,35335,2247.453703703704,2304,801.0069444444445,"[12102,12857,12312,13507]",35335,5335,33032,3709,2303,1.0,97.0,6632,0.18768925994056884,658,0.19125068489200334
B32_c50_gate_s1_rho0.75,32,0.5,gate,True,0.75,,2304,decode,21281,2261.1197916666665,2301,810.8802083333334,"[8109,8865,8352,9522]",21281,4214,19344,2954,1937,1.0,99.0,4470,0.21004652037028335,658,0.2167482907433448
B32_c50_coverage_s0_rho0,32,0.5,coverage,False,0,,0,full,0,0.0,0,2959.9675925925926,"[4083,3203,1988,3235]",0,0,0,0,0,,,0,,0,
B32_c50_coverage_s0_rho0,32,0.5,coverage,False,0,,0,decode,0,0.0,0,3066.4270833333335,"[2952,2918,1988,2053]",0,0,0,0,0,,,0,,0,
B32_c50_coverage_s0_rho0.125,32,0.5,coverage,False,0.125,,384,full,56041,199.3935185185185,384,2801.886574074074,"[16539,17688,16286,18452]",56041,6964,53549,6349,2492,1.0,49.0,8568,0.15288806409592975,1522,0.15715622076707203
B32_c50_coverage_s0_rho0.125,32,0.5,coverage,False,0.125,,384,decode,48322,179.17708333333334,351,2892.8229166666665,"[13730,15270,14107,15649]",48322,6412,45892,5822,2430,1.0,49.0,7697,0.1592856255949671,1522,0.16446581196581198
B32_c50_coverage_s0_rho0.25,32,0.5,coverage,False,0.25,,768,full,58593,221.24074074074073,768,2799.8310185185187,"[17072,18234,17097,19083]",58593,7141,56081,6479,2512,1.0,49.0,8890,0.15172460874165855,1496,0.1556999492092404
B32_c50_coverage_s0_rho0.25,32,0.5,coverage,False,0.25,,768,decode,48368,180.29947916666666,351,2891.7005208333335,"[13709,15149,14187,15726]",48368,6458,45945,5822,2423,1.0,49.0,7746,0.16014720476348,1496,0.16525857654889914
B32_c50_coverage_s0_rho0.5,32,0.5,coverage,False,0.5,,1536,full,61543,247.94212962962962,1536,2797.1388888888887,"[17485,19184,18132,19643]",61543,7287,58953,6633,2590,1.0,49.0,9261,0.15048015208878346,1504,0.15424973767051417
B32_c50_coverage_s0_rho0.5,32,0.5,coverage,False,0.5,,1536,decode,48335,179.06770833333334,348,2892.9322916666665,"[13457,15290,14345,15654]",48335,6436,45891,5813,2444,1.0,49.0,7737,0.16007034240198614,1504,0.16521107813200658
B32_c50_coverage_s0_rho0.75,32,0.5,coverage,False,0.75,,2304,full,64033,258.1550925925926,2253,2794.1643518518517,"[18074,19727,18979,20184]",64033,7573,61358,6933,2675,1.0,49.0,9864,0.15404557025283838,1545,0.1578543080271412
B32_c50_coverage_s0_rho0.75,32,0.5,coverage,False,0.75,,2304,decode,48453,178.79947916666666,343,2893.2005208333335,"[13537,15199,14486,15672]",48453,6564,45977,5958,2476,1.0,49.0,7968,0.16444802179431614,1545,0.16986441545152212
B32_c50_coverage_s1_rho0,32,0.5,coverage,True,0,,0,full,0,0.0,0,2927.1689814814813,"[1868,1063,489,1719]",0,0,0,0,0,,,0,,0,
B32_c50_coverage_s1_rho0,32,0.5,coverage,True,0,,0,decode,0,0.0,0,3039.8619791666665,"[956,924,489,686]",0,0,0,0,0,,,0,,0,
B32_c50_coverage_s1_rho0.125,32,0.5,coverage,True,0.125,,384,full,44903,168.94907407407408,384,2827.511574074074,"[12101,12907,11807,13443]",44903,7208,42396,6603,2507,1.0,50.0,8876,0.19767053426274414,1511,0.2045538348082596
B32_c50_coverage_s1_rho0.125,32,0.5,coverage,True,0.125,,384,decode,38276,147.671875,245,2924.328125,"[9740,10917,10042,11056]",38276,6649,35834,6065,2442,1.0,49.0,7959,0.20793708851499634,1511,0.21648306813545493
B32_c50_coverage_s1_rho0.25,32,0.5,coverage,True,0.25,,768,full,47197,189.90509259259258,768,2827.1388888888887,"[12530,13383,12627,13997]",47197,7311,44645,6659,2552,1.0,50.0,9146,0.193783503188762,1492,0.20010939722131058
B32_c50_coverage_s1_rho0.25,32,0.5,coverage,True,0.25,,768,decode,38236,148.171875,244,2923.828125,"[9651,10759,10180,11110]",38236,6623,35790,5999,2446,1.0,49.0,7969,0.208416152317188,1492,0.21687894622251253
B32_c50_coverage_s1_rho0.5,32,0.5,coverage,True,0.5,,1536,full,49934,216.0810185185185,1536,2825.046296296296,"[13012,14248,13588,14436]",49934,7611,47300,6979,2634,1.0,50.0,9710,0.19445668282132414,1529,0.20059911166201838
B32_c50_coverage_s1_rho0.5,32,0.5,coverage,True,0.5,,1536,decode,38280,147.49479166666666,242,2924.5052083333335,"[9554,10894,10327,10979]",38280,6788,35812,6186,2468,1.0,49.0,8139,0.21261755485893416,1529,0.22146336154118254
B32_c50_coverage_s1_rho0.75,32,0.5,coverage,True,0.75,,2304,full,52416,225.4398148148148,2229,2823.0208333333335,"[13528,14824,14338,15062]",52416,7785,49693,7149,2723,1.0,50.0,10151,0.19366224053724054,1543,0.19953609969925107
B32_c50_coverage_s1_rho0.75,32,0.5,coverage,True,0.75,,2304,decode,38362,147.40625,240,2924.59375,"[9535,10832,10378,11077]",38362,6740,35876,6154,2486,1.0,49.0,8140,0.2121891455085762,1543,0.2210815068307124
B32_c60_lru_s0_rho0,32,0.6,lru,False,0,,0,full,0,0.0,0,3519.4953703703704,"[2721,2070,1073,2509]",0,0,0,0,0,,,0,,0,
B32_c60_lru_s0_rho0,32,0.6,lru,False,0,,0,decode,0,0.0,0,3669.1041666666665,"[1744,1939,1073,1480]",0,0,0,0,0,,,0,,0,
B32_c60_lru_s0_rho0.125,32,0.6,lru,False,0.125,,460,full,3403,459.775462962963,460,3120.1203703703704,"[6438,5539,3833,4937]",3403,690,2894,684,509,45.0,190.0,950,0.2791654422568322,503,0.3275862068965517
B32_c60_lru_s0_rho0.125,32,0.6,lru,False,0.125,,460,decode,2265,460.0,460,3226.0,"[5202,5086,3762,3683]",2265,381,1757,376,508,45.0,142.0,382,0.1686534216335541,503,0.21679909194097616
B32_c60_lru_s0_rho0.25,32,0.6,lru,False,0.25,,921,full,10679,919.2685185185185,921,2693.2824074074074,"[10106,9773,6826,8370]",10679,726,9701,726,978,39.0,66.0,1165,0.10909261166775916,978,0.12009071229770127
B32_c60_lru_s0_rho0.25,32,0.6,lru,False,0.25,,921,decode,8121,921.0,921,2765.0,"[8540,8915,6334,6852]",8121,302,7143,302,978,39.0,46.0,311,0.03829577638221894,978,0.04353912921741565
B32_c60_lru_s0_rho0.5,32,0.6,lru,False,0.5,,1843,full,33408,1831.4398148148148,1843,1814.8240740740741,"[15482,15717,13569,15322]",33408,289,31529,289,1879,24.0,32.0,590,0.01766044061302682,1879,0.018712930952456467
B32_c60_lru_s0_rho0.5,32,0.6,lru,False,0.5,,1843,decode,26428,1840.3229166666667,1843,1845.6770833333333,"[12952,13656,11752,12874]",26428,137,24549,137,1879,25.0,31.0,162,0.006129862267292265,1879,0.006599046804350483
B32_c60_lru_s0_rho0.75,32,0.6,lru,False,0.75,,2764,full,60441,2330.7199074074074,2722,1325.9282407407406,"[21058,22042,21219,23133]",60441,0,58039,0,2402,18.0,23.0,0,0.0,2402,0.0
B32_c60_lru_s0_rho0.75,32,0.6,lru,False,0.75,,2764,decode,44861,2307.5104166666665,2704,1378.4895833333333,"[16675,17668,16879,18774]",44861,0,42459,0,2402,19.0,23.0,0,0.0,2402,0.0
B32_c60_lru_s1_rho0,32,0.6,lru,True,0,,0,full,0,0.0,0,3469.238425925926,"[1381,641,185,1420]",0,0,0,0,0,,,0,,0,
B32_c60_lru_s1_rho0,32,0.6,lru,True,0,,0,decode,0,0.0,0,3625.9609375,"[623,641,185,540]",0,0,0,0,0,,,0,,0,
B32_c60_lru_s1_rho0.125,32,0.6,lru,True,0.125,,460,full,1363,459.7615740740741,460,3110.0046296296296,"[1900,1345,758,1946]",1363,637,792,113,571,118.0,398.0,860,0.6309611151870873,47,0.6534954407294833
B32_c60_lru_s1_rho0.125,32,0.6,lru,True,0.125,,460,decode,286,460.0,460,3225.4140625,"[914,1056,758,842]",286,236,20,17,266,240.5,378.0,238,0.8321678321678322,47,0.99581589958159
B32_c60_lru_s1_rho0.25,32,0.6,lru,True,0.25,,921,full,4209,919.0023148148148,921,2687.634259259259,"[3373,3078,2191,3177]",4209,1414,3186,1306,1023,40.0,335.0,1767,0.41981468282252316,915,0.5364298724954463
B32_c60_lru_s1_rho0.25,32,0.6,lru,True,0.25,,921,decode,1886,921.0,921,2765.0,"[2089,2435,1861,1849]",1886,821,908,758,978,43.0,332.0,827,0.4384941675503712,915,0.8516992790937178
B32_c60_lru_s1_rho0.5,32,0.6,lru,True,0.5,,1843,full,25280,1829.798611111111,1843,1811.3055555555557,"[11684,11585,10004,11312]",25280,1010,23421,1010,1859,33.0,42.0,1273,0.050356012658227846,1859,0.054352931130182316
B32_c60_lru_s1_rho0.5,32,0.6,lru,True,0.5,,1843,decode,19508,1840.6432291666667,1843,1845.3567708333333,"[9656,9982,8646,9267]",19508,761,17649,761,1859,34.0,42.0,860,0.044084478162805,1859,0.04872797325627514
B32_c60_lru_s1_rho0.75,32,0.6,lru,True,0.75,,2764,full,49353,2372.5810185185187,2747,1279.0046296296296,"[16743,17409,16981,18206]",49353,44,46912,44,2441,22.0,31.0,89,0.001803335156930683,2441,0.001897169167803547
B32_c60_lru_s1_rho0.75,32,0.6,lru,True,0.75,,2764,decode,35299,2357.6354166666665,2741,1328.3645833333333,"[12904,13571,13174,14374]",35299,22,32858,22,2441,24.0,32.0,27,0.0007648941896371002,2441,0.0008217176943210177
B32_c60_gate_s0_rho0,32,0.6,gate,False,0,,0,full,0,0.0,0,3508.0393518518517,"[2318,1753,825,2286]",0,0,0,0,0,,,0,,0,
B32_c60_gate_s0_rho0,32,0.6,gate,False,0,,0,decode,0,0.0,0,3656.2161458333335,"[1341,1622,825,1257]",0,0,0,0,0,,,0,,0,
B32_c60_gate_s0_rho0.125,32,0.6,gate,False,0.125,,460,full,845,459.775462962963,460,3110.6805555555557,"[2890,2487,1434,2783]",845,576,346,88,499,294.0,432.0,734,0.8686390532544379,3,0.8717339667458432
B32_c60_gate_s0_rho0.125,32,0.6,gate,False,0.125,,460,decode,223,460.0,460,3223.90625,"[1775,2181,1434,1628]",223,215,21,18,202,300.0,383.0,219,0.9820627802690582,3,0.9954545454545455
B32_c60_gate_s0_rho0.25,32,0.6,gate,False,0.25,,921,full,1822,919.2685185185185,921,2686.3819444444443,"[3539,3357,2140,3354]",1822,1141,849,208,973,237.0,430.0,1535,0.8424807903402854,22,0.8527777777777777
B32_c60_gate_s0_rho0.25,32,0.6,gate,False,0.25,,921,decode,511,921.0,921,2765.0,"[2279,2847,2004,2073]",511,484,72,68,439,293.0,380.0,488,0.9549902152641878,22,0.9979550102249489
B32_c60_gate_s0_rho0.5,32,0.6,gate,False,0.5,,1843,full,5193,1833.8935185185185,1843,1811.5532407407406,"[5492,5621,4083,5045]",5193,2994,3300,1218,1893,101.0,398.0,3939,0.7585210860774119,108,0.7746312684365781
B32_c60_gate_s0_rho0.5,32,0.6,gate,False,0.5,,1843,decode,2037,1842.96875,1843,1843.03125,"[3819,4604,3417,3369]",2037,1851,802,732,1235,180.0,361.0,1904,0.9347079037800687,108,0.9870399170554691
B32_c60_gate_s0_rho0.75,32,0.6,gate,False,0.75,,2764,full,42961,2687.7731481481483,2761,968.875,"[14941,16133,15177,17058]",42961,6428,40217,4486,2744,1.0,97.0,8071,0.18786806638579176,778,0.19133300144608018
B32_c60_gate_s0_rho0.75,32,0.6,gate,False,0.75,,2764,decode,27381,2704.3255208333335,2759,981.6744791666666,"[10558,11759,10837,12699]",27381,5186,25051,3658,2330,1.0,97.0,5526,0.20181877944560098,778,0.20772093372927866
B32_c60_gate_s1_rho0,32,0.6,gate,True,0,,0,full,0,0.0,0,3440.9444444444443,"[1426,754,201,1493]",0,0,0,0,0,,,0,,0,
B32_c60_gate_s1_rho0,32,0.6,gate,True,0,,0,decode,0,0.0,0,3594.1302083333335,"[668,754,201,613]",0,0,0,0,0,,,0,,0,
B32_c60_gate_s1_rho0.125,32,0.6,gate,True,0.125,,460,full,749,459.7615740740741,460,3088.6388888888887,"[1882,1266,638,1866]",749,540,239,43,510,382.0,432.0,650,0.8678237650200267,1,0.8689839572192514
B32_c60_gate_s1_rho0.125,32,0.6,gate,True,0.125,,460,decode,143,460.0,460,3209.8776041666665,"[993,1108,638,862]",143,142,3,3,140,313.0,379.0,142,0.993006993006993,1,1.0
B32_c60_gate_s1_rho0.25,32,0.6,gate,True,0.25,,921,full,1658,919.0023148148148,921,2678.9791666666665,"[2401,1927,1229,2307]",1658,1091,668,138,990,311.0,431.0,1416,0.8540410132689988,9,0.8587022437841115
B32_c60_gate_s1_rho0.25,32,0.6,gate,True,0.25,,921,decode,378,921.0,921,2765.0,"[1361,1573,1204,1184]",378,368,24,23,354,310.0,377.3,368,0.9735449735449735,9,0.997289972899729
B32_c60_gate_s1_rho0.5,32,0.6,gate,True,0.5,,1843,full,4691,1831.9953703703704,1843,1808.201388888889,"[3899,3742,2786,3612]",4691,2710,2758,869,1933,129.0,410.0,3509,0.7480281389895544,81,0.7611713665943601
B32_c60_gate_s1_rho0.5,32,0.6,gate,True,0.5,,1843,decode,1589,1842.9635416666667,1843,1843.0364583333333,"[2459,2894,2222,2100]",1589,1434,524,459,1065,196.0,370.20000000000005,1474,0.9276274386406544,81,0.9774535809018567
B32_c60_gate_s1_rho0.75,32,0.6,gate,True,0.75,,2764,full,33141,2683.372685185185,2764,968.2129629629629,"[11136,11909,11347,12502]",33141,5837,30384,3853,2757,1.0,105.0,7538,0.22745240035001962,737,0.23262560177755834
B32_c60_gate_s1_rho0.75,32,0.6,gate,True,0.75,,2764,decode,19089,2703.3046875,2763,982.6953125,"[7297,8071,7541,8671]",19089,4499,16835,3018,2254,1.0,145.0,4888,0.2560637016082561,737,0.26634699215344376
B32_c60_coverage_s0_rho0,32,0.6,coverage,False,0,,0,full,0,0.0,0,3509.1319444444443,"[2947,2399,1310,2694]",0,0,0,0,0,,,0,,0,
B32_c60_coverage_s0_rho0,32,0.6,coverage,False,0,,0,decode,0,0.0,0,3657.4453125,"[1970,2268,1310,1665]",0,0,0,0,0,,,0,,0,
B32_c60_coverage_s0_rho0.125,32,0.6,coverage,False,0.125,,460,full,55108,244.18287037037038,460,3339.1111111111113,"[15947,17007,15415,17701]",55108,7162,52312,6391,2796,1.0,49.0,8910,0.1616825143354867,1556,0.16638034060352555
B32_c60_coverage_s0_rho0.125,32,0.6,coverage,False,0.125,,460,decode,48846,220.23177083333334,379,3465.7682291666665,"[13618,15140,13794,15380]",48846,6638,46124,5899,2722,1.0,49.0,8138,0.16660524915039102,1556,0.1720871220131106
B32_c60_coverage_s0_rho0.25,32,0.6,coverage,False,0.25,,921,full,57798,272.78935185185185,921,3339.1574074074074,"[16616,17707,16168,18284]",57798,7378,54935,6604,2863,1.0,49.0,9231,0.15971140869926295,1578,0.16419423692636073
B32_c60_coverage_s0_rho0.25,32,0.6,coverage,False,0.25,,921,decode,48809,220.8203125,384,3465.1796875,"[13691,15089,13748,15382]",48809,6683,46107,5954,2702,1.0,49.0,8130,0.1665676412137106,1578,0.17213270944930237
B32_c60_coverage_s0_rho0.5,32,0.6,coverage,False,0.5,,1843,full,61569,313.66898148148147,1843,3332.564814814815,"[17062,18647,17702,19086]",61569,7851,58507,7049,3062,1.0,49.0,10051,0.16324773830986372,1579,0.1675445907651275
B32_c60_coverage_s0_rho0.5,32,0.6,coverage,False,0.5,,1843,decode,48884,221.5078125,385,3464.4921875,"[13319,15043,14208,15366]",48884,6870,46136,6131,2748,1.0,49.0,8324,0.17028066443007936,1579,0.1759644857837438
B32_c60_coverage_s0_rho0.75,32,0.6,coverage,False,0.75,,2764,full,64579,328.0416666666667,2695,3328.6064814814813,"[17694,19461,18569,19760]",64579,8137,61339,7326,3240,1.0,49.0,10700,0.16568853652116014,1638,0.1700004766368504
B32_c60_coverage_s0_rho0.75,32,0.6,coverage,False,0.75,,2764,decode,48999,221.41927083333334,382,3464.5807291666665,"[13311,15087,14229,15401]",48999,6881,46212,6143,2787,1.0,49.0,8381,0.171044307026674,1638,0.17695994594708728
B32_c60_coverage_s1_rho0,32,0.6,coverage,True,0,,0,full,0,0.0,0,3388.421296296296,"[1368,552,77,1326]",0,0,0,0,0,,,0,,0,
B32_c60_coverage_s1_rho0,32,0.6,coverage,True,0,,0,decode,0,0.0,0,3535.0416666666665,"[610,552,77,446]",0,0,0,0,0,,,0,,0,
B32_c60_coverage_s1_rho0.125,32,0.6,coverage,True,0.125,,460,full,44286,208.8287037037037,460,3368.284722222222,"[11630,12293,11041,12724]",44286,7396,41478,6606,2808,1.0,50.0,9158,0.20679221424377908,1540,0.21424226828241238
B32_c60_coverage_s1_rho0.125,32,0.6,coverage,True,0.125,,460,decode,38887,181.875,272,3504.125,"[9702,10795,9769,10761]",38887,6852,36155,6089,2732,1.0,50.0,8357,0.21490472394373442,1540,0.22376629983666693
B32_c60_coverage_s1_rho0.25,32,0.6,coverage,True,0.25,,921,full,46636,232.53240740740742,921,3374.113425925926,"[12141,12887,11795,13266]",46636,7612,43738,6845,2898,1.0,50.0,9600,0.2058495582811562,1571,0.2130256296460668
B32_c60_coverage_s1_rho0.25,32,0.6,coverage,True,0.25,,921,decode,38839,177.3984375,270,3508.6015625,"[9695,10722,9818,10795]",38839,6894,36102,6162,2737,1.0,50.0,8442,0.21735884034089445,1571,0.2265214124718257
B32_c60_coverage_s1_rho0.5,32,0.6,coverage,True,0.5,,1843,full,50106,269.974537037037,1843,3371.127314814815,"[12540,13821,13201,13968]",50106,7996,47009,7243,3097,1.0,51.0,10381,0.20718077675328303,1622,0.21411187195775927
B32_c60_coverage_s1_rho0.5,32,0.6,coverage,True,0.5,,1843,decode,38923,175.8203125,269,3510.1796875,"[9337,10744,10237,10767]",38923,7014,36167,6324,2756,1.0,50.0,8592,0.2207435192559669,1622,0.23034235007104367
B32_c60_coverage_s1_rho0.75,32,0.6,coverage,True,0.75,,2764,full,53078,284.849537037037,2714,3366.7361111111113,"[13105,14540,14081,14751]",53078,8332,49808,7522,3270,1.0,56.0,10975,0.20677116696182976,1667,0.21347571531384335
B32_c60_coverage_s1_rho0.75,32,0.6,coverage,True,0.75,,2764,decode,39024,177.765625,270,3508.234375,"[9266,10702,10274,10919]",39024,7026,36223,6304,2801,1.0,50.0,8547,0.2190190651906519,1667,0.2287924619214605
