batch,global_batch,policy,repeat,order,position,generation_seconds,tpot_seconds,ttft_seconds,tokens_per_second,h2d_bytes,fetches,reloads,remote_pairs,remote_pair_fraction,decode_remote_pairs,controller_seconds_max_rank,mean_rank_token_cv,decode_sum_max_rank_expert_rows,decode_peak_max_rank_expert_rows,decode_sum_all_expert_rows,next_use_survival_fraction,next_use_censored,peer_activation_payload_bytes
4,16,P0,0,P0-P1-O0,0,93.15234374068677,1.3405272144882474,7.364624299108982,11.164507066994517,448030310400,47475,42568,272230,0.7497073929746775,122341,55.953511664643884,0.18271148461226963,113343,73,322096,0.09623440186957097,2117,3428139008
4,16,P1,0,P0-P1-O0,1,117.49039234779775,1.74755230617302,5.660112550482154,8.851787616142843,456476590080,48370,43397,239421,0.7215888027920686,100739,67.16739498451352,0.28417341879096075,129725,97,323756,0.09041125541125541,2170,3119407104
4,16,O0,0,P0-P1-O0,2,93.1053818250075,1.3708589661691803,5.376906827092171,11.170138391727885,443774140416,47024,42144,281454,0.7501119355251376,126963,57.05760153196752,0.13736833308914367,96818,65,320814,0.0939773511024095,2077,3463483392
4,16,P0,1,P0-O0-P1,0,90.99047593586147,1.3541263607621659,4.332887360826135,11.42976766857543,448030310400,47475,42568,272230,0.7497073929746775,122341,57.242630743421614,0.18271148461226963,113343,73,322096,0.09623440186957097,2117,3428139008
4,16,O0,1,P0-O0-P1,1,89.90030724462122,1.3387631962104933,4.226022568531334,11.56836980734817,443774140416,47024,42144,281454,0.7501119355251376,126963,56.92087508738041,0.13736833308914367,96818,65,320814,0.0939773511024095,2077,3463483392
4,16,P1,1,P0-O0-P1,2,95.75039586238563,1.407429063503514,5.681655614636838,10.861573893592134,456476590080,48370,43397,239421,0.7215888027920686,100739,60.99398948159069,0.28417341879096075,129725,97,323756,0.09041125541125541,2170,3119407104
4,16,P1,2,P1-P0-O0,0,91.8834879277274,1.3686893110279925,4.292128528468311,11.31868220781987,456476590080,48370,43397,239421,0.7215888027920686,100739,58.01434536743909,0.28417341879096075,129725,97,323756,0.09041125541125541,2170,3119407104
4,16,P0,2,P1-P0-O0,1,90.865957679227,1.347684703359846,4.621518627740443,11.4454304622132,448030310400,47475,42568,272230,0.7497073929746775,122341,56.97403692547232,0.18271148461226963,113343,73,322096,0.09623440186957097,2117,3428139008
4,16,O0,2,P1-P0-O0,2,89.80734333954751,1.3353773459239164,4.348786281421781,11.580344783921763,443774140416,47024,42144,281454,0.7501119355251376,126963,56.80625572334975,0.13736833308914367,96818,65,320814,0.0939773511024095,2077,3463483392
4,16,P1,3,P1-O0-P0,0,98.26021093316376,1.4650505785393761,4.5051079438999295,10.584141740825329,456476590080,48370,43397,239421,0.7215888027920686,100739,60.38769982941449,0.28417341879096075,129725,97,323756,0.09041125541125541,2170,3119407104
4,16,O0,3,P1-O0-P0,1,90.32113699335605,1.3412262053025188,4.488212642259896,11.51446975337015,443774140416,47024,42144,281454,0.7501119355251376,126963,56.356214565224946,0.13736833308914367,96818,65,320814,0.0939773511024095,2077,3463483392
4,16,P0,3,P1-O0-P0,2,91.52211738098413,1.3622022917988943,4.347897481173277,11.363373463823342,448030310400,47475,42568,272230,0.7497073929746775,122341,56.91665111016482,0.18271148461226963,113343,73,322096,0.09623440186957097,2117,3428139008
4,16,O0,4,O0-P0-P1,0,137.59394661989063,2.0732442780863494,4.9215416200459,7.558472051630629,443774140416,47024,42144,281454,0.7501119355251376,126963,93.71729847788811,0.13736833308914367,96818,65,320814,0.0939773511024095,2077,3463483392
4,16,P0,4,O0-P0-P1,1,135.33759420644492,2.0422584706248017,4.650298214517534,7.684487123463837,448030310400,47475,42568,272230,0.7497073929746775,122341,86.2319582439959,0.18271148461226963,113343,73,322096,0.09623440186957097,2117,3428139008
4,16,P1,4,O0-P0-P1,2,108.67327173706144,1.577663356103585,7.711718377657235,9.569970457099279,456476590080,48370,43397,239421,0.7215888027920686,100739,69.79881211463362,0.28417341879096075,129725,97,323756,0.09041125541125541,2170,3119407104
4,16,O0,5,O0-P1-P0,0,91.87111721374094,1.3661972688278183,4.441833796910942,11.320206301403829,443774140416,47024,42144,281454,0.7501119355251376,126963,56.85729182418436,0.13736833308914367,96818,65,320814,0.0939773511024095,2077,3463483392
4,16,P1,5,O0-P1-P0,1,93.86562817823142,1.395569022904965,4.556260760873556,11.079668033811643,456476590080,48370,43397,239421,0.7215888027920686,100739,59.07351779285818,0.28417341879096075,129725,97,323756,0.09041125541125541,2170,3119407104
4,16,P0,5,O0-P1-P0,2,91.19036900252104,1.3609377651591785,4.09628577157855,11.404713144337077,448030310400,47475,42568,272230,0.7497073929746775,122341,57.58447011001408,0.18271148461226963,113343,73,322096,0.09623440186957097,2117,3428139008
8,32,P0,0,P0-P1-O0,0,125.62891568336636,1.828331451586564,8.623929376713932,16.55669786438663,660357513216,69974,64848,561980,0.7501308103836749,247839,79.77722849603742,0.15722677799338922,236958,138,664374,0.08338876816414623,2327,7154249728
8,32,P1,0,P0-P1-O0,1,121.61294879857451,1.779440384110785,7.735976415686309,17.103441866581733,622476656640,65960,60958,465948,0.72229361566901,200217,78.20227912068367,0.3035481830097787,293814,171,665013,0.08359866367614537,2203,6444179456
8,32,O0,0,P0-P1-O0,2,122.07473253365606,1.7806259889621288,8.122614847496152,17.03874304558925,640020381696,67819,62721,584196,0.7496641117343383,260617,81.26704965904355,0.09530040719487091,188883,137,665110,0.07796211785894168,2300,7241736192
8,32,O0,1,O0-P1-P0,0,120.16653839405626,1.7970849315461237,5.165776772424579,17.309311126023765,640020381696,67819,62721,584196,0.7496641117343383,260617,79.99180104676634,0.09530040719487091,188883,137,665110,0.07796211785894168,2300,7241736192
8,32,P1,1,O0-P1-P0,1,151.32093201205134,2.259405547287315,6.727572655305266,13.745619805159189,622476656640,65960,60958,465948,0.72229361566901,200217,104.62306619156152,0.3035481830097787,293814,171,665013,0.08359866367614537,2203,6444179456
8,32,P0,1,O0-P1-P0,2,137.74646152369678,2.030244747948018,7.82211961876601,15.10020640088946,660357513216,69974,64848,561980,0.7501308103836749,247839,91.82429057080299,0.15722677799338922,236958,138,664374,0.08338876816414623,2327,7154249728
16,64,P0,0,P0-P1-O0,0,166.83668622374535,2.4373936177580617,10.851370941847563,24.93456381902124,893078470656,94634,89381,1114684,0.7499078327372736,506029,109.8386185336858,0.13539951400219077,481605,299,1373560,0.07863132885643924,2457,14222024704
16,64,P1,0,P0-P1-O0,1,175.4560873657465,2.5082320554211037,14.937987956218421,23.70963619705188,904714518528,95867,90635,935948,0.7282842894281639,407213,119.11408359464258,0.27086181838502094,609373,425,1377507,0.08007795768011651,2483,13053562880
16,64,O0,0,P0-P1-O0,2,168.26702920068055,2.4846894243673887,9.258394592441618,24.722609175197675,917143289856,97184,91859,1155405,0.7498919365872211,529945,117.26745728217065,0.07258147693614629,369240,323,1377295,0.07514450867052024,2553,14411939840
16,64,O0,1,O0-P1-P0,0,199.60091235209256,2.964122418241459,9.91575725749135,20.841588101871157,917143289856,97184,91859,1155405,0.7498919365872211,529945,145.08651533070952,0.07258147693614629,369240,323,1377295,0.07514450867052024,2553,14411939840
16,64,P1,1,O0-P1-P0,1,194.90333904325962,2.8444353218073957,12.877632514573634,21.34391345176837,904714518528,95867,90635,935948,0.7282842894281639,407213,136.60166044346988,0.27086181838502094,609373,425,1377507,0.08007795768011651,2483,13053562880
16,64,P0,1,O0-P1-P0,2,281.49516864679754,4.217250311587122,11.605482446961105,14.778228770312243,893078470656,94634,89381,1114684,0.7499078327372736,506029,215.5595432529226,0.13539951400219077,481605,299,1373560,0.07863132885643924,2457,14222024704
