batch,policy,repeats,generation_seconds_median,generation_seconds_min,generation_seconds_max,tpot_seconds_median,tpot_seconds_min,tpot_seconds_max,ttft_seconds_median,ttft_seconds_min,ttft_seconds_max,tokens_per_second_median,tokens_per_second_min,tokens_per_second_max,controller_seconds_max_rank_median,controller_seconds_max_rank_min,controller_seconds_max_rank_max,h2d_bytes,fetches,reloads,remote_pairs,remote_pair_fraction,decode_remote_pairs,peer_activation_payload_bytes,mean_rank_token_cv,decode_sum_max_rank_expert_rows,decode_peak_max_rank_expert_rows,decode_sum_all_expert_rows,next_use_survival_fraction,next_use_censored
4,P0,6,91.35624319175258,90.865957679227,135.33759420644492,1.3575320629606722,1.3405272144882474,2.0422584706248017,4.48470805445686,4.09628577157855,7.364624299108982,11.384043304080208,7.684487123463837,11.4454304622132,57.10833383444697,55.953511664643884,86.2319582439959,448030310400,47475,42568,272230,0.7497073929746775,122341,3428139008,0.18271148461226963,113343,73,322096,0.09623440186957097,2117
4,P1,6,97.0053033977747,91.8834879277274,117.49039234779775,1.436239821021445,1.3686893110279925,1.74755230617302,5.108186655677855,4.292128528468311,7.711718377657235,10.72285781720873,8.851787616142843,11.31868220781987,60.69084465550259,58.01434536743909,69.79881211463362,456476590080,48370,43397,239421,0.7215888027920686,100739,3119407104,0.28417341879096075,129725,97,323756,0.09041125541125541,2170
4,O0,6,91.0961271035485,89.80734333954751,137.59394661989063,1.3537117370651686,1.3353773459239164,2.0732442780863494,4.465023219585419,4.226022568531334,5.376906827092171,11.41733802738699,7.558472051630629,11.580344783921763,56.889083455782384,56.356214565224946,93.71729847788811,443774140416,47024,42144,281454,0.7501119355251376,126963,3463483392,0.13736833308914367,96818,65,320814,0.0939773511024095,2077
8,P0,2,131.68768860353157,125.62891568336636,137.74646152369678,1.929288099767291,1.828331451586564,2.030244747948018,8.22302449773997,7.82211961876601,8.623929376713932,15.828452132638045,15.10020640088946,16.55669786438663,85.8007595334202,79.77722849603742,91.82429057080299,660357513216,69974,64848,561980,0.7501308103836749,247839,7154249728,0.15722677799338922,236958,138,664374,0.08338876816414623,2327
8,P1,2,136.46694040531293,121.61294879857451,151.32093201205134,2.01942296569905,1.779440384110785,2.259405547287315,7.231774535495788,6.727572655305266,7.735976415686309,15.42453083587046,13.745619805159189,17.103441866581733,91.4126726561226,78.20227912068367,104.62306619156152,622476656640,65960,60958,465948,0.72229361566901,200217,6444179456,0.3035481830097787,293814,171,665013,0.08359866367614537,2203
8,O0,2,121.12063546385616,120.16653839405626,122.07473253365606,1.7888554602541262,1.7806259889621288,1.7970849315461237,6.644195809960365,5.165776772424579,8.122614847496152,17.174027085806507,17.03874304558925,17.309311126023765,80.62942535290495,79.99180104676634,81.26704965904355,640020381696,67819,62721,584196,0.7496641117343383,260617,7241736192,0.09530040719487091,188883,137,665110,0.07796211785894168,2300
16,P0,2,224.16592743527144,166.83668622374535,281.49516864679754,3.327321964672592,2.4373936177580617,4.217250311587122,11.228426694404334,10.851370941847563,11.605482446961105,19.85639629466674,14.778228770312243,24.93456381902124,162.6990808933042,109.8386185336858,215.5595432529226,893078470656,94634,89381,1114684,0.7499078327372736,506029,14222024704,0.13539951400219077,481605,299,1373560,0.07863132885643924,2457
16,P1,2,185.17971320450306,175.4560873657465,194.90333904325962,2.6763336886142497,2.5082320554211037,2.8444353218073957,13.907810235396028,12.877632514573634,14.937987956218421,22.526774824410126,21.34391345176837,23.70963619705188,127.85787201905623,119.11408359464258,136.60166044346988,904714518528,95867,90635,935948,0.7282842894281639,407213,13053562880,0.27086181838502094,609373,425,1377507,0.08007795768011651,2483
16,O0,2,183.93397077638656,168.26702920068055,199.60091235209256,2.724405921304424,2.4846894243673887,2.964122418241459,9.587075924966484,9.258394592441618,9.91575725749135,22.782098638534414,20.841588101871157,24.722609175197675,131.17698630644009,117.26745728217065,145.08651533070952,917143289856,97184,91859,1155405,0.7498919365872211,529945,14411939840,0.07258147693614629,369240,323,1377295,0.07514450867052024,2553
