run,unix,host_available_gib,tree_rss_gib,min_gpu_free_mib,max_gpu_used_mib
plan_b16,1790930030.5952039,1766.887981414795,0.0,81090,0
plan_b16,1790930040.7256224,1764.3352127075195,4.903980255126953,80549,541
plan_b16,1790930051.275976,1763.2230415344238,5.221317291259766,78439,2651
plan_b16,1790930061.7820928,1762.512783050537,6.205867767333984,77363,3727
plan_b16,1790930072.2943196,1727.5321807861328,41.009029388427734,75413,5677
plan_b16,1790930082.5395315,1698.81595993042,68.56676864624023,75397,5693
plan_b16,1790930092.8580844,1672.8835639953613,93.9811897277832,75383,5707
plan_b16,1790930103.1839106,1646.3306045532227,119.84577560424805,75367,5723
plan_b16,1790930113.430383,1620.292823791504,145.04644393920898,75353,5737
plan_b16,1790930123.7160132,1595.451587677002,169.34502029418945,75341,5749
plan_b16,1790930133.979029,1570.2795295715332,193.7722511291504,75327,5763
plan_b16,1790930146.0127704,1544.5079917907715,218.69901275634766,75317,5773
plan_b16,1790930156.5508854,1536.8659973144531,225.93191528320312,70651,10439
plan_b16,1790930166.7759771,1536.8864517211914,225.95205688476562,70651,10439
plan_b16,1790930177.0086753,1536.8265647888184,225.92267990112305,70651,10439
plan_b16,1790930187.2564058,1536.8894996643066,225.98529052734375,70521,10569
plan_b16,1790930197.4876165,1536.8017501831055,225.99108123779297,70521,10569
plan_b16,1790930207.7198637,1536.7750434875488,226.0104637145996,70451,10639
plan_b16,1790930218.2777095,1536.7463111877441,226.01474380493164,70451,10639
plan_b16,1790930228.5080874,1536.7510108947754,226.0152473449707,70451,10639
plan_b16,1790930238.741336,1536.7407341003418,226.02179336547852,70451,10639
plan_b16,1790930248.9748924,1536.7354583740234,226.02229690551758,70451,10639
plan_b16,1790930259.205312,1536.7419128417969,226.0225486755371,70451,10639
plan_b16,1790930269.4834712,1536.7126541137695,226.0225486755371,70451,10639
plan_b16,1790930279.6673248,1536.719123840332,226.0225486755371,70451,10639
plan_b16,1790930289.8935711,1536.606559753418,226.0265769958496,70451,10639
plan_b16,1790930300.245095,1536.5935134887695,226.03639602661133,70451,10639
plan_b16,1790930310.4705148,1536.5615425109863,226.03639602661133,70451,10639
plan_b16,1790930320.701027,1536.741943359375,226.03639602661133,70451,10639
plan_b16,1790930331.4001849,1536.71821975708,226.02681732177734,70427,10663
plan_b16,1790930341.6345117,1536.838779449463,226.02932739257812,70427,10663
plan_b16,1790930351.947362,1536.8191032409668,226.03990173339844,70427,10663
plan_b16,1790930362.1765933,1536.8519248962402,226.04015350341797,70427,10663
plan_b16,1790930372.4099362,1536.8315887451172,226.04015350341797,70427,10663
plan_b16,1790930382.642846,1536.7767295837402,226.04015350341797,70427,10663
plan_b16,1790930393.1175966,1536.8171997070312,226.04015350341797,70427,10663
plan_b16,1790930403.3468766,1536.829746246338,226.04015350341797,70427,10663
plan_b16,1790930413.61951,1536.6449737548828,226.02686309814453,70427,10663
plan_b16,1790930423.8628895,1536.623191833496,226.04801177978516,70427,10663
plan_b16,1790930434.712385,1536.601993560791,226.05254364013672,70427,10663
plan_b16,1790930444.9463944,1536.7249946594238,226.06085205078125,70427,10663
plan_b16,1790930455.1790667,1536.6211471557617,226.0701675415039,70399,10691
plan_b16,1790930465.4845421,1536.666934967041,226.07167434692383,70399,10691
plan_b16,1790930475.722318,1536.621078491211,226.08300399780273,70399,10691
plan_b16,1790930485.9634204,1536.706901550293,226.10188674926758,70399,10691
plan_b16,1790930496.1933043,1535.8839530944824,226.1109504699707,70399,10691
plan_b16,1790930506.4273288,1536.5916442871094,226.12127304077148,70399,10691
plan_b16,1790930516.9133286,1536.5945129394531,226.12152481079102,70399,10691
plan_b16,1790930527.1959124,1536.6261100769043,226.13084030151367,70351,10739
plan_b16,1790930537.4271991,1536.581916809082,226.1343650817871,70351,10739
plan_b16,1790930547.6891706,1536.6630859375,226.13965225219727,70351,10739
plan_b16,1790930557.937879,1536.648349761963,226.1487045288086,70351,10739
plan_b16,1790930568.3493195,1536.5031433105469,226.1487045288086,70351,10739
plan_b16,1790930578.5934439,1536.4385871887207,226.15474700927734,70351,10739
plan_b16,1790930588.831425,1536.4801025390625,226.15333557128906,70351,10739
plan_b16,1790930599.1224265,1536.5555801391602,226.1535873413086,70351,10739
plan_b16,1790930609.356238,1536.4972534179688,226.1634063720703,70349,10741
plan_b16,1790930619.9851859,1536.7199630737305,226.17322540283203,70349,10741
plan_b16,1790930630.2200408,1536.6568450927734,226.17347717285156,70349,10741
plan_b16,1790930640.5302684,1536.734432220459,226.17977142333984,70349,10741
plan_b16,1790930650.7654648,1536.631492614746,226.19084930419922,70349,10741
plan_b16,1790930662.9090707,1536.6308555603027,226.20204544067383,70349,10741
plan_b16,1790930673.5855494,1536.7663230895996,226.21091079711914,70349,10741
plan_b16,1790930683.8146698,1536.7653732299805,226.22299575805664,70319,10771
plan_b16,1790930694.0328152,1536.6735725402832,226.25421524047852,70271,10819
plan_b16,1790930704.2651112,1536.6512985229492,226.22308731079102,70271,10819
plan_b16,1790930714.497923,1536.6192359924316,226.25304412841797,70271,10819
plan_b16,1790930725.0624661,1536.6451263427734,226.2638702392578,70271,10819
plan_b16,1790930735.2937663,1536.5835914611816,226.26815032958984,70271,10819
plan_b16,1790930745.5100095,1536.6635932922363,226.27795791625977,70271,10819
plan_b16,1790930755.9940958,1536.5626983642578,226.28752517700195,70271,10819
plan_b16,1790930766.232535,1536.6420860290527,226.2887840270996,70271,10819
plan_b16,1790930776.4606054,1536.5460586547852,226.29407119750977,70271,10819
plan_b16,1790930787.187127,1536.6102333068848,226.3056526184082,70271,10819
plan_b16,1790930797.471662,1536.531536102295,226.31572341918945,70271,10819
plan_b16,1790930807.7070591,1536.5893783569336,226.31572341918945,70271,10819
plan_b16,1790930817.9442184,1535.9604530334473,226.32025527954102,70271,10819
plan_b16,1790930828.453087,1535.4323425292969,226.33208847045898,70271,10819
plan_b16,1790930838.6829562,1536.3490257263184,226.33208847045898,70271,10819
plan_b16,1790930848.8990557,1536.442440032959,226.3365364074707,70271,10819
plan_b16,1790930859.1455445,1538.8885231018066,226.34685897827148,70271,10819
plan_b16,1790930869.377329,1538.9147567749023,226.36570739746094,70223,10867
plan_b16,1790930883.3313224,1595.285255432129,226.38005828857422,70223,10867
plan_b16,1790930893.56405,1616.7202758789062,226.3863525390625,70223,10867
plan_b16,1790930904.726565,1616.7036209106445,226.38987731933594,70223,10867
plan_b16,1790930915.2732327,1616.7013206481934,226.4009552001953,70223,10867
plan_b16,1790930925.504839,1616.5652198791504,226.4097671508789,70223,10867
plan_b16,1790930935.7362459,1600.9353408813477,226.4185791015625,70223,10867
plan_b16,1790930945.9656086,1579.8798217773438,226.42789459228516,70223,10867
plan_b16,1790930956.2231107,1558.8268203735352,226.4362030029297,70223,10867
plan_b16,1790930966.6566308,1556.133358001709,226.4362030029297,70223,10867
plan_b16,1790930976.8839524,1555.5924530029297,226.44476318359375,70175,10915
plan_b16,1790930987.2492344,1571.2776718139648,226.45433044433594,70175,10915
plan_b16,1790930997.468173,1614.309482574463,226.45433044433594,70175,10915
plan_b16,1790931007.6860929,1614.298843383789,226.46314239501953,70175,10915
plan_b16,1790931017.9281042,1614.2922744750977,226.46314239501953,70175,10915
plan_b16,1790931028.3206208,1614.300868988037,226.46314239501953,70175,10915
plan_b16,1790931038.5381217,1614.2919387817383,226.47269821166992,70175,10915
plan_b16,1790931048.9555707,1614.2819061279297,226.4645767211914,70175,10915
plan_b16,1790931059.1959827,1613.9799613952637,226.46583557128906,70175,10915
plan_b16,1790931069.4132004,1613.4050178527832,226.48119354248047,70175,10915
plan_b16,1790931079.7032106,1605.9905586242676,226.48085403442383,70175,10915
plan_b16,1790931089.9219663,1605.8460578918457,226.48412704467773,70175,10915
plan_b16,1790931100.3400626,1613.117042541504,226.50300979614258,70127,10963
plan_b16,1790931110.663718,1603.4270629882812,226.50426864624023,70127,10963
plan_b16,1790931120.9247699,1590.3610382080078,226.5153465270996,70127,10963
plan_b16,1790931131.6425624,1589.792724609375,226.51635360717773,70127,10963
plan_b16,1790931142.0797193,1589.7705726623535,226.51736068725586,70127,10963
plan_b16,1790931152.3041215,1589.7678337097168,226.51987838745117,70127,10963
plan_b16,1790931162.53157,1589.735065460205,226.52541732788086,70127,10963
plan_b16,1790931173.0629792,1589.410270690918,226.53120803833008,70127,10963
plan_b16,1790931183.2872353,1589.120449066162,226.53271865844727,70127,10963
plan_b16,1790931193.8612652,1589.069522857666,226.53473281860352,70127,10963
plan_b16,1790931204.243692,1589.03369140625,226.53473281860352,70127,10963
plan_b16,1790931214.4677596,1589.0355796813965,226.53750228881836,70127,10963
plan_b16,1790931224.6903992,1589.0223693847656,226.53750228881836,70127,10963
plan_b16,1790931235.2162294,1589.006736755371,226.54480361938477,70127,10963
plan_b16,1790931245.440691,1588.999454498291,226.52936553955078,70127,10963
plan_b16,1790931255.6641636,1588.9377937316895,226.54597854614258,70125,10965
plan_b16,1790931266.3081584,1588.9243545532227,226.54648208618164,70125,10965
plan_b16,1790931276.5292437,1588.8221702575684,226.5557975769043,70125,10965
plan_b16,1790931286.7556765,1588.7909088134766,226.56586837768555,70125,10965
plan_b16,1790931297.70787,1595.6296501159668,226.57216262817383,70125,10965
plan_b16,1790931307.9335423,1597.1707077026367,226.57316970825195,70125,10965
plan_b16,1790931318.3024404,1597.1678466796875,226.58062744140625,70125,10965
plan_b16,1790931328.7196314,1597.124900817871,226.6055793762207,70125,10965
plan_b16,1790931338.9644785,1597.0989074707031,226.6268081665039,70125,10965
plan_b16,1790931349.1828966,1605.8216133117676,226.64207458496094,70125,10965
plan_b16,1790931359.4076767,1605.7922172546387,226.65590286254883,70125,10965
plan_b16,1790931369.6263227,1605.7516174316406,226.67290496826172,70125,10965
plan_b16,1790931379.844643,1614.3793830871582,226.6922264099121,70125,10965
plan_b16,1790931390.3298447,1614.3615112304688,226.71443939208984,70125,10965
plan_b16,1790931400.5490954,1614.3228912353516,226.73233032226562,70125,10965
plan_b16,1790931410.7658641,1614.1475563049316,226.75646591186523,70125,10965
plan_b16,1790931420.9866996,1605.551010131836,226.775146484375,70125,10965
plan_b16,1790931431.666209,1604.7120971679688,226.7978858947754,70125,10965
plan_b16,1790931441.8928127,1602.758228302002,226.81814575195312,70125,10965
plan_b16,1790931452.1716082,1601.5202941894531,226.83859634399414,70125,10965
plan_b16,1790931462.7934735,1594.652587890625,226.86752319335938,70125,10965
plan_b16,1790931473.0231323,1584.4620094299316,226.8858871459961,70125,10965
plan_b16,1790931483.2998888,1603.5976791381836,226.90419006347656,70125,10965
plan_b16,1790931493.5993621,1606.7189178466797,226.92926788330078,70125,10965
plan_b16,1790931503.8344967,1570.979606628418,226.9497947692871,70125,10965
plan_b16,1790931514.080371,1547.9910430908203,226.97004318237305,70125,10965
plan_b16,1790931524.3145728,1547.6920700073242,226.9883155822754,70125,10965
plan_b16,1790931534.5479395,1547.1847114562988,227.00776290893555,70125,10965
plan_b16,1790931545.2707517,1547.1485290527344,227.02960205078125,70125,10965
plan_b16,1790931555.5213552,1546.4067306518555,227.0509490966797,70125,10965
plan_b16,1790931565.7573245,1547.0379028320312,227.06704330444336,70125,10965
plan_b16,1790931575.9923115,1546.984546661377,227.08736038208008,70125,10965
plan_b16,1790931586.5126727,1547.0125694274902,227.10895919799805,70125,10965
plan_b16,1790931596.7485824,1546.9055442810059,227.13029098510742,70125,10965
plan_b16,1790931607.011792,1546.88081741333,227.1480712890625,70125,10965
plan_b16,1790931617.4812255,1546.822551727295,227.17010498046875,70125,10965
plan_b16,1790931627.7171698,1546.7950706481934,227.18886947631836,70125,10965
plan_b16,1790931638.6552413,1546.705795288086,227.2103500366211,70125,10965
plan_b16,1790931648.8832371,1546.7366905212402,227.23291015625,70125,10965
plan_b16,1790931659.1188226,1546.1285552978516,227.25872039794922,70125,10965
plan_b16,1790931669.4286983,1546.0760040283203,227.27735900878906,70125,10965
plan_b16,1790931679.74236,1546.0469093322754,227.29676055908203,70125,10965
plan_b16,1790931692.1469278,1546.055492401123,227.32516479492188,70125,10965
plan_b16,1790931702.397127,1546.0765228271484,227.33950424194336,70125,10965
plan_b16,1790931712.6279955,1546.0396575927734,227.3546485900879,70125,10965
plan_b16,1790931722.8666158,1546.0100173950195,227.37503814697266,70125,10965
plan_b16,1790931733.3751721,1555.6803436279297,0.5179214477539062,76073,5017
plan_b16,1790931752.3426714,1672.7701606750488,0.0,81087,4
plan_b16,1790931762.6885922,1777.7143630981445,0.0,81090,0
plan_b4,1790928711.7873323,1767.484115600586,0.0,81090,0
plan_b4,1790928721.9221811,1764.973720550537,4.7750701904296875,80565,525
plan_b4,1790928732.2249138,1763.687126159668,5.228324890136719,78439,2651
plan_b4,1790928742.458825,1762.8417053222656,5.992099761962891,78377,2713
plan_b4,1790928752.7031732,1743.174415588379,25.61164093017578,75423,5667
plan_b4,1790928762.949334,1718.6427688598633,49.53180694580078,75409,5681
plan_b4,1790928773.1971202,1695.765884399414,71.80489349365234,75397,5693
plan_b4,1790928783.4526412,1670.9712409973145,95.87964630126953,75383,5707
plan_b4,1790928793.7955241,1650.666030883789,115.78533935546875,75371,5719
plan_b4,1790928804.0389907,1631.4383659362793,134.462646484375,75361,5729
plan_b4,1790928814.2710874,1614.4424209594727,150.35059356689453,75353,5737
plan_b4,1790928824.5796278,1596.2075881958008,168.86173248291016,75343,5747
plan_b4,1790928835.1261086,1577.4546852111816,187.16541290283203,75333,5757
plan_b4,1790928845.6786277,1552.0526809692383,211.8643035888672,75319,5771
plan_b4,1790928855.921705,1537.0592346191406,225.87728881835938,70895,10195
plan_b4,1790928866.1680098,1537.0148086547852,225.8924217224121,70847,10243
plan_b4,1790928876.4403975,1537.0496063232422,225.90692901611328,70831,10259
plan_b4,1790928886.6697586,1537.0332832336426,225.91951751708984,70825,10265
plan_b4,1790928896.9047132,1536.9790344238281,225.9273223876953,70825,10265
plan_b4,1790928907.1146617,1536.972885131836,225.93487548828125,70807,10283
plan_b4,1790928917.3463318,1536.9526023864746,225.95710372924805,70801,10289
plan_b4,1790928927.5780907,1536.976230621338,225.97548294067383,70795,10295
plan_b4,1790928937.8165712,1536.921974182129,225.9913444519043,70791,10299
plan_b4,1790928948.0524588,1536.9161643981934,225.99962997436523,70789,10301
plan_b4,1790928958.278093,1536.879467010498,226.01574325561523,70789,10301
plan_b4,1790928968.5451648,1536.865077972412,226.02782821655273,70783,10307
plan_b4,1790928978.7769163,1536.7768478393555,226.0389060974121,70777,10313
plan_b4,1790928989.339764,1536.308448791504,226.0444450378418,70777,10313
plan_b4,1790928999.8794677,1535.6872253417969,226.05224990844727,70777,10313
plan_b4,1790929010.110512,1536.7147178649902,226.07454681396484,70773,10317
plan_b4,1790929020.4134724,1536.7643547058105,226.10608673095703,70765,10325
plan_b4,1790929031.2436512,1536.6444854736328,226.13062286376953,70765,10325
plan_b4,1790929041.6066353,1536.717082977295,226.15743255615234,70765,10325
plan_b4,1790929051.8356524,1536.6747550964355,226.18682861328125,70765,10325
plan_b4,1790929062.066945,1536.645839691162,226.21633911132812,70765,10325
plan_b4,1790929072.3112192,1536.6181411743164,226.24337005615234,70765,10325
plan_b4,1790929082.5485365,1536.598777770996,226.26609420776367,70765,10325
plan_b4,1790929093.1053884,1536.5744438171387,226.28997802734375,70765,10325
plan_b4,1790929103.333193,1536.576171875,226.3161163330078,70765,10325
plan_b4,1790929114.3521473,1536.5634651184082,226.34450912475586,70765,10325
plan_b4,1790929124.58722,1536.3543014526367,226.37131881713867,70733,10357
plan_b4,1790929134.8119516,1536.3092803955078,226.39846801757812,70733,10357
plan_b4,1790929145.052987,1536.2357025146484,226.42713928222656,70733,10357
plan_b4,1790929155.6473851,1536.304084777832,226.45874786376953,70733,10357
plan_b4,1790929165.8961647,1540.7696990966797,0.5178604125976562,76553,4537
plan_b4,1790929188.6117485,1622.659767150879,0.0,81087,4
plan_b8,1790929188.9538157,1767.0074043273926,0.0,81090,0
plan_b8,1790929199.135228,1764.2526206970215,4.621879577636719,80367,723
plan_b8,1790929209.6357346,1763.3682098388672,5.206912994384766,78439,2651
plan_b8,1790929220.1195085,1762.6841125488281,6.485271453857422,76085,5005
plan_b8,1790929230.577175,1740.8346252441406,27.986488342285156,75425,5665
plan_b8,1790929240.951482,1715.5929107666016,52.321067810058594,75411,5679
plan_b8,1790929251.2837486,1688.7772369384766,78.38127899169922,75397,5693
plan_b8,1790929261.5329258,1662.0564193725586,104.48983001708984,75383,5707
plan_b8,1790929271.7966402,1636.4469909667969,129.2765884399414,75369,5721
plan_b8,1790929282.64822,1611.2848205566406,154.3052978515625,75355,5735
plan_b8,1790929292.8938348,1584.4339332580566,179.76050567626953,75341,5749
plan_b8,1790929303.2622476,1559.596565246582,203.89845275878906,75327,5763
plan_b8,1790929313.5372524,1538.1867218017578,225.4907112121582,71055,10035
plan_b8,1790929324.2236426,1536.7073440551758,225.91455841064453,70801,10289
plan_b8,1790929334.4530826,1536.6776657104492,225.94291305541992,70745,10345
plan_b8,1790929344.683554,1536.5441818237305,225.9549102783203,70721,10369
plan_b8,1790929354.9355676,1536.5309982299805,225.9637222290039,70719,10371
plan_b8,1790929365.1743774,1536.568130493164,225.9803237915039,70701,10389
plan_b8,1790929375.4064295,1536.4554252624512,225.9916534423828,70701,10389
plan_b8,1790929385.9555283,1536.4882545471191,226.00952911376953,70701,10389
plan_b8,1790929396.1871254,1536.4361152648926,226.0213623046875,70701,10389
plan_b8,1790929407.3899932,1536.4922714233398,226.0286636352539,70701,10389
plan_b8,1790929417.6247945,1536.4223823547363,226.0286636352539,70701,10389
plan_b8,1790929427.8444312,1536.4693222045898,226.0374641418457,70699,10391
plan_b8,1790929438.3748367,1536.3498916625977,226.04325485229492,70699,10391
plan_b8,1790929448.6168272,1536.2465133666992,226.04929733276367,70677,10413
plan_b8,1790929458.8487723,1536.3553466796875,226.0543327331543,70677,10413
plan_b8,1790929469.4077415,1536.451805114746,226.06918716430664,70653,10437
plan_b8,1790929479.6412852,1536.3827590942383,226.08633041381836,70653,10437
plan_b8,1790929489.8735015,1536.4174156188965,226.1027488708496,70653,10437
plan_b8,1790929500.1063383,1536.4568634033203,226.10400009155273,70653,10437
plan_b8,1790929510.3359017,1536.4957313537598,226.1070213317871,70653,10437
plan_b8,1790929520.5861645,1536.4300575256348,226.11230850219727,70653,10437
plan_b8,1790929530.8463774,1536.4686851501465,226.12036514282227,70653,10437
plan_b8,1790929541.083164,1536.3917236328125,226.12966918945312,70653,10437
plan_b8,1790929551.4913013,1536.4330940246582,226.13470458984375,70653,10437
plan_b8,1790929561.7093937,1536.3285522460938,226.13470458984375,70653,10437
plan_b8,1790929571.954137,1536.2808532714844,226.14502716064453,70653,10437
plan_b8,1790929582.1763783,1536.2408065795898,226.14374923706055,70629,10461
plan_b8,1790929592.4152575,1536.2329940795898,226.1674041748047,70629,10461
plan_b8,1790929602.6484241,1536.2315406799316,226.16941833496094,70629,10461
plan_b8,1790929613.1373343,1536.399642944336,226.17898559570312,70629,10461
plan_b8,1790929623.3683903,1536.352424621582,226.18326568603516,70629,10461
plan_b8,1790929633.724039,1536.3410720825195,226.1933364868164,70605,10485
plan_b8,1790929643.9558823,1536.3656311035156,226.19862365722656,70605,10485
plan_b8,1790929654.1888006,1536.3580513000488,226.2036590576172,70605,10485
plan_b8,1790929664.6961644,1536.4303092956543,226.2046661376953,70605,10485
plan_b8,1790929674.929636,1536.3920593261719,226.20995330810547,70605,10485
plan_b8,1790929685.1667178,1536.468936920166,226.21524047851562,70605,10485
plan_b8,1790929695.4564998,1536.3800430297852,226.2288360595703,70605,10485
plan_b8,1790929705.666238,1536.4240188598633,226.2336196899414,70605,10485
plan_b8,1790929716.0908844,1536.4343147277832,226.24469757080078,70605,10485
plan_b8,1790929726.3251827,1536.2561492919922,226.2519989013672,70605,10485
plan_b8,1790929736.5563705,1536.25687789917,226.2650909423828,70605,10485
plan_b8,1790929747.2430584,1536.2128677368164,226.2706298828125,70605,10485
plan_b8,1790929757.476399,1536.3558807373047,226.27516174316406,70605,10485
plan_b8,1790929767.7111142,1536.3152542114258,226.2754135131836,70605,10485
plan_b8,1790929777.9895215,1536.3973426818848,226.29266357421875,70583,10507
plan_b8,1790929788.678912,1536.2559700012207,226.32660293579102,70583,10507
plan_b8,1790929798.8999932,1536.288501739502,226.34838485717773,70583,10507
plan_b8,1790929809.1323855,1536.2316093444824,226.36969757080078,70583,10507
plan_b8,1790929819.343849,1536.3059577941895,226.3931655883789,70583,10507
plan_b8,1790929829.5804567,1536.2362174987793,226.4169044494629,70583,10507
plan_b8,1790929839.8493364,1536.2266387939453,226.44305038452148,70583,10507
plan_b8,1790929851.348934,1536.187168121338,226.46925354003906,70583,10507
plan_b8,1790929861.599703,1536.186809539795,226.49134063720703,70583,10507
plan_b8,1790929871.8408182,1536.0868072509766,226.5181884765625,70583,10507
plan_b8,1790929882.171399,1536.143726348877,226.54526138305664,70583,10507
plan_b8,1790929892.4035447,1536.051254272461,226.56912994384766,70583,10507
plan_b8,1790929903.1752098,1536.1215209960938,226.59640884399414,70583,10507
plan_b8,1790929913.4097228,1536.011920928955,226.614990234375,70583,10507
plan_b8,1790929923.641842,1536.032627105713,226.64032363891602,70583,10507
plan_b8,1790929933.8833163,1535.961540222168,226.6668357849121,70583,10507
plan_b8,1790929944.1198533,1536.0148887634277,226.69077682495117,70583,10507
plan_b8,1790929954.3562634,1535.9209213256836,226.71564102172852,70583,10507
plan_b8,1790929964.5893273,1535.961841583252,226.74266815185547,70583,10507
plan_b8,1790929974.9210556,1535.858097076416,226.76450729370117,70573,10517
plan_b8,1790929985.1769357,1535.7914695739746,226.78497695922852,70573,10517
plan_b8,1790929995.7870724,1535.6905059814453,226.81453704833984,70573,10517
plan_b8,1790930006.0140405,1535.6671829223633,226.84299087524414,70571,10519
plan_b8,1790930030.34311,1604.4999961853027,0.0,81087,4
profile_b8_O0,1790937521.5788755,1775.495677947998,0.0,81090,0
profile_b8_O0,1790937532.7068567,1770.0441246032715,6.882080078125,81087,4
profile_b8_O0,1790937543.3130553,1767.7043075561523,9.279911041259766,78411,2679
profile_b8_O0,1790937553.552427,1766.9486999511719,10.04372787475586,78349,2741
profile_b8_O0,1790937563.9787366,1745.9845581054688,31.405315399169922,75397,5693
profile_b8_O0,1790937574.5143716,1718.925106048584,57.501529693603516,75383,5707
profile_b8_O0,1790937584.7976596,1692.0135231018066,83.75510025024414,75369,5721
profile_b8_O0,1790937595.2092345,1666.2975463867188,108.93839645385742,75355,5735
profile_b8_O0,1790937605.6269279,1639.4218559265137,134.86265182495117,75341,5749
profile_b8_O0,1790937616.192966,1612.7871475219727,160.9510612487793,75325,5765
profile_b8_O0,1790937626.8721166,1588.778751373291,184.5859718322754,75313,5777
profile_b8_O0,1790937637.417537,1562.945701599121,209.3384895324707,75299,5791
profile_b8_O0,1790937647.647948,1540.717903137207,230.67537689208984,70879,10211
profile_b8_O0,1790937657.8828382,1540.0371551513672,231.35208129882812,70577,10513
profile_b8_O0,1790937668.2073789,1539.7744674682617,231.61507034301758,70555,10535
profile_b8_O0,1790937678.437019,1539.6713905334473,231.72940063476562,70555,10535
profile_b8_O0,1790937688.677534,1539.5482788085938,231.78303909301758,70555,10535
profile_b8_O0,1790937700.7597742,1539.4343032836914,231.84814453125,70555,10535
profile_b8_O0,1790937711.2712858,1539.3011779785156,231.92024993896484,70555,10535
profile_b8_O0,1790937721.5099912,1539.2173919677734,231.9703598022461,70555,10535
profile_b8_O0,1790937732.0757487,1539.1734237670898,232.03162384033203,70555,10535
profile_b8_O0,1790937742.5667791,1539.3217582702637,232.08677673339844,70555,10535
profile_b8_O0,1790937753.2256417,1539.2276077270508,232.13388442993164,70555,10535
profile_b8_O0,1790937763.5390108,1538.4808464050293,232.17963790893555,70555,10535
profile_b8_O0,1790937773.7769265,1537.7879638671875,232.22539520263672,70555,10535
profile_b8_O0,1790937784.0110867,1537.749942779541,232.26991271972656,70555,10535
profile_b8_O0,1790937794.425358,1537.8342933654785,232.31370544433594,70545,10545
profile_b8_O0,1790937805.3086648,1537.7876510620117,232.35187530517578,70543,10547
profile_b8_O0,1790937815.5730147,1537.797206878662,232.3632049560547,70543,10547
profile_b8_O0,1790937825.814345,1537.6969947814941,232.3632049560547,70543,10547
profile_b8_O0,1790937836.3325381,1537.64253616333,232.3632049560547,70543,10547
profile_b8_O0,1790937846.5727353,1537.7447624206543,232.3632049560547,70543,10547
profile_b8_O0,1790937856.8926446,1537.640884399414,232.3632049560547,70543,10547
profile_b8_O0,1790937868.0798292,1537.6764450073242,232.3632049560547,70543,10547
profile_b8_O0,1790937878.3185332,1537.6229820251465,232.3632049560547,70543,10547
profile_b8_O0,1790937888.5522768,1537.604091644287,232.3632049560547,70543,10547
profile_b8_O0,1790937898.7878428,1532.7836380004883,232.3632049560547,70543,10547
profile_b8_O0,1790937909.001992,1528.6782417297363,232.3632049560547,70543,10547
profile_b8_O0,1790937919.3102307,1533.4341735839844,232.3632049560547,70543,10547
profile_b8_O0,1790937929.5456555,1533.6306686401367,232.3632049560547,70543,10547
profile_b8_O0,1790937940.306836,1533.5567436218262,232.3632049560547,70543,10547
profile_b8_O0,1790937950.6268294,1537.6787338256836,232.3649673461914,70543,10547
profile_b8_O0,1790937960.983546,1551.0077018737793,1.2965545654296875,76491,4599
profile_b8_O0,1790937979.9668903,1666.424160003662,0.0,81087,4
profile_b8_O0,1790937990.3563557,1773.563907623291,0.0,81090,0
profile_b8_P0,1790936387.3333747,1775.565372467041,0.0,81090,0
profile_b8_P0,1790936398.0945404,1771.0818634033203,7.0725860595703125,80537,553
profile_b8_P0,1790936409.3438432,1767.9974784851074,9.27883529663086,78411,2679
profile_b8_P0,1790936421.1838877,1767.2611122131348,10.590007781982422,76077,5013
profile_b8_P0,1790936431.8471181,1741.5862007141113,35.623512268066406,75395,5695
profile_b8_P0,1790936442.3160315,1714.5543365478516,62.17341613769531,75379,5711
profile_b8_P0,1790936453.341907,1686.5287322998047,89.25959014892578,75365,5725
profile_b8_P0,1790936463.8045964,1660.0943717956543,115.06098175048828,75349,5741
profile_b8_P0,1790936474.6680765,1633.3663864135742,140.87042999267578,75335,5755
profile_b8_P0,1790936486.096372,1604.7276802062988,168.87757873535156,75319,5771
profile_b8_P0,1790936496.3597825,1580.6672744750977,192.2388153076172,75305,5785
profile_b8_P0,1790936506.696109,1556.2942237854004,216.01043701171875,75291,5799
profile_b8_P0,1790936517.023461,1540.5438270568848,230.91070556640625,70873,10217
profile_b8_P0,1790936527.259889,1540.0528869628906,231.4011116027832,70425,10665
profile_b8_P0,1790936537.4988084,1540.0363998413086,231.58614349365234,70415,10675
profile_b8_P0,1790936547.7380486,1539.8591690063477,231.66778182983398,70415,10675
profile_b8_P0,1790936557.9635758,1539.8019714355469,231.73301696777344,70415,10675
profile_b8_P0,1790936568.2098515,1539.8681335449219,231.76388549804688,70415,10675
profile_b8_P0,1790936578.6375027,1539.7309799194336,231.79697036743164,70415,10675
profile_b8_P0,1790936588.8672895,1539.722915649414,231.83174896240234,70415,10675
profile_b8_P0,1790936599.3895588,1539.715274810791,231.86387252807617,70415,10675
profile_b8_P0,1790936609.6243827,1539.5732536315918,231.9064178466797,70415,10675
profile_b8_P0,1790936620.0419588,1539.5873069763184,231.95478439331055,70415,10675
profile_b8_P0,1790936630.5849173,1539.485553741455,232.00525283813477,70415,10675
profile_b8_P0,1790936640.792372,1539.5341262817383,232.03642654418945,70415,10675
profile_b8_P0,1790936651.018328,1539.4716300964355,232.08816146850586,70415,10675
profile_b8_P0,1790936661.3444576,1539.287685394287,232.1245574951172,70415,10675
profile_b8_P0,1790936672.1224189,1539.1652069091797,232.15690994262695,70415,10675
profile_b8_P0,1790936682.3906405,1539.1285667419434,232.20205688476562,70415,10675
profile_b8_P0,1790936692.6078067,1539.1499710083008,232.2469253540039,70415,10675
profile_b8_P0,1790936702.8506336,1539.2504577636719,232.27422332763672,70415,10675
profile_b8_P0,1790936713.3086953,1539.1791343688965,232.27850341796875,70415,10675
profile_b8_P0,1790936723.5388598,1539.175220489502,232.27850341796875,70415,10675
profile_b8_P0,1790936733.8341243,1539.1524200439453,232.27850341796875,70415,10675
profile_b8_P0,1790936744.0682435,1539.1422538757324,232.27850341796875,70415,10675
profile_b8_P0,1790936754.2751045,1539.1942863464355,232.27850341796875,70415,10675
profile_b8_P0,1790936764.5045707,1539.2349243164062,232.27850341796875,70415,10675
profile_b8_P0,1790936775.1802711,1539.1889419555664,232.27850341796875,70415,10675
profile_b8_P0,1790936785.5496256,1539.289493560791,232.27850341796875,70415,10675
profile_b8_P0,1790936795.7848272,1538.6996231079102,232.27850341796875,70415,10675
profile_b8_P0,1790936806.5498278,1532.3143157958984,232.27850341796875,70415,10675
profile_b8_P0,1790936816.78148,1529.2258796691895,232.27850341796875,70415,10675
profile_b8_P0,1790936827.0147839,1534.7678718566895,232.27850341796875,70415,10675
profile_b8_P0,1790936837.2503178,1534.8698234558105,232.27850341796875,70415,10675
profile_b8_P0,1790936847.5485096,1534.9193687438965,232.27850341796875,70415,10675
profile_b8_P0,1790936858.78534,1538.9847869873047,232.28076934814453,70415,10675
profile_b8_P0,1790936884.6230133,1584.8038177490234,0.0,81087,4
profile_b8_P0,1790936894.8738215,1775.5546875,0.0,81090,0
profile_b8_P1,1790936976.729158,1775.5060348510742,0.0,81090,0
profile_b8_P1,1790936986.9344008,1770.8850593566895,6.720874786376953,80537,553
profile_b8_P1,1790936997.5555537,1767.8307838439941,9.252445220947266,78411,2679
profile_b8_P1,1790937007.7971914,1767.0992622375488,10.017086029052734,78349,2741
profile_b8_P1,1790937018.0521452,1746.4088134765625,30.86064910888672,75399,5691
profile_b8_P1,1790937028.2984025,1719.4001579284668,57.0751953125,75383,5707
profile_b8_P1,1790937038.519958,1692.41361618042,83.19230651855469,75369,5721
profile_b8_P1,1790937048.766651,1666.4406471252441,108.56568908691406,75355,5735
profile_b8_P1,1790937059.0133107,1639.9510307312012,134.29910278320312,75341,5749
profile_b8_P1,1790937069.988025,1614.2166748046875,159.70370483398438,75327,5763
profile_b8_P1,1790937080.5885012,1587.756576538086,185.43132781982422,75311,5779
profile_b8_P1,1790937090.8273227,1561.3612937927246,209.90840911865234,75297,5793
profile_b8_P1,1790937101.04154,1542.542106628418,226.85690307617188,75287,5803
profile_b8_P1,1790937111.2850633,1538.171371459961,231.25258255004883,70281,10809
profile_b8_P1,1790937121.5815046,1537.7431907653809,231.5158920288086,70281,10809
profile_b8_P1,1790937132.3642366,1537.5766410827637,231.63806533813477,70281,10809
profile_b8_P1,1790937142.6071718,1537.2312126159668,231.72980880737305,70281,10809
profile_b8_P1,1790937153.7632678,1539.6940879821777,231.7934684753418,70281,10809
profile_b8_P1,1790937165.0600955,1539.5093078613281,231.84881973266602,70281,10809
profile_b8_P1,1790937175.3335536,1539.568759918213,231.89760208129883,70281,10809
profile_b8_P1,1790937185.5749223,1539.4443550109863,231.9505958557129,70281,10809
profile_b8_P1,1790937196.730005,1539.4264373779297,232.0053825378418,70281,10809
profile_b8_P1,1790937208.0795329,1539.3124961853027,232.05456161499023,70281,10809
profile_b8_P1,1790937219.0782502,1539.2750511169434,232.0934829711914,70281,10809
profile_b8_P1,1790937229.6221144,1538.61226272583,232.14317321777344,70281,10809
profile_b8_P1,1790937239.9702625,1537.5925216674805,232.1916618347168,70281,10809
profile_b8_P1,1790937250.2502606,1537.2983894348145,232.23098754882812,70281,10809
profile_b8_P1,1790937261.018738,1536.9421119689941,232.25611877441406,70281,10809
profile_b8_P1,1790937271.2502322,1536.7989692687988,232.25914001464844,70281,10809
profile_b8_P1,1790937281.48199,1536.6078796386719,232.25914001464844,70281,10809
profile_b8_P1,1790937292.212727,1538.925724029541,232.25914001464844,70281,10809
profile_b8_P1,1790937302.4409568,1539.0054969787598,232.25914001464844,70281,10809
profile_b8_P1,1790937312.6750457,1538.9977684020996,232.25914001464844,70281,10809
profile_b8_P1,1790937323.4830387,1539.0853652954102,232.25914001464844,70281,10809
profile_b8_P1,1790937333.7166705,1539.003749847412,232.25914001464844,70281,10809
profile_b8_P1,1790937343.9394946,1539.0808639526367,232.25914001464844,70281,10809
profile_b8_P1,1790937354.1718497,1532.2485389709473,232.25914001464844,70281,10809
profile_b8_P1,1790937364.40472,1529.5724334716797,232.25914001464844,70281,10809
profile_b8_P1,1790937374.6508434,1534.7265892028809,232.25914001464844,70281,10809
profile_b8_P1,1790937384.8887331,1534.3537902832031,232.25914001464844,70281,10809
profile_b8_P1,1790937395.11789,1533.7092094421387,232.25914001464844,70281,10809
profile_b8_P1,1790937405.3636959,1537.3845901489258,232.26065063476562,70281,10809
profile_b8_P1,1790937415.71639,1550.9714660644531,1.2918167114257812,76221,4869
profile_b8_P1,1790937434.9679196,1663.3879776000977,0.06273651123046875,81087,4
profile_b8_P1,1790937445.2653005,1773.2177543640137,0.0,81090,0
smoke_O0_0,1790928344.8750103,1768.9290885925293,0.0,81090,0
smoke_O0_0,1790928355.4151607,1766.8852157592773,0.5179862976074219,80565,525
smoke_O0_0,1790928365.7591438,1765.0313186645508,0.5179862976074219,78439,2651
smoke_O0_0,1790928376.0139945,1764.347183227539,0.5179862976074219,78377,2713
smoke_O0_0,1790928386.4231555,1741.6364479064941,0.5179862976074219,75423,5667
smoke_O0_0,1790928396.6604407,1713.3809204101562,0.5179862976074219,75407,5683
smoke_O0_0,1790928406.902554,1684.1796112060547,0.5179862976074219,75389,5701
smoke_O0_0,1790928417.1517107,1656.3102531433105,0.5179862976074219,75373,5717
smoke_O0_0,1790928427.419072,1631.5869026184082,0.5179862976074219,75359,5731
smoke_O0_0,1790928437.6630056,1605.2282409667969,0.5179862976074219,75345,5745
smoke_O0_0,1790928447.9071772,1582.2096786499023,0.5179862976074219,75333,5757
smoke_O0_0,1790928458.1459699,1557.9631233215332,0.5179862976074219,75321,5769
smoke_O0_0,1790928468.8068142,1542.1071586608887,0.5179862976074219,75317,5773
smoke_O0_0,1790928479.0374763,1538.138095855713,0.5179862976074219,70795,10295
smoke_O0_0,1790928489.2699828,1543.6859893798828,0.5179862976074219,76593,4497
smoke_O0_0,1790928509.9077451,1642.4307289123535,0.0,81087,4
smoke_O0_0,1790928520.1621757,1768.3488655090332,0.0,81090,0
smoke_O0_1,1790928521.5107143,1768.3493194580078,0.0,81090,0
smoke_O0_1,1790928531.795239,1765.0789375305176,0.5179862976074219,80461,629
smoke_O0_1,1790928542.10855,1764.57279586792,0.5179862976074219,78439,2651
smoke_O0_1,1790928552.3332853,1758.5125465393066,0.5179862976074219,75435,5655
smoke_O0_1,1790928562.5818923,1729.040683746338,0.5179862976074219,75417,5673
smoke_O0_1,1790928572.8296673,1701.7578582763672,0.5179862976074219,75403,5687
smoke_O0_1,1790928583.151305,1673.1697578430176,0.5179862976074219,75387,5703
smoke_O0_1,1790928593.3737001,1646.56245803833,0.5179862976074219,75371,5719
smoke_O0_1,1790928603.6162655,1619.8410301208496,0.5179862976074219,75357,5733
smoke_O0_1,1790928613.8614395,1595.793758392334,0.5179862976074219,75345,5745
smoke_O0_1,1790928624.0957506,1571.3923873901367,0.5179862976074219,75331,5759
smoke_O0_1,1790928634.9835794,1546.9287109375,0.5179862976074219,75317,5773
smoke_O0_1,1790928645.2481062,1538.1386337280273,0.5179862976074219,70791,10299
smoke_O0_1,1790928673.9958813,1547.1293907165527,0.0,81087,4
smoke_P0_0,1790927712.7550387,1835.6159858703613,0.0,81090,0
smoke_P0_0,1790927722.9224222,1832.1380157470703,0.5179672241210938,80367,723
smoke_P0_0,1790927733.2725358,1839.6132164001465,0.5179672241210938,78377,2713
smoke_P0_0,1790927743.5642374,1832.0836601257324,0.5179672241210938,75433,5657
smoke_P0_0,1790927753.836631,1798.6587867736816,0.5179672241210938,75415,5675
smoke_P0_0,1790927764.2343965,1768.3769264221191,0.5179672241210938,75397,5693
smoke_P0_0,1790927774.5045853,1736.9352645874023,0.5179672241210938,75381,5709
smoke_P0_0,1790927784.7388287,1705.9909286499023,0.5179672241210938,75363,5727
smoke_P0_0,1790927795.056491,1675.7035522460938,0.5179672241210938,75347,5743
smoke_P0_0,1790927805.272942,1645.60693359375,0.5179672241210938,75331,5759
smoke_P0_0,1790927815.4656687,1617.6170806884766,0.5179672241210938,75317,5773
smoke_P0_0,1790927825.7771306,1613.200538635254,0.5179672241210938,70753,10337
smoke_P0_0,1790927852.6035283,1668.5287628173828,0.5279769897460938,81087,4
smoke_P0_0,1790927862.8382373,1828.9082679748535,0.0,81090,0
smoke_P0_1,1790927863.0582042,1828.9017791748047,0.0,81090,0
smoke_P0_1,1790927873.2339437,1824.7108573913574,0.5179634094238281,80367,723
smoke_P0_1,1790927883.543816,1823.6972694396973,0.5179634094238281,78377,2713
smoke_P0_1,1790927893.8467765,1809.72904586792,0.5179634094238281,75429,5661
smoke_P0_1,1790927904.0761845,1771.226089477539,0.5179634094238281,75403,5687
smoke_P0_1,1790927914.3076253,1733.628921508789,0.5179634094238281,75377,5713
smoke_P0_1,1790927924.5390723,1714.696662902832,0.5179634094238281,75357,5733
smoke_P0_1,1790927934.7670884,1686.4231567382812,0.5179634094238281,75343,5747
smoke_P0_1,1790927945.0014942,1659.319435119629,0.5179634094238281,75329,5761
smoke_P0_1,1790927955.2244103,1633.5585632324219,0.5179634094238281,75317,5773
smoke_P0_1,1790927965.4477966,1617.2389106750488,0.5179634094238281,75317,5773
smoke_P0_1,1790927975.6661394,1606.1165657043457,0.5179634094238281,70785,10305
smoke_P0_1,1790927985.88627,1614.2513122558594,0.5179634094238281,76701,4389
smoke_P0_1,1790928006.4833043,1718.8438720703125,0.0,81087,4
smoke_P0_1,1790928016.716539,1836.3627128601074,0.0,81090,0
smoke_P1_0,1790928016.9526646,1836.3651161193848,0.0,81090,0
smoke_P1_0,1790928027.2368932,1832.7503356933594,0.5179634094238281,80367,723
smoke_P1_0,1790928037.5418413,1831.9253845214844,0.5179634094238281,78377,2713
smoke_P1_0,1790928047.872685,1819.7570152282715,0.5179634094238281,75427,5663
smoke_P1_0,1790928058.1318824,1802.008586883545,0.5179634094238281,75415,5675
smoke_P1_0,1790928068.392233,1772.7668838500977,0.5179634094238281,75399,5691
smoke_P1_0,1790928078.620304,1746.3909759521484,0.5179634094238281,75385,5705
smoke_P1_0,1790928088.8947015,1714.616714477539,0.5179634094238281,75369,5721
smoke_P1_0,1790928099.2156868,1679.3547058105469,0.5179634094238281,75353,5737
smoke_P1_0,1790928109.4768486,1651.7914848327637,0.5179634094238281,75335,5755
smoke_P1_0,1790928119.7170856,1623.9097366333008,0.5179634094238281,75319,5771
smoke_P1_0,1790928130.0027008,1606.9730644226074,0.5179634094238281,75317,5773
smoke_P1_0,1790928140.238827,1596.9769020080566,0.5179634094238281,70767,10323
smoke_P1_0,1790928170.2519865,1594.9337348937988,0.0,81087,4
smoke_P1_0,1790928181.2340305,1829.4667778015137,0.0,81087,4
smoke_P1_1,1790928182.030999,1829.5249061584473,0.0,81087,4
smoke_P1_1,1790928192.6231253,1827.4769096374512,0.5180549621582031,80565,525
smoke_P1_1,1790928203.0356808,1824.5353622436523,0.5180549621582031,78439,2651
smoke_P1_1,1790928213.2681644,1796.024642944336,0.5180549621582031,78377,2713
smoke_P1_1,1790928223.5085433,1756.851230621338,0.5180549621582031,75429,5661
smoke_P1_1,1790928233.752663,1727.0341148376465,0.5180549621582031,75411,5679
smoke_P1_1,1790928244.1841474,1696.316722869873,0.5180549621582031,75397,5693
smoke_P1_1,1790928254.578433,1668.0216217041016,0.5180549621582031,75381,5709
smoke_P1_1,1790928265.1764386,1639.7569427490234,0.5180549621582031,75363,5727
smoke_P1_1,1790928275.7283475,1613.7128219604492,0.5180549621582031,75347,5743
smoke_P1_1,1790928285.9707892,1588.1715126037598,0.5180549621582031,75333,5757
smoke_P1_1,1790928296.3180833,1564.79878616333,0.5180549621582031,75321,5769
smoke_P1_1,1790928306.5584471,1545.518455505371,0.5180549621582031,75317,5773
smoke_P1_1,1790928316.9103384,1538.74365234375,0.5180549621582031,70767,10323
smoke_P1_1,1790928344.6135728,1555.634895324707,0.0,81087,4
smoke_plan,1790927418.4272106,1844.603416442871,0.0,81090,0
smoke_plan,1790927428.6755352,1840.9716339111328,0.5180587768554688,80137,953
smoke_plan,1790927438.8901699,1840.1499252319336,0.5180587768554688,78377,2713
smoke_plan,1790927449.1160862,1822.9101257324219,0.5180587768554688,75427,5663
smoke_plan,1790927459.3395054,1793.0191116333008,0.5180587768554688,75411,5679
smoke_plan,1790927469.565898,1762.5730628967285,0.5180587768554688,75393,5697
smoke_plan,1790927479.7915838,1732.997272491455,0.5180587768554688,75377,5713
smoke_plan,1790927490.1810133,1704.7605934143066,0.5180587768554688,75361,5729
smoke_plan,1790927500.4074302,1676.214584350586,0.5180587768554688,75345,5745
smoke_plan,1790927510.8293326,1649.0605506896973,0.5180587768554688,75331,5759
smoke_plan,1790927521.0527675,1622.341152191162,0.5180587768554688,75317,5773
smoke_plan,1790927531.3945477,1614.4118919372559,0.5180587768554688,70895,10195
smoke_plan,1790927541.6089947,1614.3927116394043,0.5180587768554688,70835,10255
smoke_plan,1790927551.8216417,1614.3812522888184,0.5180587768554688,70831,10259
smoke_plan,1790927562.3739567,1614.3449172973633,0.5180587768554688,70825,10265
smoke_plan,1790927572.5850348,1614.346248626709,0.5180587768554688,70821,10269
smoke_plan,1790927582.9944098,1614.3225021362305,0.5180587768554688,70803,10287
smoke_plan,1790927593.207267,1614.2976264953613,0.5180587768554688,70801,10289
smoke_plan,1790927603.4211943,1614.22562789917,0.5180587768554688,70795,10295
smoke_plan,1790927614.7659302,1612.396728515625,0.5180587768554688,70789,10301
smoke_plan,1790927624.9857063,1597.6567916870117,0.5180587768554688,70789,10301
smoke_plan,1790927635.809612,1597.5520782470703,0.5180587768554688,70789,10301
smoke_plan,1790927646.0861495,1596.9130668640137,0.5180587768554688,70783,10307
smoke_plan,1790927656.293618,1596.833065032959,0.5180587768554688,70777,10313
smoke_plan,1790927666.669243,1596.8042259216309,0.5180587768554688,70777,10313
smoke_plan,1790927676.8974764,1596.9432220458984,0.5180587768554688,72125,8965
smoke_plan,1790927702.2707953,1665.8256492614746,0.0,81087,4
smoke_plan,1790927712.5079606,1835.6500930786133,0.0,81090,0
timing_b16,1790934977.8073876,1773.4346618652344,0.0,81090,0
timing_b16,1790934988.0684485,1770.1750831604004,5.0469970703125,80461,629
timing_b16,1790934998.8067126,1769.5945663452148,5.227886199951172,78439,2651
timing_b16,1790935009.2160773,1768.3813362121582,6.984165191650391,75437,5653
timing_b16,1790935019.5926762,1741.3736991882324,33.54542922973633,75421,5669
timing_b16,1790935030.0044563,1714.2887992858887,59.789432525634766,75407,5683
timing_b16,1790935040.31724,1686.7920722961426,86.65707015991211,75391,5699
timing_b16,1790935050.566325,1662.5896911621094,110.10793685913086,75377,5713
timing_b16,1790935060.8237264,1637.9262466430664,134.10161972045898,75365,5725
timing_b16,1790935071.327634,1612.3570556640625,159.26477432250977,75351,5739
timing_b16,1790935081.5677693,1587.664394378662,183.10084915161133,75337,5753
timing_b16,1790935092.243489,1564.7936897277832,205.50233840942383,75325,5765
timing_b16,1790935102.4775636,1543.613296508789,225.6437110900879,70899,10191
timing_b16,1790935112.873629,1542.8562698364258,226.44795608520508,70035,11055
timing_b16,1790935123.3127725,1542.62446975708,226.59690856933594,69955,11135
timing_b16,1790935133.5407908,1542.536952972412,226.6502799987793,69955,11135
timing_b16,1790935143.988891,1542.428066253662,226.70198440551758,69955,11135
timing_b16,1790935155.463417,1542.44673538208,226.75910568237305,69955,11135
timing_b16,1790935166.2194705,1542.4537887573242,226.81260299682617,69955,11135
timing_b16,1790935176.4755876,1542.4565162658691,226.85997009277344,69955,11135
timing_b16,1790935186.7358243,1542.354648590088,226.91144180297852,69955,11135
timing_b16,1790935197.140565,1542.3640937805176,226.96234130859375,69955,11135
timing_b16,1790935207.3758569,1542.2708320617676,227.0098419189453,69955,11135
timing_b16,1790935217.608611,1542.231674194336,227.0587921142578,69955,11135
timing_b16,1790935227.9075494,1542.1636009216309,227.10557556152344,69955,11135
timing_b16,1790935238.1990776,1542.2044105529785,227.15203857421875,69955,11135
timing_b16,1790935248.4376779,1541.9606971740723,227.197265625,69955,11135
timing_b16,1790935258.657021,1541.8680000305176,227.2467269897461,69955,11135
timing_b16,1790935268.8975432,1541.7710990905762,227.2951889038086,69955,11135
timing_b16,1790935279.1524978,1541.7464904785156,227.31809997558594,69955,11135
timing_b16,1790935289.780299,1541.75785446167,227.33067321777344,69339,11751
timing_b16,1790935300.0119655,1541.8665084838867,227.35700225830078,69339,11751
timing_b16,1790935310.27399,1541.8881378173828,227.35700225830078,69339,11751
timing_b16,1790935320.5121434,1541.8786735534668,227.35700225830078,69339,11751
timing_b16,1790935330.7657833,1541.9423713684082,227.3570098876953,69339,11751
timing_b16,1790935341.5563095,1541.8569831848145,227.35701751708984,69339,11751
timing_b16,1790935351.7539515,1541.947654724121,227.3570213317871,69339,11751
timing_b16,1790935361.986465,1541.809658050537,227.3570213317871,69339,11751
timing_b16,1790935372.9189022,1541.9166259765625,227.3570213317871,69339,11751
timing_b16,1790935383.1549747,1541.8384857177734,227.35702896118164,69339,11751
timing_b16,1790935393.4855144,1541.8734245300293,227.3570327758789,69339,11751
timing_b16,1790935403.7077725,1541.8352699279785,227.3570327758789,69339,11751
timing_b16,1790935414.2309635,1541.7641143798828,227.35703659057617,69339,11751
timing_b16,1790935424.5519867,1541.7393188476562,227.3570442199707,69339,11751
timing_b16,1790935435.2933235,1541.8314018249512,227.35715103149414,69339,11751
timing_b16,1790935445.5294683,1541.7285766601562,227.35715103149414,69339,11751
timing_b16,1790935455.7619624,1541.785099029541,227.35751342773438,69339,11751
timing_b16,1790935466.3872273,1541.817886352539,227.36256408691406,69339,11751
timing_b16,1790935476.6201363,1541.743595123291,227.4403839111328,69339,11751
timing_b16,1790935487.143023,1541.7659797668457,227.4403839111328,69339,11751
timing_b16,1790935497.7348711,1541.8161582946777,227.4403839111328,69339,11751
timing_b16,1790935507.9719005,1541.7755165100098,227.4403953552246,69339,11751
timing_b16,1790935518.2306318,1541.768886566162,227.4403953552246,69339,11751
timing_b16,1790935528.8426604,1541.6774597167969,227.4403953552246,69339,11751
timing_b16,1790935539.0848246,1541.7018814086914,227.4403953552246,69339,11751
timing_b16,1790935549.3191195,1541.689754486084,227.4403953552246,69339,11751
timing_b16,1790935559.587015,1541.8291091918945,227.4403953552246,69339,11751
timing_b16,1790935570.1409652,1541.7412185668945,227.4403953552246,69339,11751
timing_b16,1790935580.3862932,1541.8383522033691,227.4403953552246,69339,11751
timing_b16,1790935590.715685,1541.8209495544434,227.4403953552246,69339,11751
timing_b16,1790935600.9622242,1541.9005088806152,227.4428482055664,69339,11751
timing_b16,1790935611.2009256,1541.8505210876465,227.44981384277344,69339,11751
timing_b16,1790935621.9078412,1541.84720993042,227.45756912231445,69339,11751
timing_b16,1790935632.589206,1541.806224822998,227.4679718017578,69339,11751
timing_b16,1790935642.8090327,1541.6382789611816,227.494384765625,69339,11751
timing_b16,1790935653.185777,1541.6106605529785,227.5052604675293,69339,11751
timing_b16,1790935663.4531434,1541.5916938781738,227.50527954101562,69339,11751
timing_b16,1790935673.6957028,1541.5798263549805,227.50527954101562,69339,11751
timing_b16,1790935684.3684425,1541.6220245361328,227.50527954101562,69339,11751
timing_b16,1790935696.7773325,1541.6906547546387,227.50527954101562,69339,11751
timing_b16,1790935707.0962417,1544.2968826293945,227.50527954101562,69339,11751
timing_b16,1790935717.3541605,1544.2809295654297,227.5052833557129,69339,11751
timing_b16,1790935727.5889,1544.3532676696777,227.5052833557129,69339,11751
timing_b16,1790935737.8714538,1544.4081230163574,227.5052833557129,69339,11751
timing_b16,1790935748.1124024,1544.3037223815918,227.5052833557129,69339,11751
timing_b16,1790935759.5027108,1544.3648109436035,227.5052833557129,69339,11751
timing_b16,1790935769.717978,1544.3326377868652,227.50585556030273,69339,11751
timing_b16,1790935779.9508212,1544.3726043701172,227.50588989257812,69339,11751
timing_b16,1790935790.2639678,1544.3333015441895,227.5058937072754,69339,11751
timing_b16,1790935800.5009937,1544.3282051086426,227.5058937072754,69339,11751
timing_b16,1790935810.7556088,1544.398593902588,227.5058937072754,69339,11751
timing_b16,1790935821.4785802,1544.2514839172363,227.5059051513672,69339,11751
timing_b16,1790935831.6931355,1544.296817779541,227.50590896606445,69339,11751
timing_b16,1790935841.9242175,1544.200538635254,227.50592803955078,69339,11751
timing_b16,1790935852.223956,1544.235424041748,227.51433563232422,69339,11751
timing_b16,1790935862.4649475,1544.1866416931152,227.52540588378906,69339,11751
timing_b16,1790935873.104999,1544.1742134094238,227.53235244750977,69339,11751
timing_b16,1790935883.334763,1544.2204704284668,227.53235244750977,69339,11751
timing_b16,1790935893.5692024,1544.2472038269043,227.53235244750977,69339,11751
timing_b16,1790935903.8152275,1544.245620727539,227.53235244750977,69339,11751
timing_b16,1790935915.0134096,1544.356502532959,227.53235244750977,69339,11751
timing_b16,1790935925.2512343,1544.347080230713,227.53235244750977,69339,11751
timing_b16,1790935935.4862638,1544.421962738037,227.53235244750977,69339,11751
timing_b16,1790935945.7230234,1544.3367195129395,227.53235244750977,69339,11751
timing_b16,1790935955.9637713,1544.3948402404785,227.53235244750977,69339,11751
timing_b16,1790935966.6128404,1544.3968696594238,227.53235244750977,69339,11751
timing_b16,1790935976.8434105,1544.3423347473145,227.53235244750977,69339,11751
timing_b16,1790935987.1560678,1544.3320236206055,227.53235244750977,69339,11751
timing_b16,1790935997.3925476,1544.2549781799316,227.53235244750977,69339,11751
timing_b16,1790936007.6339252,1544.388313293457,227.53235244750977,69339,11751
timing_b16,1790936018.2595913,1544.3036270141602,227.53235244750977,69339,11751
timing_b16,1790936028.6085308,1544.3039016723633,227.53235244750977,69339,11751
timing_b16,1790936039.1143038,1544.3457679748535,227.53235244750977,69339,11751
timing_b16,1790936049.351804,1544.3489799499512,227.5326042175293,69339,11751
timing_b16,1790936059.6810663,1544.4257736206055,227.53461456298828,69339,11751
timing_b16,1790936069.9216902,1544.2701148986816,227.6188850402832,69339,11751
timing_b16,1790936080.1611662,1544.3548736572266,227.6188850402832,69339,11751
timing_b16,1790936090.770696,1544.2750091552734,227.6188850402832,69339,11751
timing_b16,1790936101.0053666,1544.318645477295,227.6188850402832,69339,11751
timing_b16,1790936111.2494597,1544.3043975830078,227.6188850402832,69339,11751
timing_b16,1790936122.1672072,1544.1818466186523,227.6188850402832,69339,11751
timing_b16,1790936132.4078221,1544.1342315673828,227.6188850402832,69339,11751
timing_b16,1790936142.6492486,1544.1344871520996,227.6188850402832,69339,11751
timing_b16,1790936153.0077305,1543.745189666748,227.6188850402832,69339,11751
timing_b16,1790936163.2391558,1529.262954711914,227.6188850402832,69339,11751
timing_b16,1790936173.505101,1514.5255393981934,227.6188850402832,69339,11751
timing_b16,1790936183.9506886,1499.7375183105469,227.6188850402832,69339,11751
timing_b16,1790936194.2362251,1487.4738388061523,227.6188850402832,69339,11751
timing_b16,1790936204.7246308,1487.4797019958496,227.6188850402832,69339,11751
timing_b16,1790936217.782711,1543.7800064086914,227.6188850402832,69339,11751
timing_b16,1790936228.7123826,1543.8684310913086,227.6188850402832,69339,11751
timing_b16,1790936239.069197,1543.7755813598633,227.6188850402832,69339,11751
timing_b16,1790936250.2191575,1543.7645416259766,227.6188850402832,69339,11751
timing_b16,1790936262.3499658,1543.747356414795,227.6188850402832,69339,11751
timing_b16,1790936273.1553888,1543.7841339111328,227.6188850402832,69339,11751
timing_b16,1790936284.3031094,1543.7383842468262,227.6188850402832,69339,11751
timing_b16,1790936294.7001524,1543.72025680542,227.6188850402832,69339,11751
timing_b16,1790936305.9640183,1543.8053665161133,227.6188850402832,69339,11751
timing_b16,1790936316.2013388,1543.7135276794434,227.6188850402832,69339,11751
timing_b16,1790936327.3526669,1543.7656059265137,227.6188850402832,69339,11751
timing_b16,1790936337.6919,1543.7560501098633,227.6188850402832,69339,11751
timing_b16,1790936349.1561449,1543.6245193481445,227.6188850402832,69339,11751
timing_b16,1790936376.805696,1567.147388458252,0.0,81087,4
timing_b4,1790931763.0286725,1777.7221069335938,0.0,81090,0
timing_b4,1790931773.4471078,1775.6582565307617,3.446086883544922,80565,525
timing_b4,1790931783.847833,1773.9896850585938,5.198360443115234,78439,2651
timing_b4,1790931794.0949004,1773.2452392578125,7.302581787109375,77783,3307
timing_b4,1790931804.426093,1740.2761993408203,38.574440002441406,75415,5675
timing_b4,1790931814.6896172,1702.703254699707,75.3504867553711,75389,5701
timing_b4,1790931824.9550266,1669.5654602050781,107.43756866455078,75365,5725
timing_b4,1790931835.2935808,1641.2953186035156,134.88603973388672,75345,5745
timing_b4,1790931845.8433106,1616.266445159912,159.3215789794922,75331,5759
timing_b4,1790931856.082826,1592.6033020019531,182.1349639892578,75319,5771
timing_b4,1790931866.3108397,1574.2017860412598,199.7768669128418,75317,5773
timing_b4,1790931876.560536,1560.6999778747559,212.79322052001953,75317,5773
timing_b4,1790931887.2185173,1548.5895500183105,225.64933395385742,70935,10155
timing_b4,1790931898.0837023,1547.2218055725098,225.99505233764648,70753,10337
timing_b4,1790931908.7802227,1547.1597290039062,226.0491828918457,70753,10337
timing_b4,1790931919.0350504,1547.1558418273926,226.09527969360352,70753,10337
timing_b4,1790931929.2724404,1547.1395416259766,226.14157485961914,70741,10349
timing_b4,1790931939.5181732,1546.9696502685547,226.1901741027832,70741,10349
timing_b4,1790931949.700325,1546.929344177246,226.23522186279297,70741,10349
timing_b4,1790931959.9212494,1546.0674171447754,226.2829246520996,70741,10349
timing_b4,1790931970.9142375,1546.0005149841309,226.32609176635742,70723,10367
timing_b4,1790931981.1383243,1546.0757942199707,226.37362670898438,70723,10367
timing_b4,1790931991.36388,1545.9356803894043,226.39922332763672,70719,10371
timing_b4,1790932001.8937223,1545.9573402404785,226.45840454101562,70719,10371
timing_b4,1790932012.1257057,1545.8636665344238,226.45840454101562,70719,10371
timing_b4,1790932022.3350184,1545.9107513427734,226.45841217041016,70719,10371
timing_b4,1790932032.8458579,1545.9054069519043,226.45841217041016,70719,10371
timing_b4,1790932043.6747253,1545.8253746032715,226.45841217041016,70719,10371
timing_b4,1790932053.901455,1545.838851928711,226.45841217041016,70719,10371
timing_b4,1790932064.1786287,1545.9204483032227,226.45841217041016,70719,10371
timing_b4,1790932074.7158246,1545.8231353759766,226.45841217041016,70719,10371
timing_b4,1790932084.9687068,1545.907413482666,226.45843124389648,70719,10371
timing_b4,1790932095.5284455,1545.8407707214355,226.45844650268555,70719,10371
timing_b4,1790932105.8527205,1545.9115867614746,226.45844650268555,70719,10371
timing_b4,1790932116.0973616,1545.6680870056152,226.46671676635742,70719,10371
timing_b4,1790932126.5138738,1545.6298141479492,226.46864700317383,70719,10371
timing_b4,1790932136.7836747,1545.6390762329102,226.46864700317383,70719,10371
timing_b4,1790932147.0113854,1545.6456451416016,226.46864700317383,70719,10371
timing_b4,1790932157.3335788,1545.5848579406738,226.46891021728516,70719,10371
timing_b4,1790932167.6677287,1545.5819511413574,226.46892166137695,70719,10371
timing_b4,1790932177.8962913,1545.5819664001465,226.46946716308594,70719,10371
timing_b4,1790932188.1305554,1545.622901916504,226.47168350219727,70719,10371
timing_b4,1790932198.3700602,1545.6379928588867,226.47920989990234,70717,10373
timing_b4,1790932209.192652,1545.6758270263672,226.48980331420898,70717,10373
timing_b4,1790932219.4259536,1545.6064567565918,226.49602508544922,70717,10373
timing_b4,1790932229.6560705,1545.6115837097168,226.49603652954102,70717,10373
timing_b4,1790932239.893531,1545.6102561950684,226.49603652954102,70717,10373
timing_b4,1790932250.279819,1545.5897407531738,226.49603652954102,70717,10373
timing_b4,1790932260.58758,1545.4901428222656,226.49603652954102,70717,10373
timing_b4,1790932271.2813337,1545.4564476013184,226.49603652954102,70717,10373
timing_b4,1790932281.5129802,1545.5057525634766,226.49603652954102,70717,10373
timing_b4,1790932291.7525258,1545.586280822754,226.49604034423828,70717,10373
timing_b4,1790932302.0539248,1545.4874114990234,226.49604415893555,70717,10373
timing_b4,1790932312.2847376,1545.477035522461,226.49604415893555,70717,10373
timing_b4,1790932322.522334,1545.5346870422363,226.49604415893555,70717,10373
timing_b4,1790932332.806846,1545.532054901123,226.49604415893555,70717,10373
timing_b4,1790932343.0769897,1545.5544471740723,226.49604415893555,70717,10373
timing_b4,1790932353.765575,1545.510353088379,226.49604415893555,70717,10373
timing_b4,1790932363.9867918,1545.6667137145996,226.49604415893555,70717,10373
timing_b4,1790932374.470662,1545.613410949707,226.49604415893555,70717,10373
timing_b4,1790932385.1916995,1545.6691856384277,226.49604415893555,70717,10373
timing_b4,1790932395.4327152,1545.4873695373535,226.49605178833008,70717,10373
timing_b4,1790932405.6765628,1545.484962463379,226.4963150024414,70717,10373
timing_b4,1790932415.938631,1545.3656044006348,226.49890518188477,70717,10373
timing_b4,1790932426.176938,1545.3514862060547,226.50185775756836,70717,10373
timing_b4,1790932436.4127016,1545.4676361083984,226.50185775756836,70717,10373
timing_b4,1790932446.9114854,1545.468059539795,226.50185775756836,70717,10373
timing_b4,1790932457.144095,1545.5391082763672,226.50185775756836,70717,10373
timing_b4,1790932467.3654168,1545.5183334350586,226.50185775756836,70717,10373
timing_b4,1790932477.6389692,1545.598648071289,226.50185775756836,70717,10373
timing_b4,1790932488.246108,1545.4885902404785,226.50185775756836,70717,10373
timing_b4,1790932498.5853424,1545.5803833007812,226.50185775756836,70717,10373
timing_b4,1790932508.8194387,1545.4874382019043,226.50185775756836,70717,10373
timing_b4,1790932519.0688722,1545.569236755371,226.50185775756836,70717,10373
timing_b4,1790932529.30598,1545.4842109680176,226.5040626525879,70717,10373
timing_b4,1790932539.5409796,1545.5417556762695,226.5040626525879,70717,10373
timing_b4,1790932550.231275,1545.3921279907227,226.5040626525879,70717,10373
timing_b4,1790932560.4783473,1545.3358306884766,226.5040626525879,70717,10373
timing_b4,1790932570.9613373,1545.3094444274902,226.5040626525879,70717,10373
timing_b4,1790932581.2001853,1545.2968215942383,226.5040626525879,70717,10373
timing_b4,1790932591.630291,1545.381160736084,226.5040626525879,70717,10373
timing_b4,1790932602.0864384,1545.373935699463,226.5040626525879,70717,10373
timing_b4,1790932612.3195243,1545.4176063537598,226.5040626525879,70717,10373
timing_b4,1790932623.1042664,1545.4103240966797,226.5040626525879,70717,10373
timing_b4,1790932633.4703736,1545.5392303466797,226.5040626525879,70717,10373
timing_b4,1790932643.7053947,1545.1757354736328,226.5040626525879,70717,10373
timing_b4,1790932655.6848273,1544.6118125915527,226.5040626525879,70717,10373
timing_b4,1790932665.934563,1544.1692962646484,226.5040626525879,70717,10373
timing_b4,1790932676.2822173,1545.551929473877,226.5040626525879,70717,10373
timing_b4,1790932686.5272624,1545.3460655212402,226.5040626525879,70717,10373
timing_b4,1790932696.7590005,1545.4170455932617,226.5040626525879,70717,10373
timing_b4,1790932706.9963698,1545.4011611938477,226.5040626525879,70717,10373
timing_b4,1790932717.2718205,1545.4514465332031,226.5040626525879,70717,10373
timing_b4,1790932727.5103586,1545.407829284668,226.5040626525879,70717,10373
timing_b4,1790932737.8605402,1545.4988098144531,226.5040626525879,70717,10373
timing_b4,1790932748.4653938,1545.4035034179688,226.5040626525879,70717,10373
timing_b4,1790932758.7680666,1545.4456977844238,226.5040626525879,70717,10373
timing_b4,1790932769.6824493,1545.3982429504395,226.5040626525879,70717,10373
timing_b4,1790932779.94758,1545.4951400756836,226.5040626525879,70717,10373
timing_b4,1790932790.189075,1545.4101943969727,226.5040626525879,70717,10373
timing_b4,1790932800.7747078,1545.4481315612793,226.5040626525879,70717,10373
timing_b4,1790932811.0158508,1545.3888511657715,226.5040626525879,70717,10373
timing_b4,1790932821.6774445,1545.339282989502,226.5090103149414,70717,10373
timing_b4,1790932832.7910361,1545.2416343688965,226.5090103149414,70717,10373
timing_b4,1790932843.0390155,1545.221508026123,226.5090103149414,70717,10373
timing_b4,1790932853.2901492,1545.262809753418,226.5090103149414,70717,10373
timing_b4,1790932864.073144,1545.3257484436035,226.5090103149414,70717,10373
timing_b4,1790932874.3206525,1545.3398323059082,226.5090103149414,70717,10373
timing_b4,1790932884.5358524,1545.3378791809082,226.5090103149414,70717,10373
timing_b4,1790932894.770389,1545.3692207336426,226.5090103149414,70717,10373
timing_b4,1790932905.272878,1545.3235626220703,226.5090103149414,70717,10373
timing_b4,1790932915.5656278,1545.3879318237305,226.5090103149414,70717,10373
timing_b4,1790932925.794147,1545.293544769287,226.50976181030273,70717,10373
timing_b4,1790932936.6779869,1545.3663482666016,226.50976181030273,70717,10373
timing_b4,1790932946.924728,1545.2897033691406,226.50976181030273,70717,10373
timing_b4,1790932957.1507792,1545.336654663086,226.50976181030273,70717,10373
timing_b4,1790932967.8882232,1545.155372619629,226.50976181030273,70717,10373
timing_b4,1790932978.4858546,1545.1175804138184,226.50976181030273,70717,10373
timing_b4,1790932988.7262428,1545.0889358520508,226.50976181030273,70717,10373
timing_b4,1790932998.9688418,1545.0909614562988,226.50976181030273,70717,10373
timing_b4,1790933009.256394,1545.2908172607422,226.50976181030273,70717,10373
timing_b4,1790933020.3848248,1545.2958374023438,226.510009765625,70717,10373
timing_b4,1790933030.6236305,1545.293846130371,226.51726150512695,70717,10373
timing_b4,1790933040.8610525,1545.2967834472656,226.51726150512695,70717,10373
timing_b4,1790933051.5852604,1545.3018836975098,226.51726150512695,70717,10373
timing_b4,1790933061.8979056,1545.360595703125,226.51726150512695,70717,10373
timing_b4,1790933072.1128817,1545.3059272766113,226.51726150512695,70717,10373
timing_b4,1790933082.3507237,1545.3421936035156,226.51726150512695,70717,10373
timing_b4,1790933092.8911588,1545.216911315918,226.51726150512695,70717,10373
timing_b4,1790933103.3859522,1545.1517143249512,226.51726150512695,70717,10373
timing_b4,1790933113.6196427,1545.2332916259766,226.51726150512695,70717,10373
timing_b4,1790933123.857575,1545.2208099365234,226.51726150512695,70717,10373
timing_b4,1790933134.8520675,1545.3340110778809,226.51726150512695,70717,10373
timing_b4,1790933145.094268,1545.337818145752,226.51726150512695,70717,10373
timing_b4,1790933155.325902,1545.394359588623,226.51726150512695,70717,10373
timing_b4,1790933165.6337328,1545.4141845703125,226.51726150512695,70717,10373
timing_b4,1790933176.4246645,1545.3925590515137,226.51726150512695,70717,10373
timing_b4,1790933186.6350982,1545.3856086730957,226.51726150512695,70717,10373
timing_b4,1790933196.8691893,1545.3343544006348,226.51726150512695,70717,10373
timing_b4,1790933207.1049364,1545.3183250427246,226.51726150512695,70717,10373
timing_b4,1790933217.4126785,1545.3856506347656,226.51726150512695,70717,10373
timing_b4,1790933227.768086,1545.3309211730957,226.51726150512695,70717,10373
timing_b4,1790933238.0016708,1545.3113098144531,226.51726150512695,70717,10373
timing_b4,1790933248.2731726,1545.4106178283691,226.51726150512695,70717,10373
timing_b4,1790933258.5454166,1545.276710510254,226.51726150512695,70717,10373
timing_b4,1790933268.7849777,1545.270408630371,226.51750946044922,70717,10373
timing_b4,1790933279.0664346,1545.1754302978516,226.51811981201172,70717,10373
timing_b4,1790933289.2979257,1544.271656036377,226.51811981201172,70717,10373
timing_b4,1790933299.5373297,1545.2388916015625,226.51811981201172,70717,10373
timing_b4,1790933309.778633,1545.2318153381348,226.51811981201172,70717,10373
timing_b4,1790933320.0166364,1545.4107818603516,226.51811981201172,70717,10373
timing_b4,1790933330.8180454,1545.366382598877,226.51811981201172,70717,10373
timing_b4,1790933341.0501297,1545.4130630493164,226.51811981201172,70717,10373
timing_b4,1790933351.2868798,1545.3887634277344,226.51811981201172,70717,10373
timing_b4,1790933361.5231948,1545.3857498168945,226.51811981201172,70717,10373
timing_b4,1790933371.7370415,1545.423812866211,226.51811981201172,70717,10373
timing_b4,1790933381.9733968,1545.3723487854004,226.51811981201172,70715,10375
timing_b4,1790933392.2065928,1545.3714866638184,226.51811981201172,70715,10375
timing_b4,1790933403.2460096,1545.4315338134766,226.51811981201172,70715,10375
timing_b4,1790933413.67384,1545.4251976013184,226.51811981201172,70715,10375
timing_b4,1790933423.906814,1545.4523124694824,226.51811981201172,70715,10375
timing_b4,1790933436.5198135,1545.2866897583008,226.51811981201172,70715,10375
timing_b4,1790933446.78325,1545.2535095214844,226.51811981201172,70715,10375
timing_b4,1790933457.0232186,1545.3105087280273,226.51811981201172,70715,10375
timing_b4,1790933467.3821907,1545.3062019348145,226.51811981201172,70715,10375
timing_b4,1790933477.6248608,1545.2586936950684,226.51811981201172,70715,10375
timing_b4,1790933487.8435745,1545.3105850219727,226.51811981201172,70715,10375
timing_b4,1790933498.4412978,1545.2384300231934,226.51811981201172,70715,10375
timing_b4,1790933508.6804798,1545.3138580322266,226.51811981201172,70715,10375
timing_b4,1790933518.9206364,1545.2707786560059,226.51811981201172,70715,10375
timing_b4,1790933529.3292537,1545.3312911987305,226.51811981201172,70715,10375
timing_b4,1790933539.5676017,1545.288444519043,226.51811981201172,70715,10375
timing_b4,1790933549.8045757,1545.274501800537,226.52157974243164,70715,10375
timing_b4,1790933560.0490103,1545.1805992126465,226.52157974243164,70715,10375
timing_b4,1790933570.2790167,1545.1904296875,226.52157974243164,70715,10375
timing_b4,1790933580.5195518,1545.125087738037,226.52157974243164,70715,10375
timing_b4,1790933591.1647053,1544.580638885498,226.52157974243164,70715,10375
timing_b4,1790933601.4075208,1545.3384170532227,226.52157974243164,70715,10375
timing_b4,1790933611.6481304,1545.3307495117188,226.52157974243164,70715,10375
timing_b4,1790933621.8865917,1545.4103813171387,226.52157974243164,70715,10375
timing_b4,1790933632.1246254,1545.4112129211426,226.52157974243164,70715,10375
timing_b4,1790933642.6044047,1545.460620880127,226.52157974243164,70715,10375
timing_b4,1790933652.8386586,1545.4251441955566,226.5223388671875,70715,10375
timing_b4,1790933663.2887678,1545.446949005127,226.5223388671875,70715,10375
timing_b4,1790933673.5876184,1545.4280967712402,226.5223388671875,70715,10375
timing_b4,1790933684.0217516,1545.432445526123,226.5223388671875,70715,10375
timing_b4,1790933694.306655,1545.277172088623,226.5223388671875,70715,10375
timing_b4,1790933704.5359545,1545.3265762329102,226.5223388671875,70715,10375
timing_b4,1790933714.772286,1545.258373260498,226.5223388671875,70715,10375
timing_b4,1790933725.3130887,1545.3133735656738,226.5223388671875,70715,10375
timing_b4,1790933735.5539007,1545.251838684082,226.5223388671875,70715,10375
timing_b4,1790933745.7928205,1545.2574996948242,226.5223388671875,70715,10375
timing_b4,1790933756.0311077,1545.3223571777344,226.5223388671875,70715,10375
timing_b4,1790933766.2725744,1545.263816833496,226.5223388671875,70715,10375
timing_b4,1790933776.5091095,1545.3124542236328,226.5223388671875,70715,10375
timing_b4,1790933786.7284737,1545.3425788879395,226.5223388671875,70715,10375
timing_b4,1790933797.3769767,1545.2667922973633,226.5223388671875,70715,10375
timing_b4,1790933807.7310197,1545.3284072875977,226.5223388671875,70715,10375
timing_b4,1790933817.9676588,1545.33402633667,226.5223388671875,70715,10375
timing_b4,1790933828.207797,1545.2865715026855,226.5223388671875,70715,10375
timing_b4,1790933838.496293,1545.2869033813477,226.5223388671875,70715,10375
timing_b4,1790933848.852531,1553.335865020752,0.5179786682128906,76625,4465
timing_b4,1790933869.4512534,1653.72220993042,0.0,81087,4
timing_b8,1790933975.6250563,1776.4149208068848,0.0,81090,0
timing_b8,1790933986.005209,1773.5046081542969,4.785335540771484,80367,723
timing_b8,1790933996.4276035,1772.6276779174805,5.227230072021484,78439,2651
timing_b8,1790934006.663368,1771.8537292480469,5.991416931152344,78377,2713
timing_b8,1790934016.8960545,1748.2666854858398,29.560222625732422,75425,5665
timing_b8,1790934027.1452734,1721.8901596069336,55.20828628540039,75411,5679
timing_b8,1790934037.5111449,1698.1489753723145,78.41997146606445,75397,5693
timing_b8,1790934047.8315856,1677.5288925170898,98.22974014282227,75385,5705
timing_b8,1790934058.3086863,1658.7109260559082,116.87406539916992,75375,5715
timing_b8,1790934068.9446557,1635.2624740600586,139.30022811889648,75361,5729
timing_b8,1790934079.189787,1611.0955657958984,162.83594131469727,75347,5743
timing_b8,1790934089.5252023,1591.5796279907227,181.82519149780273,75337,5753
timing_b8,1790934099.7685678,1570.1698875427246,202.60654067993164,75325,5765
timing_b8,1790934110.0226798,1549.3222961425781,222.56584548950195,75317,5773
timing_b8,1790934120.3314824,1545.7242469787598,226.22534942626953,70475,10615
timing_b8,1790934130.5884063,1545.6514701843262,226.33716583251953,70443,10647
timing_b8,1790934140.8202481,1545.6037673950195,226.38864135742188,70443,10647
timing_b8,1790934151.774341,1545.5062446594238,226.43499755859375,70443,10647
timing_b8,1790934162.0082788,1545.4612083435059,226.48047637939453,70443,10647
timing_b8,1790934172.5186553,1545.4516563415527,226.52535247802734,70443,10647
timing_b8,1790934182.8732047,1545.3471412658691,226.57258987426758,70443,10647
timing_b8,1790934193.5158486,1545.3056259155273,226.6157341003418,70443,10647
timing_b8,1790934203.7610474,1545.3216018676758,226.66031646728516,70443,10647
timing_b8,1790934213.9887927,1545.2645301818848,226.7013168334961,70443,10647
timing_b8,1790934224.5722108,1545.0280227661133,226.74456405639648,70443,10647
timing_b8,1790934234.8010461,1544.9314002990723,226.7885284423828,70443,10647
timing_b8,1790934245.0664926,1544.9500732421875,226.81398010253906,70443,10647
timing_b8,1790934255.3317542,1545.0164489746094,226.91065216064453,70151,10939
timing_b8,1790934266.0874543,1544.9710083007812,226.91066360473633,70151,10939
timing_b8,1790934276.3459184,1545.209674835205,226.91077423095703,70151,10939
timing_b8,1790934287.1407819,1545.1269340515137,226.91089630126953,70151,10939
timing_b8,1790934297.378954,1545.220760345459,226.91091537475586,70151,10939
timing_b8,1790934307.616895,1545.1330032348633,226.91091918945312,70151,10939
timing_b8,1790934318.06162,1545.2286987304688,226.9109230041504,70151,10939
timing_b8,1790934328.297558,1545.153663635254,226.9109230041504,70151,10939
timing_b8,1790934338.8262286,1545.2033767700195,226.91097259521484,70151,10939
timing_b8,1790934349.0709527,1545.0203666687012,226.91097259521484,70151,10939
timing_b8,1790934359.3667233,1544.9943618774414,226.91107559204102,70151,10939
timing_b8,1790934369.6125479,1544.8603248596191,226.91127014160156,70151,10939
timing_b8,1790934380.187789,1544.8361015319824,226.92300415039062,70151,10939
timing_b8,1790934390.4626663,1545.044589996338,226.92410278320312,70151,10939
timing_b8,1790934400.6967971,1545.0095252990723,226.92410278320312,70151,10939
timing_b8,1790934410.9387517,1545.0404434204102,226.92410278320312,70151,10939
timing_b8,1790934421.183437,1545.0383987426758,226.92410278320312,70151,10939
timing_b8,1790934431.415144,1545.0801620483398,226.92410278320312,70151,10939
timing_b8,1790934441.650445,1545.0384063720703,226.92410278320312,70151,10939
timing_b8,1790934451.893974,1545.1253662109375,226.92410278320312,70151,10939
timing_b8,1790934462.37329,1545.1004791259766,226.92410278320312,70151,10939
timing_b8,1790934472.6044393,1545.14750289917,226.92460250854492,70151,10939
timing_b8,1790934482.8376765,1545.0887908935547,226.93218612670898,70151,10939
timing_b8,1790934493.1063573,1545.170337677002,226.94104385375977,70151,10939
timing_b8,1790934503.3695204,1544.9997215270996,226.94962310791016,70151,10939
timing_b8,1790934513.5873752,1544.9283142089844,226.9734115600586,70151,10939
timing_b8,1790934523.829019,1544.9041175842285,226.9734115600586,70151,10939
timing_b8,1790934534.06067,1544.962558746338,226.9734115600586,70151,10939
timing_b8,1790934544.390393,1544.9505043029785,226.9734115600586,70151,10939
timing_b8,1790934554.6233928,1544.9165306091309,226.9734115600586,70151,10939
timing_b8,1790934564.8571415,1544.9655799865723,226.9734115600586,70151,10939
timing_b8,1790934575.093268,1544.904987335205,226.97341918945312,70151,10939
timing_b8,1790934585.4183176,1544.9065589904785,226.97341918945312,70151,10939
timing_b8,1790934595.6506302,1544.9438591003418,226.97440719604492,70151,10939
timing_b8,1790934605.8890798,1544.8888359069824,226.97592544555664,70151,10939
timing_b8,1790934616.1828573,1544.948558807373,226.98017120361328,70151,10939
timing_b8,1790934626.817625,1544.9046936035156,226.98725128173828,70151,10939
timing_b8,1790934637.060564,1544.756492614746,226.99859619140625,70151,10939
timing_b8,1790934647.294446,1544.7857398986816,227.02230834960938,70151,10939
timing_b8,1790934657.5099344,1544.790195465088,227.02230834960938,70151,10939
timing_b8,1790934667.7235518,1544.774024963379,227.02231216430664,70151,10939
timing_b8,1790934678.3625858,1544.718059539795,227.02232360839844,70151,10939
timing_b8,1790934688.8350525,1544.5219230651855,227.02232360839844,70151,10939
timing_b8,1790934699.1358986,1544.0707244873047,227.02256774902344,70151,10939
timing_b8,1790934709.3571231,1543.603515625,227.0225715637207,70151,10939
timing_b8,1790934719.5931864,1544.5854835510254,227.0225715637207,70151,10939
timing_b8,1790934729.8253994,1544.131748199463,227.0225715637207,70151,10939
timing_b8,1790934740.0592213,1543.587688446045,227.0225715637207,70151,10939
timing_b8,1790934750.2934935,1543.0846328735352,227.0225715637207,70151,10939
timing_b8,1790934761.0247517,1542.6404304504395,227.0225715637207,70151,10939
timing_b8,1790934771.2718732,1542.2624588012695,227.0225715637207,70151,10939
timing_b8,1790934781.5100098,1542.115852355957,227.0225715637207,70151,10939
timing_b8,1790934791.7495892,1542.0144386291504,227.0225715637207,70151,10939
timing_b8,1790934802.6108994,1542.0199394226074,227.02291107177734,70151,10939
timing_b8,1790934813.5427902,1542.03763961792,227.02868270874023,70151,10939
timing_b8,1790934824.3077755,1542.1051292419434,227.02868270874023,70151,10939
timing_b8,1790934834.5474296,1542.0938034057617,227.02868270874023,70151,10939
timing_b8,1790934845.0774856,1542.162296295166,227.02868270874023,70151,10939
timing_b8,1790934855.3302288,1542.1754150390625,227.02868270874023,70151,10939
timing_b8,1790934865.6822495,1542.2043685913086,227.02868270874023,70151,10939
timing_b8,1790934875.9213889,1542.1776809692383,227.02868270874023,70151,10939
timing_b8,1790934886.1545844,1542.2165412902832,227.02868270874023,70151,10939
timing_b8,1790934896.7217002,1542.1750259399414,227.02868270874023,70151,10939
timing_b8,1790934907.1396136,1542.1506385803223,227.02868270874023,70151,10939
timing_b8,1790934917.4312706,1542.1837882995605,227.02868270874023,70151,10939
timing_b8,1790934927.665449,1542.1583938598633,227.02868270874023,70151,10939
timing_b8,1790934938.0096426,1542.119686126709,227.02868270874023,70151,10939
timing_b8,1790934948.2428315,1551.5155601501465,0.5179328918457031,76091,4999
timing_b8,1790934967.149153,1666.284278869629,0.0,81087,4
timing_b8,1790934977.5439322,1773.5002975463867,0.0,81090,0
