kind,label,peer_activation_bytes,expert_h2d_bytes,dominates_old_rhos,future_incremental_gate,current_gate,modest_gate,nondominated
historical,F,334970880,166424739840,[],False,False,False,False
historical,rho=0.125,262500352,196878532608,[],False,False,False,True
historical,K,194297856,235231248384,[],False,False,False,True
historical,rho=0.5,50286592,365662568448,[],False,False,False,True
historical,C,0,433034625024,[],False,False,False,True
single_copy,F,334970880,166424739840,[],False,False,False,False
single_copy,O0,318341120,166434177024,[],False,False,False,True
single_copy,OH1,322428928,164490117120,[],False,False,False,True
single_copy,OH2,326037504,162036449280,[],False,False,False,True
single_copy,OH4,329441280,160573685760,[],False,False,False,True
single_copy,OHremaining,330264576,159837585408,[],False,False,False,True
