batch,policy,owner_decisions,owner_changes,fraction_owner_differs_F,owner_choice_histogram,evictions_per_rank,mean_unique_per_rank,peak_unique_per_rank,next_demand_eligible,survived_next_demand,fraction_survived_next_demand,changed_next_demand_eligible,changed_survived_next_demand,admissions_without_observed_next_demand,owner_attributable_peer_bytes_saved
8,F,17635,0,0.0,"[6136, 3971, 3930, 3598]","[6136, 3971, 3930, 3598]","[461.0, 461.0, 461.0, 460.0]","[461, 461, 461, 460]",13459,610,0.04532283230552047,0,0,4176,0
8,O0,17636,1574,0.0892492628713994,"[6331, 3798, 4023, 3484]","[6331, 3798, 4023, 3484]","[461.0, 461.0, 461.0, 460.0]","[461, 461, 461, 460]",13464,577,0.04285502079619727,1368,72,4172,17305600
8,OH1,17430,2976,0.17074010327022376,"[6328, 3586, 4161, 3355]","[6328, 3586, 4161, 3355]","[461.0, 461.0, 461.0, 460.0]","[461, 461, 461, 460]",13260,722,0.05444947209653092,2765,166,4170,13512704
8,OH2,17170,3359,0.19563191613278974,"[6429, 3353, 4226, 3162]","[6429, 3353, 4226, 3162]","[461.0, 461.0, 461.0, 460.0]","[461, 461, 461, 460]",13010,878,0.06748654880860876,3151,214,4160,11083776
8,OH4,17015,3615,0.21245959447546284,"[6437, 3084, 4413, 3081]","[6437, 3084, 4413, 3081]","[461.0, 461.0, 461.0, 460.0]","[461, 461, 461, 460]",12867,964,0.0749203388513251,3404,231,4148,7634944
8,OHremaining,16937,3705,0.21875184507291728,"[6393, 2946, 4507, 3091]","[6393, 2946, 4507, 3091]","[461.0, 461.0, 461.0, 460.0]","[461, 461, 461, 460]",12788,959,0.07499218016890835,3493,218,4149,6782976
16,F,21565,0,0.0,"[7441, 6250, 4003, 3871]","[7441, 6250, 4003, 3871]","[461.0, 461.0, 461.0, 460.0]","[461, 461, 461, 460]",17106,362,0.0211621653221092,0,0,4459,0
16,O0,21387,2655,0.1241408332164399,"[8017, 5621, 3661, 4088]","[8017, 5621, 3661, 4088]","[461.0, 461.0, 461.0, 460.0]","[461, 461, 461, 460]",16932,409,0.024155445310654382,2227,59,4455,46522368
16,OH1,21228,4718,0.22225362728471829,"[8366, 5190, 3550, 4122]","[8366, 5190, 3550, 4122]","[461.0, 461.0, 461.0, 460.0]","[461, 461, 461, 460]",16779,576,0.0343286250670481,4293,177,4449,45457408
16,OH2,21130,5498,0.2601987695220066,"[8849, 4739, 3404, 4138]","[8849, 4739, 3404, 4138]","[461.0, 461.0, 461.0, 460.0]","[461, 461, 461, 460]",16686,552,0.03308162531463502,5071,164,4444,40927232
16,OH4,21285,5801,0.2725393469579516,"[8860, 4689, 3483, 4253]","[8860, 4689, 3483, 4253]","[461.0, 461.0, 461.0, 460.0]","[461, 461, 461, 460]",16839,462,0.02743630856939248,5377,145,4446,38150144
16,OHremaining,21317,5884,0.2760238307454145,"[8748, 4769, 3546, 4254]","[8748, 4769, 3546, 4254]","[461.0, 461.0, 461.0, 460.0]","[461, 461, 461, 460]",16869,461,0.027328235224376076,5460,160,4448,34254848
32,F,24801,0,0.0,"[7917, 6919, 5307, 4658]","[7917, 6919, 5307, 4658]","[461.0, 461.0, 461.0, 460.0]","[461, 461, 461, 460]",20113,116,0.005767414110276935,0,0,4688,0
32,O0,24596,3510,0.1427061310782241,"[8274, 6465, 5232, 4625]","[8274, 6465, 5232, 4625]","[461.0, 461.0, 461.0, 460.0]","[461, 461, 461, 460]",19909,189,0.009493194032849464,2963,21,4687,96940032
32,OH1,24418,6491,0.26582848718158736,"[8513, 5938, 5314, 4653]","[8513, 5938, 5314, 4653]","[461.0, 461.0, 461.0, 460.0]","[461, 461, 461, 460]",19732,327,0.01657206568011352,5943,83,4686,83087360
32,OH2,24409,7282,0.2983325822442542,"[8689, 5770, 5102, 4848]","[8689, 5770, 5102, 4848]","[461.0, 461.0, 461.0, 460.0]","[461, 461, 461, 460]",19723,361,0.018303503523804696,6735,118,4686,76677120
32,OH4,24454,7753,0.31704424634006706,"[8736, 5748, 4859, 5111]","[8736, 5748, 4859, 5111]","[461.0, 461.0, 461.0, 460.0]","[461, 461, 461, 460]",19770,334,0.01689428426909459,7209,110,4684,63836160
32,OHremaining,24501,7978,0.325619362475001,"[8763, 5825, 4722, 5191]","[8763, 5825, 4722, 5191]","[461.0, 461.0, 461.0, 460.0]","[461, 461, 461, 460]",19816,334,0.016855066612838112,7434,127,4685,58290176
