batch,policy,first_copy_fetches,reload_fetches,replica_fetches,total_fetches,expert_h2d_bytes,peer_activation_bytes,dispatch_bytes,combine_bytes,remote_token_rank_pairs,remote_expert_routes,events,duplicate_slot_mean,duplicate_slot_peak,unique_resident_experts_mean,local_service_fraction,mean_unique_per_rank,peak_unique_per_rank,evictions_per_rank,owner_choice_histogram,owner_decisions,owner_changes,fraction_owner_differs_F,next_demand_eligible,survived_next_demand,fraction_survived_next_demand,changed_next_demand_eligible,changed_survived_next_demand,admissions_without_observed_next_demand,owner_attributable_peer_bytes_saved,deterministic_sha256
8,F,194,17441,0,17635,166424739840,334970880,94941184,240029696,23179,58601,384,0,0,1843,0.4038798014322917,"[461.0, 461.0, 461.0, 460.0]","[461, 461, 461, 460]","[6136, 3971, 3930, 3598]","[6136, 3971, 3930, 3598]",17635,0,0.0,13459,610,0.04532283230552047,0,0,4176,0,efaa3443a566e426fff205877e9bc85772cebbe6334be8c14b7aa9b51891d7d6
8,O0,194,17442,0,17636,166434177024,318341120,73953280,244387840,18055,59665,384,0,0,1843,0.3930562337239583,"[461.0, 461.0, 461.0, 460.0]","[461, 461, 461, 460]","[6331, 3798, 4023, 3484]","[6331, 3798, 4023, 3484]",17636,1574,0.0892492628713994,13464,577,0.04285502079619727,1368,72,4172,17305600,24fe54cf4d1d8db6f77ad50e081eb0fee11a4f798998259ad9ed6790e1214142
8,OH1,194,17236,0,17430,164490117120,322428928,73093120,249335808,17845,60873,384,0,0,1843,0.380767822265625,"[461.0, 461.0, 461.0, 460.0]","[461, 461, 461, 460]","[6328, 3586, 4161, 3355]","[6328, 3586, 4161, 3355]",17430,2976,0.17074010327022376,13260,722,0.05444947209653092,2765,166,4170,13512704,71b35bda953d46f054da62ad12afc6c06effb2b8ebef9ceeed6994f27ca4687f
8,OH2,194,16976,0,17170,162036449280,326037504,74051584,251985920,18079,61520,384,0,0,1843,0.3741861979166667,"[461.0, 461.0, 461.0, 460.0]","[461, 461, 461, 460]","[6429, 3353, 4226, 3162]","[6429, 3353, 4226, 3162]",17170,3359,0.19563191613278974,13010,878,0.06748654880860876,3151,214,4160,11083776,f579fef274aea29c9b3c698429a7aa506e5965e70656e565e851df459f8ade24
8,OH4,194,16821,0,17015,160573685760,329441280,75784192,253657088,18502,61928,384,0,0,1843,0.3700358072916667,"[461.0, 461.0, 461.0, 460.0]","[461, 461, 461, 460]","[6437, 3084, 4413, 3081]","[6437, 3084, 4413, 3081]",17015,3615,0.21245959447546284,12867,964,0.0749203388513251,3404,231,4148,7634944,58e7528bb98efb765573edc62abba9464c00d1d738f3142309f0ff43bed96864
8,OHremaining,194,16743,0,16937,159837585408,330264576,75935744,254328832,18539,62092,384,0,0,1843,0.3683675130208333,"[461.0, 461.0, 461.0, 460.0]","[461, 461, 461, 460]","[6393, 2946, 4507, 3091]","[6393, 2946, 4507, 3091]",16937,3705,0.21875184507291728,12788,959,0.07499218016890835,3493,218,4149,6782976,33eaf25f0b3dd9056eae069fc4e2551d3a3d887c2407eec76332e0fd5f86e3dd
16,F,160,21405,0,21565,203512872960,717385728,199221248,518164480,48638,126505,384,0,0,1843,0.3565622965494792,"[461.0, 461.0, 461.0, 460.0]","[461, 461, 461, 460]","[7441, 6250, 4003, 3871]","[7441, 6250, 4003, 3871]",21565,0,0.0,17106,362,0.0211621653221092,0,0,4459,0,790bd875e9cf3fb56fb126522444b0f8cff14fce684fde66a37c1ec349c7f3a0
16,O0,160,21227,0,21387,201833054208,672845824,144371712,528474112,35247,129022,384,0,0,1843,0.3437601725260417,"[461.0, 461.0, 461.0, 460.0]","[461, 461, 461, 460]","[8017, 5621, 3661, 4088]","[8017, 5621, 3661, 4088]",21387,2655,0.1241408332164399,16932,409,0.024155445310654382,2227,59,4455,46522368,8fb692a7cd0f2d7f76a940bc3973d5fc5caa5823d151e24919d1b9b9c03e3f5d
16,OH1,160,21068,0,21228,200332541952,674680832,136814592,537866240,33402,131315,384,0,0,1843,0.3320973714192708,"[461.0, 461.0, 461.0, 460.0]","[461, 461, 461, 460]","[8366, 5190, 3550, 4122]","[8366, 5190, 3550, 4122]",21228,4718,0.22225362728471829,16779,576,0.0343286250670481,4293,177,4449,45457408,dd5c7b3ef232423b04abdfd9eeb0f607df4463d921abd6a9bf07a9475698495c
16,OH2,160,20970,0,21130,199407697920,679825408,136568832,543256576,33342,132631,384,0,0,1843,0.3254038492838542,"[461.0, 461.0, 461.0, 460.0]","[461, 461, 461, 460]","[8849, 4739, 3404, 4138]","[8849, 4739, 3404, 4138]",21130,5498,0.2601987695220066,16686,552,0.03308162531463502,5071,164,4444,40927232,96e86ec56b72a25b9069730defc94250640c521a52254a0d39757d37a20607a1
16,OH4,160,21125,0,21285,200870461440,681058304,136126464,544931840,33234,133040,384,0,0,1843,0.3233235677083333,"[461.0, 461.0, 461.0, 460.0]","[461, 461, 461, 460]","[8860, 4689, 3483, 4253]","[8860, 4689, 3483, 4253]",21285,5801,0.2725393469579516,16839,462,0.02743630856939248,5377,145,4446,38150144,eeb3adc2a629105c4a386f7154123be9ab6e877583c0eefe1fe359cd11852240
16,OHremaining,160,21157,0,21317,201172451328,684318720,138756096,545562624,33876,133194,384,0,0,1843,0.322540283203125,"[461.0, 461.0, 461.0, 460.0]","[461, 461, 461, 460]","[8748, 4769, 3546, 4254]","[8748, 4769, 3546, 4254]",21317,5884,0.2760238307454145,16869,461,0.027328235224376076,5460,160,4448,34254848,9b46c26c737cc2ae031308217922abd758f7ca583718562a1e11c66d59edb18a
32,F,130,24671,0,24801,234051600384,1467256832,402190336,1065066496,98191,260026,384,0,0,1843,0.3387196858723958,"[461.0, 461.0, 461.0, 460.0]","[461, 461, 461, 460]","[7917, 6919, 5307, 4658]","[7917, 6919, 5307, 4658]",24801,0,0.0,20113,116,0.005767414110276935,0,0,4688,0,ee879bbc518e98e171fbb3923663b4b74e91a278ca05a4f4bcdc90fccd46d89d
32,O0,130,24466,0,24596,232116977664,1372041216,288493568,1083547648,70433,264538,384,0,0,1843,0.3272450764973958,"[461.0, 461.0, 461.0, 460.0]","[461, 461, 461, 460]","[8274, 6465, 5232, 4625]","[8274, 6465, 5232, 4625]",24596,3510,0.1427061310782241,19909,189,0.009493194032849464,2963,21,4687,96940032,a16fc7c82af3869d5bac237b466e3342e6ca22957a907629661e77dbd4d7cdf7
32,OH1,130,24288,0,24418,230437158912,1387196416,282165248,1105031168,68888,269783,384,0,0,1843,0.31390635172526044,"[461.0, 461.0, 461.0, 460.0]","[461, 461, 461, 460]","[8513, 5938, 5314, 4653]","[8513, 5938, 5314, 4653]",24418,6491,0.26582848718158736,19732,327,0.01657206568011352,5943,83,4686,83087360,c09231ff51f681cc845e4dca48fb5e08cb66807b96ba93a17cf95c8bfb77258c
32,OH2,130,24279,0,24409,230352224256,1395343360,283119616,1112223744,69121,271539,384,0,0,1843,0.30944061279296875,"[461.0, 461.0, 461.0, 460.0]","[461, 461, 461, 460]","[8689, 5770, 5102, 4848]","[8689, 5770, 5102, 4848]",24409,7282,0.2983325822442542,19723,361,0.018303503523804696,6735,118,4686,76677120,923e75198c14ca8fafc2814d8280d3ffb599528783d72478355b8c6d74cdbc38
32,OH4,130,24324,0,24454,230776897536,1405968384,287330304,1118638080,70149,273105,384,0,0,1843,0.30545806884765625,"[461.0, 461.0, 461.0, 460.0]","[461, 461, 461, 460]","[8736, 5748, 4859, 5111]","[8736, 5748, 4859, 5111]",24454,7753,0.31704424634006706,19770,334,0.01689428426909459,7209,110,4684,63836160,ae73aa1fd4316b0923077f618506e7a53a98572289679a21b9b5adaabe49fc3c
32,OHremaining,130,24371,0,24501,231220445184,1411399680,289730560,1121669120,70735,273845,384,0,0,1843,0.30357615152994794,"[461.0, 461.0, 461.0, 460.0]","[461, 461, 461, 460]","[8763, 5825, 4722, 5191]","[8763, 5825, 4722, 5191]",24501,7978,0.325619362475001,19816,334,0.016855066612838112,7434,127,4685,58290176,b3a321e2d0e033c213438d4d3d39664b89fd04658fde7948acbcf4a453c20c28
