world,local_batch,policy,tpot_speedup,e2e_reduction,remote_reduction,remote_fraction_change,fetch_change
8,8,hungarian_current,0.8664914438028565,-0.17739051825922458,0.20601924577703912,-0.02706412734519348,0.0022770151584152742
8,8,hungarian_same_path,1.0527931596668354,0.04651113651062477,0.21351654773377615,-0.028378434474746972,0.03020840110164169
8,4,hungarian_current,1.631335654554906,0.38175202595879154,0.22855440070671673,-0.03900788660858234,-0.09026203405915534
8,4,hungarian_same_path,1.340870282131703,0.24930501189302734,0.23453740061795447,-0.038853986953548025,-0.04995518532187482
8,16,hungarian_current,1.097974808394271,0.07934503346282296,0.1956389136282778,-0.021536507444614328,0.014750655725261685
8,16,hungarian_same_path,0.9713054110867293,-0.03247095073277095,0.19744462144569608,-0.021016769388388257,0.006409661721668902
8,32,hungarian_current,1.0609936203357788,0.02513033695999556,0.22248235814253658,-0.016454075263710455,-0.005110419026047586
8,32,hungarian_same_path,0.8308357144172729,-0.1984299447935114,0.22612838636925514,-0.016175702021843485,-0.011813420158550358
4,8,hungarian_current,0.9308736132321586,-0.04722661575727338,0.17088152603295492,-0.027837194714664948,-0.0573641638322806
4,8,hungarian_same_path,0.8562384589605965,-0.1482520366939375,0.17607921990106412,-0.026539192305253367,-0.015077028610626764
