world,event,mode,layer,active_experts,local_pair_fraction,remote_pair_fraction,route_local_fraction,local_pairs,remote_pairs,rank_token_cv,rank_token_max_mean,peer_payload_tx_bytes,all_submitted_peer_tx_bytes,expert_h2d_bytes,moe_seconds_median,moe_seconds_min,moe_seconds_max,diagnostic_nccl_ms_median,diagnostic_nccl_ms_min,diagnostic_nccl_ms_max
8,low,LOCAL_MAX,3,12,0.136986301369863,0.863013698630137,0.1328125,40,252,0.768589596663317,1.7534246575342465,2880096,2887264,0,0.006160477176308632,0.0060368552803993225,0.007571155205368996,3.792495980858803,3.703839957714081,4.519584015011787
8,low,LOCAL_HIGH,3,12,0.1282798833819242,0.8717201166180758,0.134765625,44,299,0.6211965332286612,1.4927113702623906,3072632,3079800,0,0.006086091976612806,0.005996656604111195,0.006560836918652058,3.7361600175499916,3.6616000533103943,4.886271923780441
8,low,LOCAL_MID,3,12,0.11959287531806616,0.8804071246819338,0.119140625,47,346,0.40089864027962197,1.3027989821882953,3302176,3309344,0,0.006061157211661339,0.005952686071395874,0.0065686823800206184,3.704847991466522,3.049535945057869,4.342432022094727
8,low,LOCAL_LOW,3,12,0.11659192825112108,0.8834080717488789,0.119140625,52,394,0.23842843117593623,1.147982062780269,3503008,3510176,0,0.006116647273302078,0.00602007657289505,0.007616737857460976,3.7627039924263954,3.6602879762649536,4.644095957279205
8,low,REMOTE_MAX,3,12,0.125,0.875,0.12890625,63,441,0.031746031746031744,1.0158730158730158,3679096,3686264,0,0.006093883421272039,0.006009805016219616,0.006919856183230877,3.756944067776203,3.622591957449913,4.677823998034
8,median,LOCAL_MAX,41,59,0.16666666666666666,0.8333333333333334,0.140625,26,130,0.6970398573881121,2.4615384615384617,2353200,2360368,0,0.011999452486634254,0.011926956474781036,0.01250250730663538,5.869903936982155,3.1764159500598907,6.2169279754161835
8,median,LOCAL_HIGH,41,59,0.1487603305785124,0.8512396694214877,0.138671875,36,206,0.3669086426516217,1.6198347107438016,2675296,2682464,0,0.01208424149081111,0.011979810893535614,0.012209952808916569,5.892703972756863,5.817151993513107,6.138848181813955
8,median,LOCAL_MID,41,59,0.13538461538461538,0.8646153846153846,0.138671875,44,281,0.2806416991710417,1.5261538461538462,2989096,2996264,0,0.012172878254204988,0.01211270596832037,0.012382003478705883,6.043039754033089,5.937408000230789,6.385888069868088
8,median,LOCAL_LOW,41,59,0.13381995133819952,0.8661800486618005,0.1484375,55,356,0.1688326059302245,1.2068126520681266,3282336,3289504,0,0.012229182291775942,0.012067886069417,0.013368897140026093,5.981935985386372,4.869120091199875,6.457215949892998
8,median,REMOTE_MAX,41,59,0.11475409836065574,0.8852459016393442,0.11328125,56,432,0.05248462489699056,1.0491803278688525,3674336,3681504,0,0.012180210091173649,0.012091364711523056,0.012647422961890697,6.005696160718799,5.942752197384834,6.7597121596336365
8,high,LOCAL_MAX,0,99,0.1377245508982036,0.8622754491017964,0.103515625,23,144,0.44388183959872446,1.964071856287425,2489904,2497072,0,0.01592014543712139,0.015788842923939228,0.016276005655527115,8.003056094050407,5.024607941508293,8.346271827816963
8,high,LOCAL_HIGH,0,99,0.12955465587044535,0.8704453441295547,0.115234375,32,215,0.36694994811282317,1.7165991902834008,2762296,2769464,0,0.015962036792188883,0.015804649330675602,0.016230396926403046,8.05196788907051,7.920736014842987,8.266144067049026
8,high,LOCAL_MID,0,99,0.1337386018237082,0.8662613981762918,0.123046875,44,285,0.21559131460553596,1.2887537993920972,3038728,3045896,0,0.01656075706705451,0.01583939790725708,0.020461853593587875,8.058287881314754,7.930783957242966,8.151776224374771
8,high,LOCAL_LOW,0,99,0.12530712530712532,0.8746928746928747,0.119140625,51,356,0.12134209557607613,1.1400491400491402,3344016,3351184,0,0.016032725106924772,0.015877987258136272,0.01780236978083849,8.052176013588905,7.957791864871979,8.422880202531815
8,high,REMOTE_MAX,0,99,0.10482180293501048,0.8951781970649895,0.103515625,50,427,0.03016246241077182,1.0566037735849056,3673976,3681144,0,0.015973583795130253,0.015869670547544956,0.01633570436388254,8.056655943393707,7.948607981204987,8.24076797068119
4,low,LOCAL_MAX,3,12,0.2524271844660194,0.7475728155339806,0.2578125,26,77,0.4204006814487566,1.2427184466019416,1103448,1104216,0,0.0038725314661860466,0.00378629844635725,0.006984563544392586,0.9724000003188848,0.8416000083088875,3.777856059372425
4,low,LOCAL_HIGH,3,12,0.23853211009174313,0.7614678899082569,0.2421875,26,83,0.30191711324595105,1.1743119266055047,1145000,1145768,0,0.0037995222955942154,0.003757433034479618,0.0056477803736925125,0.947744008153677,0.8359679952263832,3.8824320286512375
4,low,LOCAL_MID,3,12,0.2608695652173913,0.7391304347826086,0.265625,30,85,0.11891125505371603,1.1130434782608696,1128696,1129464,0,0.003845994360744953,0.003735125996172428,0.0068288035690784454,0.9262560065835714,0.81836798787117,4.757375955581665
4,low,LOCAL_LOW,3,12,0.2601626016260163,0.7398373983739838,0.265625,32,91,0.070408569413369,1.0406504065040652,1153800,1154568,0,0.0038049337454140186,0.0037480592727661133,0.005633534863591194,1.0479680094867945,0.8679999820888042,4.6580798998475075
4,low,REMOTE_MAX,3,12,0.25,0.75,0.2734375,32,96,0.0,1.0,1166496,1167264,0,0.003847808111459017,0.003762981854379177,0.006302223540842533,1.2111359871923923,0.85139200091362,4.243775926530361
4,median,LOCAL_MAX,4,49,0.3076923076923077,0.6923076923076923,0.2890625,20,45,0.36504032362168226,1.6,936664,937432,0,0.008297938853502274,0.008204784244298935,0.00915664341300726,1.3683199789375067,1.1685120090842247,2.9236159920692444
4,median,LOCAL_HIGH,4,49,0.2926829268292683,0.7073170731707317,0.2890625,24,58,0.2451189175883144,1.2682926829268293,991056,991824,0,0.008318819105625153,0.008167477324604988,0.009097260423004627,1.3867360316216946,1.2426239736378193,2.6717440113425255
4,median,LOCAL_MID,4,49,0.27835051546391754,0.7216494845360825,0.265625,27,70,0.19204057742471295,1.2371134020618557,1065936,1066704,0,0.00830087997019291,0.008153210394084454,0.011561126448214054,1.364639999344945,1.2549120225012302,2.9525440521538258
4,median,LOCAL_LOW,4,49,0.25892857142857145,0.7410714285714286,0.28125,29,83,0.1336306209562122,1.1428571428571428,1103880,1104648,0,0.009862301871180534,0.009007600136101246,0.011905664578080177,1.5073760189116001,1.2312640026211739,2.4137599989771843
4,median,REMOTE_MAX,4,49,0.2440944881889764,0.7559055118110236,0.26171875,31,96,0.01363819533518801,1.0078740157480315,1178832,1179600,0,0.008299368899315596,0.008206057362258434,0.009481213986873627,1.3399679847061634,1.2029440067708492,2.6548800319433212
4,high,LOCAL_MAX,47,88,0.32,0.68,0.3203125,24,51,0.09521904571390467,1.12,928872,929640,0,0.01219727797433734,0.011932223103940487,0.014924122020602226,2.665423985570669,1.1140480004251003,5.498816080391407
4,high,LOCAL_HIGH,47,88,0.30337078651685395,0.6966292134831461,0.3046875,27,62,0.14692917787215753,1.1235955056179776,991344,992112,0,0.012288025580346584,0.012003778479993343,0.012708397582173347,1.338688001036644,1.139840018004179,1.9175999388098717
4,high,LOCAL_MID,47,88,0.27450980392156865,0.7254901960784313,0.2890625,28,74,0.07069708383262724,1.0980392156862746,1058000,1058768,0,0.012188737746328115,0.011911497451364994,0.012595989741384983,1.3397279866039753,1.1731840148568153,2.324703983962536
4,high,LOCAL_LOW,47,88,0.2608695652173913,0.7391304347826086,0.28515625,30,85,0.06679257172059659,1.0782608695652174,1108136,1108904,0,0.012215358205139637,0.01196045521646738,0.013336087577044964,1.251503985375166,0.9149120002985001,3.230720065534115
4,high,REMOTE_MAX,47,88,0.2440944881889764,0.7559055118110236,0.2734375,31,96,0.01363819533518801,1.0078740157480315,1166496,1167264,0,0.013710999861359596,0.012348396703600883,0.015341260470449924,1.5812159851193428,1.3718720152974129,1.982272021472454
