world,event,mode,iteration,remote_pair_fraction,moe_layer_seconds,diagnostic_nccl_interval_ms,peer_payload_tx_bytes,all_submitted_peer_tx_bytes,expert_h2d_bytes
8,low,LOCAL_MAX,0,0.863013698630137,0.007319812662899494,3.803519994020462,2880096,2887264,0
8,low,LOCAL_MAX,1,0.863013698630137,0.00706089660525322,3.8366080075502396,2880096,2887264,0
8,low,LOCAL_MAX,2,0.863013698630137,0.006585273891687393,3.726879984140396,2880096,2887264,0
8,low,LOCAL_MAX,3,0.863013698630137,0.006382523104548454,3.81324802339077,2880096,2887264,0
8,low,LOCAL_MAX,4,0.863013698630137,0.006141895428299904,3.7705920189619064,2880096,2887264,0
8,low,LOCAL_MAX,5,0.863013698630137,0.006148011423647404,3.76780803501606,2880096,2887264,0
8,low,LOCAL_MAX,6,0.863013698630137,0.00613121222704649,4.519584015011787,2880096,2887264,0
8,low,LOCAL_MAX,7,0.863013698630137,0.00617294292896986,3.8093120008707047,2880096,2887264,0
8,low,LOCAL_MAX,8,0.863013698630137,0.006173327565193176,3.9154240265488625,2880096,2887264,0
8,low,LOCAL_MAX,9,0.863013698630137,0.006418078206479549,3.7155200242996216,2880096,2887264,0
8,low,LOCAL_MAX,10,0.863013698630137,0.006114110350608826,3.7586880326271057,2880096,2887264,0
8,low,LOCAL_MAX,11,0.863013698630137,0.0060368552803993225,4.115648075938225,2880096,2887264,0
8,low,LOCAL_MAX,12,0.863013698630137,0.006358470767736435,3.990944057703018,2880096,2887264,0
8,low,LOCAL_MAX,13,0.863013698630137,0.007115830667316914,3.780767947435379,2880096,2887264,0
8,low,LOCAL_MAX,14,0.863013698630137,0.0060837119817733765,3.820639953017235,2880096,2887264,0
8,low,LOCAL_MAX,15,0.863013698630137,0.006130886264145374,3.7814719676971436,2880096,2887264,0
8,low,LOCAL_MAX,16,0.863013698630137,0.006083144806325436,3.756575956940651,2880096,2887264,0
8,low,LOCAL_MAX,17,0.863013698630137,0.006052117794752121,3.703839957714081,2880096,2887264,0
8,low,LOCAL_MAX,18,0.863013698630137,0.007571155205368996,3.809856042265892,2880096,2887264,0
8,low,LOCAL_MAX,19,0.863013698630137,0.00610637292265892,3.755392014980316,2880096,2887264,0
8,low,LOCAL_HIGH,0,0.8717201166180758,0.006100121885538101,3.712256044149399,3072632,3079800,0
8,low,LOCAL_HIGH,1,0.8717201166180758,0.006066629663109779,4.886271923780441,3072632,3079800,0
8,low,LOCAL_HIGH,2,0.8717201166180758,0.006070397794246674,3.7153919637203217,3072632,3079800,0
8,low,LOCAL_HIGH,3,0.8717201166180758,0.006140844896435738,3.893887996673584,3072632,3079800,0
8,low,LOCAL_HIGH,4,0.8717201166180758,0.0060636503621935844,3.790112003684044,3072632,3079800,0
8,low,LOCAL_HIGH,5,0.8717201166180758,0.006481745280325413,3.6616000533103943,3072632,3079800,0
8,low,LOCAL_HIGH,6,0.8717201166180758,0.0061242301017045975,3.6967679411172867,3072632,3079800,0
8,low,LOCAL_HIGH,7,0.8717201166180758,0.006560836918652058,4.276895970106125,3072632,3079800,0
8,low,LOCAL_HIGH,8,0.8717201166180758,0.0061186738312244415,3.7235840260982513,3072632,3079800,0
8,low,LOCAL_HIGH,9,0.8717201166180758,0.006098894402384758,3.7323840111494064,3072632,3079800,0
8,low,LOCAL_HIGH,10,0.8717201166180758,0.006046461872756481,3.7466879785060883,3072632,3079800,0
8,low,LOCAL_HIGH,11,0.8717201166180758,0.006462892517447472,3.678911969065666,3072632,3079800,0
8,low,LOCAL_HIGH,12,0.8717201166180758,0.00624261237680912,3.739936023950577,3072632,3079800,0
8,low,LOCAL_HIGH,13,0.8717201166180758,0.006117701530456543,3.729824036359787,3072632,3079800,0
8,low,LOCAL_HIGH,14,0.8717201166180758,0.006073289550840855,3.691679984331131,3072632,3079800,0
8,low,LOCAL_HIGH,15,0.8717201166180758,0.0060524772852659225,3.756032034754753,3072632,3079800,0
8,low,LOCAL_HIGH,16,0.8717201166180758,0.006067347712814808,3.825663983821869,3072632,3079800,0
8,low,LOCAL_HIGH,17,0.8717201166180758,0.00604608841240406,3.838592015206814,3072632,3079800,0
8,low,LOCAL_HIGH,18,0.8717201166180758,0.005996656604111195,3.725792035460472,3072632,3079800,0
8,low,LOCAL_HIGH,19,0.8717201166180758,0.006039881147444248,3.7456000447273254,3072632,3079800,0
8,low,LOCAL_MID,0,0.8804071246819338,0.0062492527067661285,3.6787839829921722,3302176,3309344,0
8,low,LOCAL_MID,1,0.8804071246819338,0.006102443672716618,4.05545599758625,3302176,3309344,0
8,low,LOCAL_MID,2,0.8804071246819338,0.006048433482646942,3.376191943883896,3302176,3309344,0
8,low,LOCAL_MID,3,0.8804071246819338,0.006176367402076721,3.049535945057869,3302176,3309344,0
8,low,LOCAL_MID,4,0.8804071246819338,0.006132606416940689,3.4482559710741043,3302176,3309344,0
8,low,LOCAL_MID,5,0.8804071246819338,0.005952686071395874,3.6467199623584747,3302176,3309344,0
8,low,LOCAL_MID,6,0.8804071246819338,0.006217139773070812,3.604831963777542,3302176,3309344,0
8,low,LOCAL_MID,7,0.8804071246819338,0.006041308864951134,3.711711958050728,3302176,3309344,0
8,low,LOCAL_MID,8,0.8804071246819338,0.0060172127559781075,3.6908160150051117,3302176,3309344,0
8,low,LOCAL_MID,9,0.8804071246819338,0.006019477732479572,3.674527958035469,3302176,3309344,0
8,low,LOCAL_MID,10,0.8804071246819338,0.00599062442779541,3.7236480116844177,3302176,3309344,0
8,low,LOCAL_MID,11,0.8804071246819338,0.00608767569065094,3.725920021533966,3302176,3309344,0
8,low,LOCAL_MID,12,0.8804071246819338,0.006036442704498768,3.7342400401830673,3302176,3309344,0
8,low,LOCAL_MID,13,0.8804071246819338,0.006073731929063797,3.783392056822777,3302176,3309344,0
8,low,LOCAL_MID,14,0.8804071246819338,0.005997997708618641,3.727776065468788,3302176,3309344,0
8,low,LOCAL_MID,15,0.8804071246819338,0.006043017841875553,4.342432022094727,3302176,3309344,0
8,low,LOCAL_MID,16,0.8804071246819338,0.0065686823800206184,3.7256640195846558,3302176,3309344,0
8,low,LOCAL_MID,17,0.8804071246819338,0.006556923501193523,3.6495360285043716,3302176,3309344,0
8,low,LOCAL_MID,18,0.8804071246819338,0.006103201769292355,3.7271999418735504,3302176,3309344,0
8,low,LOCAL_MID,19,0.8804071246819338,0.006048582494258881,3.6979840248823166,3302176,3309344,0
8,low,LOCAL_LOW,0,0.8834080717488789,0.007502668537199497,3.7566720247268677,3503008,3510176,0
8,low,LOCAL_LOW,1,0.8834080717488789,0.006949363276362419,3.7036159932613373,3503008,3510176,0
8,low,LOCAL_LOW,2,0.8834080717488789,0.006128761917352676,3.768735960125923,3503008,3510176,0
8,low,LOCAL_LOW,3,0.8834080717488789,0.006076767109334469,3.7392959743738174,3503008,3510176,0
8,low,LOCAL_LOW,4,0.8834080717488789,0.006097578443586826,4.644095957279205,3503008,3510176,0
8,low,LOCAL_LOW,5,0.8834080717488789,0.006090543232858181,3.748832032084465,3503008,3510176,0
8,low,LOCAL_LOW,6,0.8834080717488789,0.00608255248516798,3.9862400218844414,3503008,3510176,0
8,low,LOCAL_LOW,7,0.8834080717488789,0.006084779277443886,3.778175964951515,3503008,3510176,0
8,low,LOCAL_LOW,8,0.8834080717488789,0.00602007657289505,3.701439991593361,3503008,3510176,0
8,low,LOCAL_LOW,9,0.8834080717488789,0.007142144255340099,4.374976024031639,3503008,3510176,0
8,low,LOCAL_LOW,10,0.8834080717488789,0.006140195764601231,4.358496084809303,3503008,3510176,0
8,low,LOCAL_LOW,11,0.8834080717488789,0.007616737857460976,3.7352960407733917,3503008,3510176,0
8,low,LOCAL_LOW,12,0.8834080717488789,0.006169632077217102,3.6726079285144806,3503008,3510176,0
8,low,LOCAL_LOW,13,0.8834080717488789,0.006102369166910648,3.745919942855835,3503008,3510176,0
8,low,LOCAL_LOW,14,0.8834080717488789,0.0062971701845526695,3.8478720039129257,3503008,3510176,0
8,low,LOCAL_LOW,15,0.8834080717488789,0.006270565092563629,3.6602879762649536,3503008,3510176,0
8,low,LOCAL_LOW,16,0.8834080717488789,0.007004882209002972,3.7138559818267822,3503008,3510176,0
8,low,LOCAL_LOW,17,0.8834080717488789,0.00610453262925148,4.567167967557907,3503008,3510176,0
8,low,LOCAL_LOW,18,0.8834080717488789,0.006085118278861046,3.771423950791359,3503008,3510176,0
8,low,LOCAL_LOW,19,0.8834080717488789,0.006077922880649567,4.139711998403072,3503008,3510176,0
8,low,REMOTE_MAX,0,0.875,0.006076151505112648,4.472991906106472,3679096,3686264,0
8,low,REMOTE_MAX,1,0.875,0.006125844083726406,4.677823998034,3679096,3686264,0
8,low,REMOTE_MAX,2,0.875,0.00605379045009613,3.736672028899193,3679096,3686264,0
8,low,REMOTE_MAX,3,0.875,0.006505163386464119,3.78534397482872,3679096,3686264,0
8,low,REMOTE_MAX,4,0.875,0.006086354143917561,4.593183934688568,3679096,3686264,0
8,low,REMOTE_MAX,5,0.875,0.006624310277402401,4.43440006673336,3679096,3686264,0
8,low,REMOTE_MAX,6,0.875,0.006109138950705528,3.716480016708374,3679096,3686264,0
8,low,REMOTE_MAX,7,0.875,0.006076953373849392,3.632799968123436,3679096,3686264,0
8,low,REMOTE_MAX,8,0.875,0.00606808066368103,3.7189120650291443,3679096,3686264,0
8,low,REMOTE_MAX,9,0.875,0.006101412698626518,3.7417600750923157,3679096,3686264,0
8,low,REMOTE_MAX,10,0.875,0.0063302041962742805,3.672576054930687,3679096,3686264,0
8,low,REMOTE_MAX,11,0.875,0.00603178795427084,3.778015971183777,3679096,3686264,0
8,low,REMOTE_MAX,12,0.875,0.006134147755801678,3.876096025109291,3679096,3686264,0
8,low,REMOTE_MAX,13,0.875,0.006057555787265301,3.6846080273389816,3679096,3686264,0
8,low,REMOTE_MAX,14,0.875,0.006074392236769199,4.328000001609325,3679096,3686264,0
8,low,REMOTE_MAX,15,0.875,0.006081471219658852,3.622591957449913,3679096,3686264,0
8,low,REMOTE_MAX,16,0.875,0.006009805016219616,3.7721280604600906,3679096,3686264,0
8,low,REMOTE_MAX,17,0.875,0.006130429916083813,3.724095970392227,3679096,3686264,0
8,low,REMOTE_MAX,18,0.875,0.006107748486101627,4.128416016697884,3679096,3686264,0
8,low,REMOTE_MAX,19,0.875,0.006919856183230877,3.631872057914734,3679096,3686264,0
8,median,LOCAL_MAX,0,0.8333333333333334,0.012010556645691395,5.991071879863739,2353200,2360368,0
8,median,LOCAL_MAX,1,0.8333333333333334,0.01197050791233778,5.864832028746605,2353200,2360368,0
8,median,LOCAL_MAX,2,0.8333333333333334,0.011944562196731567,5.795807987451553,2353200,2360368,0
8,median,LOCAL_MAX,3,0.8333333333333334,0.01199155393987894,5.908479928970337,2353200,2360368,0
8,median,LOCAL_MAX,4,0.8333333333333334,0.012476451694965363,5.8739520609378815,2353200,2360368,0
8,median,LOCAL_MAX,5,0.8333333333333334,0.012074149213731289,5.933087959885597,2353200,2360368,0
8,median,LOCAL_MAX,6,0.8333333333333334,0.012003833428025246,5.802527993917465,2353200,2360368,0
8,median,LOCAL_MAX,7,0.8333333333333334,0.012018841691315174,3.1764159500598907,2353200,2360368,0
8,median,LOCAL_MAX,8,0.8333333333333334,0.01250250730663538,5.173056051135063,2353200,2360368,0
8,median,LOCAL_MAX,9,0.8333333333333334,0.011966781690716743,5.817248061299324,2353200,2360368,0
8,median,LOCAL_MAX,10,0.8333333333333334,0.011989770457148552,5.865855813026428,2353200,2360368,0
8,median,LOCAL_MAX,11,0.8333333333333334,0.011966059915721416,5.807488143444061,2353200,2360368,0
8,median,LOCAL_MAX,12,0.8333333333333334,0.011995071545243263,6.2169279754161835,2353200,2360368,0
8,median,LOCAL_MAX,13,0.8333333333333334,0.012020492926239967,5.820960059762001,2353200,2360368,0
8,median,LOCAL_MAX,14,0.8333333333333334,0.01199115626513958,5.83769579231739,2353200,2360368,0
8,median,LOCAL_MAX,15,0.8333333333333334,0.011980678886175156,5.922112002968788,2353200,2360368,0
8,median,LOCAL_MAX,16,0.8333333333333334,0.01218830980360508,5.898303911089897,2353200,2360368,0
8,median,LOCAL_MAX,17,0.8333333333333334,0.01203092560172081,5.937375798821449,2353200,2360368,0
8,median,LOCAL_MAX,18,0.8333333333333334,0.012128273956477642,5.914464026689529,2353200,2360368,0
8,median,LOCAL_MAX,19,0.8333333333333334,0.011926956474781036,5.954303741455078,2353200,2360368,0
8,median,LOCAL_HIGH,0,0.8512396694214877,0.012129846028983593,5.986495926976204,2675296,2682464,0
8,median,LOCAL_HIGH,1,0.8512396694214877,0.012138687074184418,5.933119833469391,2675296,2682464,0
8,median,LOCAL_HIGH,2,0.8512396694214877,0.01210278831422329,5.8664321154356,2675296,2682464,0
8,median,LOCAL_HIGH,3,0.8512396694214877,0.012020312249660492,5.895935982465744,2675296,2682464,0
8,median,LOCAL_HIGH,4,0.8512396694214877,0.01208813488483429,5.867936059832573,2675296,2682464,0
8,median,LOCAL_HIGH,5,0.8512396694214877,0.011989080347120762,6.138848181813955,2675296,2682464,0
8,median,LOCAL_HIGH,6,0.8512396694214877,0.011979810893535614,5.850143879652023,2675296,2682464,0
8,median,LOCAL_HIGH,7,0.8512396694214877,0.012209952808916569,5.98694421350956,2675296,2682464,0
8,median,LOCAL_HIGH,8,0.8512396694214877,0.01206660084426403,5.953088194131851,2675296,2682464,0
8,median,LOCAL_HIGH,9,0.8512396694214877,0.01210149098187685,5.818400010466576,2675296,2682464,0
8,median,LOCAL_HIGH,10,0.8512396694214877,0.012138724327087402,5.874752163887024,2675296,2682464,0
8,median,LOCAL_HIGH,11,0.8512396694214877,0.01208034809678793,5.904031813144684,2675296,2682464,0
8,median,LOCAL_HIGH,12,0.8512396694214877,0.012195087969303131,5.889728009700775,2675296,2682464,0
8,median,LOCAL_HIGH,13,0.8512396694214877,0.012007842771708965,5.817151993513107,2675296,2682464,0
8,median,LOCAL_HIGH,14,0.8512396694214877,0.012119446881115437,5.889920026063919,2675296,2682464,0
8,median,LOCAL_HIGH,15,0.8512396694214877,0.012011601589620113,6.038464233279228,2675296,2682464,0
8,median,LOCAL_HIGH,16,0.8512396694214877,0.012014113366603851,5.895487919449806,2675296,2682464,0
8,median,LOCAL_HIGH,17,0.8512396694214877,0.012106961570680141,5.940256163477898,2675296,2682464,0
8,median,LOCAL_HIGH,18,0.8512396694214877,0.012055091559886932,5.84326408803463,2675296,2682464,0
8,median,LOCAL_HIGH,19,0.8512396694214877,0.012045065872371197,5.818015933036804,2675296,2682464,0
8,median,LOCAL_MID,0,0.8646153846153846,0.012236960232257843,5.987136155366898,2989096,2996264,0
8,median,LOCAL_MID,1,0.8646153846153846,0.012369929812848568,6.136928156018257,2989096,2996264,0
8,median,LOCAL_MID,2,0.8646153846153846,0.012172218412160873,5.939808115363121,2989096,2996264,0
8,median,LOCAL_MID,3,0.8646153846153846,0.012117386795580387,6.081375807523727,2989096,2996264,0
8,median,LOCAL_MID,4,0.8646153846153846,0.012145617976784706,5.986207991838455,2989096,2996264,0
8,median,LOCAL_MID,5,0.8646153846153846,0.012180641293525696,6.134559795260429,2989096,2996264,0
8,median,LOCAL_MID,6,0.8646153846153846,0.012221009470522404,6.017375811934471,2989096,2996264,0
8,median,LOCAL_MID,7,0.8646153846153846,0.01211270596832037,5.937408000230789,2989096,2996264,0
8,median,LOCAL_MID,8,0.8646153846153846,0.012140237726271152,6.055551752448082,2989096,2996264,0
8,median,LOCAL_MID,9,0.8646153846153846,0.012382003478705883,5.970688015222549,2989096,2996264,0
8,median,LOCAL_MID,10,0.8646153846153846,0.012117071077227592,6.003392040729523,2989096,2996264,0
8,median,LOCAL_MID,11,0.8646153846153846,0.012159929610788822,6.065215781331062,2989096,2996264,0
8,median,LOCAL_MID,12,0.8646153846153846,0.01217231247574091,6.030527755618095,2989096,2996264,0
8,median,LOCAL_MID,13,0.8646153846153846,0.012157184071838856,6.385888069868088,2989096,2996264,0
8,median,LOCAL_MID,14,0.8646153846153846,0.012175101786851883,6.074016183614731,2989096,2996264,0
8,median,LOCAL_MID,15,0.8646153846153846,0.012210531160235405,5.985375955700874,2989096,2996264,0
8,median,LOCAL_MID,16,0.8646153846153846,0.012197565287351608,6.142719939351082,2989096,2996264,0
8,median,LOCAL_MID,17,0.8646153846153846,0.01237670611590147,6.133951798081398,2989096,2996264,0
8,median,LOCAL_MID,18,0.8646153846153846,0.01213854644447565,5.948160037398338,2989096,2996264,0
8,median,LOCAL_MID,19,0.8646153846153846,0.012173444032669067,6.098464146256447,2989096,2996264,0
8,median,LOCAL_LOW,0,0.8661800486618005,0.013368897140026093,5.9211199432611465,3282336,3289504,0
8,median,LOCAL_LOW,1,0.8661800486618005,0.01258757896721363,5.902847930788994,3282336,3289504,0
8,median,LOCAL_LOW,2,0.8661800486618005,0.012374931015074253,5.95411191880703,3282336,3289504,0
8,median,LOCAL_LOW,3,0.8661800486618005,0.012329328805208206,6.021439999341965,3282336,3289504,0
8,median,LOCAL_LOW,4,0.8661800486618005,0.012176891788840294,5.987744152545929,3282336,3289504,0
8,median,LOCAL_LOW,5,0.8661800486618005,0.012261389754712582,6.040992006659508,3282336,3289504,0
8,median,LOCAL_LOW,6,0.8661800486618005,0.012174209579825401,5.976127818226814,3282336,3289504,0
8,median,LOCAL_LOW,7,0.8661800486618005,0.012184226885437965,4.869120091199875,3282336,3289504,0
8,median,LOCAL_LOW,8,0.8661800486618005,0.012162389233708382,5.191136077046394,3282336,3289504,0
8,median,LOCAL_LOW,9,0.8661800486618005,0.012251297011971474,6.457215949892998,3282336,3289504,0
8,median,LOCAL_LOW,10,0.8661800486618005,0.012270509265363216,5.934560120105743,3282336,3289504,0
8,median,LOCAL_LOW,11,0.8661800486618005,0.01243662741035223,6.057152196764946,3282336,3289504,0
8,median,LOCAL_LOW,12,0.8661800486618005,0.012196813710033894,5.913055822253227,3282336,3289504,0
8,median,LOCAL_LOW,13,0.8661800486618005,0.012067886069417,5.937920093536377,3282336,3289504,0
8,median,LOCAL_LOW,14,0.8661800486618005,0.012283796444535255,6.042783945798874,3282336,3289504,0
8,median,LOCAL_LOW,15,0.8661800486618005,0.012125186622142792,5.8770879581570625,3282336,3289504,0
8,median,LOCAL_LOW,16,0.8661800486618005,0.012259045615792274,6.051808029413223,3282336,3289504,0
8,median,LOCAL_LOW,17,0.8661800486618005,0.012144975364208221,6.017695799469948,3282336,3289504,0
8,median,LOCAL_LOW,18,0.8661800486618005,0.012143757194280624,6.023263946175575,3282336,3289504,0
8,median,LOCAL_LOW,19,0.8661800486618005,0.01220706757158041,6.144992113113403,3282336,3289504,0
8,median,REMOTE_MAX,0,0.8852459016393442,0.012334075756371021,5.953920125961304,3674336,3681504,0
8,median,REMOTE_MAX,1,0.8852459016393442,0.012114194221794605,6.7597121596336365,3674336,3681504,0
8,median,REMOTE_MAX,2,0.8852459016393442,0.012647422961890697,6.05231998860836,3674336,3681504,0
8,median,REMOTE_MAX,3,0.8852459016393442,0.012153216637670994,5.964064002037048,3674336,3681504,0
8,median,REMOTE_MAX,4,0.8852459016393442,0.012185460887849331,6.02105587720871,3674336,3681504,0
8,median,REMOTE_MAX,5,0.8852459016393442,0.012173321098089218,6.482079863548279,3674336,3681504,0
8,median,REMOTE_MAX,6,0.8852459016393442,0.012186936102807522,6.012832149863243,3674336,3681504,0
8,median,REMOTE_MAX,7,0.8852459016393442,0.012246506288647652,6.008896213024855,3674336,3681504,0
8,median,REMOTE_MAX,8,0.8852459016393442,0.012105940841138363,6.091295897960663,3674336,3681504,0
8,median,REMOTE_MAX,9,0.8852459016393442,0.012311221100389957,6.053791970014572,3674336,3681504,0
8,median,REMOTE_MAX,10,0.8852459016393442,0.012480439618229866,6.002496108412743,3674336,3681504,0
8,median,REMOTE_MAX,11,0.8852459016393442,0.012232060544192791,5.990591883659363,3674336,3681504,0
8,median,REMOTE_MAX,12,0.8852459016393442,0.01220293715596199,5.995295971632004,3674336,3681504,0
8,median,REMOTE_MAX,13,0.8852459016393442,0.012091364711523056,6.171328090131283,3674336,3681504,0
8,median,REMOTE_MAX,14,0.8852459016393442,0.012173518538475037,5.9503680020570755,3674336,3681504,0
8,median,REMOTE_MAX,15,0.8852459016393442,0.012174959294497967,5.942752197384834,3674336,3681504,0
8,median,REMOTE_MAX,16,0.8852459016393442,0.012164715677499771,6.126911908388138,3674336,3681504,0
8,median,REMOTE_MAX,17,0.8852459016393442,0.01210879534482956,5.983360022306442,3674336,3681504,0
8,median,REMOTE_MAX,18,0.8852459016393442,0.012337751686573029,5.976991847157478,3674336,3681504,0
8,median,REMOTE_MAX,19,0.8852459016393442,0.012133764103055,5.964191913604736,3674336,3681504,0
8,high,LOCAL_MAX,0,0.8622754491017964,0.01596820540726185,8.003775954246521,2489904,2497072,0
8,high,LOCAL_MAX,1,0.8622754491017964,0.015895381569862366,8.346271827816963,2489904,2497072,0
8,high,LOCAL_MAX,2,0.8622754491017964,0.01585363782942295,5.024607941508293,2489904,2497072,0
8,high,LOCAL_MAX,3,0.8622754491017964,0.01594171952456236,7.211136221885681,2489904,2497072,0
8,high,LOCAL_MAX,4,0.8622754491017964,0.01617639046162367,8.109471946954727,2489904,2497072,0
8,high,LOCAL_MAX,5,0.8622754491017964,0.0159701369702816,8.131648123264313,2489904,2497072,0
8,high,LOCAL_MAX,6,0.8622754491017964,0.01600470580160618,7.881664082407951,2489904,2497072,0
8,high,LOCAL_MAX,7,0.8622754491017964,0.015859454870224,7.967040002346039,2489904,2497072,0
8,high,LOCAL_MAX,8,0.8622754491017964,0.015859409235417843,7.984031930565834,2489904,2497072,0
8,high,LOCAL_MAX,9,0.8622754491017964,0.015925073996186256,7.9053119868040085,2489904,2497072,0
8,high,LOCAL_MAX,10,0.8622754491017964,0.015980808064341545,8.074879825115204,2489904,2497072,0
8,high,LOCAL_MAX,11,0.8622754491017964,0.015915216878056526,8.032479867339134,2489904,2497072,0
8,high,LOCAL_MAX,12,0.8622754491017964,0.015814978629350662,7.950336143374443,2489904,2497072,0
8,high,LOCAL_MAX,13,0.8622754491017964,0.015952114947140217,8.005759999155998,2489904,2497072,0
8,high,LOCAL_MAX,14,0.8622754491017964,0.01587130594998598,5.872671835124493,2489904,2497072,0
8,high,LOCAL_MAX,15,0.8622754491017964,0.015881224535405636,7.8890561908483505,2489904,2497072,0
8,high,LOCAL_MAX,16,0.8622754491017964,0.01593759935349226,8.002336233854294,2489904,2497072,0
8,high,LOCAL_MAX,17,0.8622754491017964,0.015891817398369312,8.054623901844025,2489904,2497072,0
8,high,LOCAL_MAX,18,0.8622754491017964,0.016276005655527115,8.014623805880547,2489904,2497072,0
8,high,LOCAL_MAX,19,0.8622754491017964,0.015788842923939228,8.167296022176743,2489904,2497072,0
8,high,LOCAL_HIGH,0,0.8704453441295547,0.016230396926403046,8.045823901891708,2762296,2769464,0
8,high,LOCAL_HIGH,1,0.8704453441295547,0.016096611507236958,8.018623858690262,2762296,2769464,0
8,high,LOCAL_HIGH,2,0.8704453441295547,0.016057496890425682,8.100192070007324,2762296,2769464,0
8,high,LOCAL_HIGH,3,0.8704453441295547,0.01601401623338461,7.986496090888977,2762296,2769464,0
8,high,LOCAL_HIGH,4,0.8704453441295547,0.015933742746710777,8.072800129652023,2762296,2769464,0
8,high,LOCAL_HIGH,5,0.8704453441295547,0.01592856366187334,7.920736014842987,2762296,2769464,0
8,high,LOCAL_HIGH,6,0.8704453441295547,0.01593022607266903,8.032608047127724,2762296,2769464,0
8,high,LOCAL_HIGH,7,0.8704453441295547,0.015854007564485073,8.01328019797802,2762296,2769464,0
8,high,LOCAL_HIGH,8,0.8704453441295547,0.015933373011648655,8.189536228775978,2762296,2769464,0
8,high,LOCAL_HIGH,9,0.8704453441295547,0.015947426669299603,8.085824221372604,2762296,2769464,0
8,high,LOCAL_HIGH,10,0.8704453441295547,0.015982717275619507,7.951968103647232,2762296,2769464,0
8,high,LOCAL_HIGH,11,0.8704453441295547,0.015878613106906414,8.266144067049026,2762296,2769464,0
8,high,LOCAL_HIGH,12,0.8704453441295547,0.016161874867975712,8.05116780102253,2762296,2769464,0
8,high,LOCAL_HIGH,13,0.8704453441295547,0.01596749760210514,8.12083213031292,2762296,2769464,0
8,high,LOCAL_HIGH,14,0.8704453441295547,0.016010690480470657,8.052767977118492,2762296,2769464,0
8,high,LOCAL_HIGH,15,0.8704453441295547,0.01604617852717638,7.999744012951851,2762296,2769464,0
8,high,LOCAL_HIGH,16,0.8704453441295547,0.015956575982272625,7.921152159571648,2762296,2769464,0
8,high,LOCAL_HIGH,17,0.8704453441295547,0.015804649330675602,8.077248200774193,2762296,2769464,0
8,high,LOCAL_HIGH,18,0.8704453441295547,0.016014634631574154,8.12953582406044,2762296,2769464,0
8,high,LOCAL_HIGH,19,0.8704453441295547,0.015889828093349934,8.103519767522812,2762296,2769464,0
8,high,LOCAL_MID,0,0.8662613981762918,0.020461853593587875,8.151776224374771,3038728,3045896,0
8,high,LOCAL_MID,1,0.8662613981762918,0.0199640030041337,8.08953595161438,3038728,3045896,0
8,high,LOCAL_MID,2,0.8662613981762918,0.01914834789931774,8.045312002301216,3038728,3045896,0
8,high,LOCAL_MID,3,0.8662613981762918,0.018526834435760975,8.01465605199337,3038728,3045896,0
8,high,LOCAL_MID,4,0.8662613981762918,0.01808039378374815,8.0709438174963,3038728,3045896,0
8,high,LOCAL_MID,5,0.8662613981762918,0.01763927098363638,8.062719896435738,3038728,3045896,0
8,high,LOCAL_MID,6,0.8662613981762918,0.01727489475160837,8.079936012625694,3038728,3045896,0
8,high,LOCAL_MID,7,0.8662613981762918,0.016886929981410503,8.132255852222443,3038728,3045896,0
8,high,LOCAL_MID,8,0.8662613981762918,0.016894103027880192,8.082528054714203,3038728,3045896,0
8,high,LOCAL_MID,9,0.8662613981762918,0.01667725294828415,8.053855866193771,3038728,3045896,0
8,high,LOCAL_MID,10,0.8662613981762918,0.01644426118582487,7.9729281812906265,3038728,3045896,0
8,high,LOCAL_MID,11,0.8662613981762918,0.016293552704155445,8.095584198832512,3038728,3045896,0
8,high,LOCAL_MID,12,0.8662613981762918,0.016062290407717228,8.129952013492584,3038728,3045896,0
8,high,LOCAL_MID,13,0.8662613981762918,0.01597408577799797,8.10233598947525,3038728,3045896,0
8,high,LOCAL_MID,14,0.8662613981762918,0.015987440012395382,7.996991872787476,3038728,3045896,0
8,high,LOCAL_MID,15,0.8662613981762918,0.01609918475151062,8.012416049838066,3038728,3045896,0
8,high,LOCAL_MID,16,0.8662613981762918,0.016158689744770527,7.930783957242966,3038728,3045896,0
8,high,LOCAL_MID,17,0.8662613981762918,0.01583939790725708,8.0175361931324,3038728,3045896,0
8,high,LOCAL_MID,18,0.8662613981762918,0.016019693575799465,8.010559767484665,3038728,3045896,0
8,high,LOCAL_MID,19,0.8662613981762918,0.016025274991989136,7.978752106428146,3038728,3045896,0
8,high,LOCAL_LOW,0,0.8746928746928747,0.01655003521591425,7.964768171310425,3344016,3351184,0
8,high,LOCAL_LOW,1,0.8746928746928747,0.01649681106209755,8.044544219970703,3344016,3351184,0
8,high,LOCAL_LOW,2,0.8746928746928747,0.01636439748108387,8.028447911143303,3344016,3351184,0
8,high,LOCAL_LOW,3,0.8746928746928747,0.016041340306401253,8.108896031975746,3344016,3351184,0
8,high,LOCAL_LOW,4,0.8746928746928747,0.0160138551145792,8.085823863744736,3344016,3351184,0
8,high,LOCAL_LOW,5,0.8746928746928747,0.01598197966814041,8.064831897616386,3344016,3351184,0
8,high,LOCAL_LOW,6,0.8746928746928747,0.01780236978083849,8.053472235798836,3344016,3351184,0
8,high,LOCAL_LOW,7,0.8746928746928747,0.015989103354513645,7.980575889348984,3344016,3351184,0
8,high,LOCAL_LOW,8,0.8746928746928747,0.016085948795080185,8.03871999680996,3344016,3351184,0
8,high,LOCAL_LOW,9,0.8746928746928747,0.01593821309506893,8.050879791378975,3344016,3351184,0
8,high,LOCAL_LOW,10,0.8746928746928747,0.016054646112024784,8.021887823939323,3344016,3351184,0
8,high,LOCAL_LOW,11,0.8746928746928747,0.01597015466541052,8.028799831867218,3344016,3351184,0
8,high,LOCAL_LOW,12,0.8746928746928747,0.016186480410397053,8.25948803126812,3344016,3351184,0
8,high,LOCAL_LOW,13,0.8746928746928747,0.016024109907448292,8.422880202531815,3344016,3351184,0
8,high,LOCAL_LOW,14,0.8746928746928747,0.015891704708337784,8.111935809254646,3344016,3351184,0
8,high,LOCAL_LOW,15,0.8746928746928747,0.015877987258136272,8.060064181685448,3344016,3351184,0
8,high,LOCAL_LOW,16,0.8746928746928747,0.01594299077987671,7.957791864871979,3344016,3351184,0
8,high,LOCAL_LOW,17,0.8746928746928747,0.01596173644065857,8.208255901932716,3344016,3351184,0
8,high,LOCAL_LOW,18,0.8746928746928747,0.01665457896888256,8.008479952812195,3344016,3351184,0
8,high,LOCAL_LOW,19,0.8746928746928747,0.016229771077632904,8.071744158864021,3344016,3351184,0
8,high,REMOTE_MAX,0,0.8951781970649895,0.015944221056997776,7.948607981204987,3673976,3681144,0
8,high,REMOTE_MAX,1,0.8951781970649895,0.015987718477845192,8.045279815793037,3673976,3681144,0
8,high,REMOTE_MAX,2,0.8951781970649895,0.015869670547544956,7.9936958104372025,3673976,3681144,0
8,high,REMOTE_MAX,3,0.8951781970649895,0.01587457489222288,8.11337597668171,3673976,3681144,0
8,high,REMOTE_MAX,4,0.8951781970649895,0.015932876616716385,8.151456043124199,3673976,3681144,0
8,high,REMOTE_MAX,5,0.8951781970649895,0.016065548174083233,8.225312165915966,3673976,3681144,0
8,high,REMOTE_MAX,6,0.8951781970649895,0.01633570436388254,7.999424085021019,3673976,3681144,0
8,high,REMOTE_MAX,7,0.8951781970649895,0.015972579829394817,8.132832080125809,3673976,3681144,0
8,high,REMOTE_MAX,8,0.8951781970649895,0.015946936793625355,8.034208059310913,3673976,3681144,0
8,high,REMOTE_MAX,9,0.8951781970649895,0.016059319488704205,8.100256219506264,3673976,3681144,0
8,high,REMOTE_MAX,10,0.8951781970649895,0.01597458776086569,8.24076797068119,3673976,3681144,0
8,high,REMOTE_MAX,11,0.8951781970649895,0.015909881331026554,8.06003189086914,3673976,3681144,0
8,high,REMOTE_MAX,12,0.8951781970649895,0.016058100387454033,8.039743885397911,3673976,3681144,0
8,high,REMOTE_MAX,13,0.8951781970649895,0.01603642664849758,8.172768026590347,3673976,3681144,0
8,high,REMOTE_MAX,14,0.8951781970649895,0.015877128578722477,8.135424017906189,3673976,3681144,0
8,high,REMOTE_MAX,15,0.8951781970649895,0.0160736246034503,8.006112143397331,3673976,3681144,0
8,high,REMOTE_MAX,16,0.8951781970649895,0.01603267714381218,8.044480189681053,3673976,3681144,0
8,high,REMOTE_MAX,17,0.8951781970649895,0.01600833795964718,8.034304022789001,3673976,3681144,0
8,high,REMOTE_MAX,18,0.8951781970649895,0.01596684940159321,8.053279995918274,3673976,3681144,0
8,high,REMOTE_MAX,19,0.8951781970649895,0.015916652977466583,8.15904015302658,3673976,3681144,0
4,low,LOCAL_MAX,0,0.7475728155339806,0.0038849525153636932,0.9571199864149094,1103448,1104216,0
4,low,LOCAL_MAX,1,0.7475728155339806,0.003863203339278698,0.9064639918506145,1103448,1104216,0
4,low,LOCAL_MAX,2,0.7475728155339806,0.004095006734132767,1.1697919890284538,1103448,1104216,0
4,low,LOCAL_MAX,3,0.7475728155339806,0.003919036127626896,0.9914239943027496,1103448,1104216,0
4,low,LOCAL_MAX,4,0.7475728155339806,0.0038832155987620354,1.0770880058407784,1103448,1104216,0
4,low,LOCAL_MAX,5,0.7475728155339806,0.0038300147280097008,2.0213120579719543,1103448,1104216,0
4,low,LOCAL_MAX,6,0.7475728155339806,0.003914523869752884,0.8416000083088875,1103448,1104216,0
4,low,LOCAL_MAX,7,0.7475728155339806,0.0038213394582271576,1.065600011497736,1103448,1104216,0
4,low,LOCAL_MAX,8,0.7475728155339806,0.0038818595930933952,0.9395199976861477,1103448,1104216,0
4,low,LOCAL_MAX,9,0.7475728155339806,0.004017774015665054,2.452383980154991,1103448,1104216,0
4,low,LOCAL_MAX,10,0.7475728155339806,0.003809746354818344,0.8960319980978966,1103448,1104216,0
4,low,LOCAL_MAX,11,0.7475728155339806,0.0038192979991436005,0.9591359868645668,1103448,1104216,0
4,low,LOCAL_MAX,12,0.7475728155339806,0.00378629844635725,0.874592013657093,1103448,1104216,0
4,low,LOCAL_MAX,13,0.7475728155339806,0.003840401768684387,0.8986879885196686,1103448,1104216,0
4,low,LOCAL_MAX,14,0.7475728155339806,0.003840966150164604,0.9813440032303333,1103448,1104216,0
4,low,LOCAL_MAX,15,0.7475728155339806,0.004343228414654732,0.9027840085327625,1103448,1104216,0
4,low,LOCAL_MAX,16,0.7475728155339806,0.006984563544392586,0.9634559974074364,1103448,1104216,0
4,low,LOCAL_MAX,17,0.7475728155339806,0.003946908749639988,3.777856059372425,1103448,1104216,0
4,low,LOCAL_MAX,18,0.7475728155339806,0.003814191557466984,1.1426880285143852,1103448,1104216,0
4,low,LOCAL_MAX,19,0.7475728155339806,0.0038486067205667496,1.0223040021955967,1103448,1104216,0
4,low,LOCAL_HIGH,0,0.7614678899082569,0.004501906223595142,0.8359679952263832,1145000,1145768,0
4,low,LOCAL_HIGH,1,0.7614678899082569,0.003783155232667923,0.8833599984645844,1145000,1145768,0
4,low,LOCAL_HIGH,2,0.7614678899082569,0.003847884014248848,1.184704028069973,1145000,1145768,0
4,low,LOCAL_HIGH,3,0.7614678899082569,0.0037928717210888863,1.873983971774578,1145000,1145768,0
4,low,LOCAL_HIGH,4,0.7614678899082569,0.0037996461614966393,1.0904000103473663,1145000,1145768,0
4,low,LOCAL_HIGH,5,0.7614678899082569,0.0039040837436914444,0.9261119998991489,1145000,1145768,0
4,low,LOCAL_HIGH,6,0.7614678899082569,0.003789749927818775,0.916799996048212,1145000,1145768,0
4,low,LOCAL_HIGH,7,0.7614678899082569,0.0037776855751872063,0.8486719988286495,1145000,1145768,0
4,low,LOCAL_HIGH,8,0.7614678899082569,0.0037890207022428513,0.9613440111279488,1145000,1145768,0
4,low,LOCAL_HIGH,9,0.7614678899082569,0.0056477803736925125,1.02224001288414,1145000,1145768,0
4,low,LOCAL_HIGH,10,0.7614678899082569,0.004650495946407318,0.9341440051794052,1145000,1145768,0
4,low,LOCAL_HIGH,11,0.7614678899082569,0.00378288421779871,0.9660480096936226,1145000,1145768,0
4,low,LOCAL_HIGH,12,0.7614678899082569,0.0038049090653657913,3.8824320286512375,1145000,1145768,0
4,low,LOCAL_HIGH,13,0.7614678899082569,0.003806469962000847,1.2720320224761963,1145000,1145768,0
4,low,LOCAL_HIGH,14,0.7614678899082569,0.0039047952741384506,0.9219520054757595,1145000,1145768,0
4,low,LOCAL_HIGH,15,0.7614678899082569,0.0037993984296917915,0.9616639874875546,1145000,1145768,0
4,low,LOCAL_HIGH,16,0.7614678899082569,0.0037754029035568237,0.8362240195274353,1145000,1145768,0
4,low,LOCAL_HIGH,17,0.7614678899082569,0.003757433034479618,0.9884480014443398,1145000,1145768,0
4,low,LOCAL_HIGH,18,0.7614678899082569,0.003788784146308899,0.9184639863669872,1145000,1145768,0
4,low,LOCAL_HIGH,19,0.7614678899082569,0.004885292612016201,0.8994240015745163,1145000,1145768,0
4,low,LOCAL_MID,0,0.7391304347826086,0.00393260084092617,1.13315200060606,1128696,1129464,0
4,low,LOCAL_MID,1,0.7391304347826086,0.003864990547299385,0.8544319942593575,1128696,1129464,0
4,low,LOCAL_MID,2,0.7391304347826086,0.003805781714618206,0.861184012144804,1128696,1129464,0
4,low,LOCAL_MID,3,0.7391304347826086,0.003935415297746658,0.9480320066213608,1128696,1129464,0
4,low,LOCAL_MID,4,0.7391304347826086,0.003772408701479435,0.8547839857637882,1128696,1129464,0
4,low,LOCAL_MID,5,0.7391304347826086,0.0068288035690784454,1.012511983513832,1128696,1129464,0
4,low,LOCAL_MID,6,0.7391304347826086,0.0038699526339769363,0.8247359916567802,1128696,1129464,0
4,low,LOCAL_MID,7,0.7391304347826086,0.0037674391642212868,1.058527983725071,1128696,1129464,0
4,low,LOCAL_MID,8,0.7391304347826086,0.0037549939006567,4.757375955581665,1128696,1129464,0
4,low,LOCAL_MID,9,0.7391304347826086,0.0038016578182578087,1.1997760087251663,1128696,1129464,0
4,low,LOCAL_MID,10,0.7391304347826086,0.0038269981741905212,0.9541759938001633,1128696,1129464,0
4,low,LOCAL_MID,11,0.7391304347826086,0.003790033981204033,0.8830400034785271,1128696,1129464,0
4,low,LOCAL_MID,12,0.7391304347826086,0.003933274187147617,0.81836798787117,1128696,1129464,0
4,low,LOCAL_MID,13,0.7391304347826086,0.0038691964000463486,0.9310720041394234,1128696,1129464,0
4,low,LOCAL_MID,14,0.7391304347826086,0.004374144598841667,0.9448959976434708,1128696,1129464,0
4,low,LOCAL_MID,15,0.7391304347826086,0.0037591392174363136,1.8019839599728584,1128696,1129464,0
4,low,LOCAL_MID,16,0.7391304347826086,0.003735125996172428,0.913343995809555,1128696,1129464,0
4,low,LOCAL_MID,17,0.7391304347826086,0.0037689413875341415,0.8836480006575584,1128696,1129464,0
4,low,LOCAL_MID,18,0.7391304347826086,0.0038997000083327293,0.9214400090277195,1128696,1129464,0
4,low,LOCAL_MID,19,0.7391304347826086,0.004450863227248192,0.8570239916443825,1128696,1129464,0
4,low,LOCAL_LOW,0,0.7398373983739838,0.005473652854561806,4.187968026846647,1153800,1154568,0
4,low,LOCAL_LOW,1,0.7398373983739838,0.005633534863591194,0.9761599823832512,1153800,1154568,0
4,low,LOCAL_LOW,2,0.7398373983739838,0.003864978440105915,1.101600006222725,1153800,1154568,0
4,low,LOCAL_LOW,3,0.7398373983739838,0.003766232170164585,4.6580798998475075,1153800,1154568,0
4,low,LOCAL_LOW,4,0.7398373983739838,0.003777812235057354,1.1489279866218567,1153800,1154568,0
4,low,LOCAL_LOW,5,0.7398373983739838,0.003759062848985195,0.9481919929385185,1153800,1154568,0
4,low,LOCAL_LOW,6,0.7398373983739838,0.0037480592727661133,0.8679999820888042,1153800,1154568,0
4,low,LOCAL_LOW,7,0.7398373983739838,0.0037585515528917313,1.0770239755511284,1153800,1154568,0
4,low,LOCAL_LOW,8,0.7398373983739838,0.0037674708291888237,1.1675199940800667,1153800,1154568,0
4,low,LOCAL_LOW,9,0.7398373983739838,0.004489975981414318,1.0082559883594513,1153800,1154568,0
4,low,LOCAL_LOW,10,0.7398373983739838,0.003804345615208149,1.9775040075182915,1153800,1154568,0
4,low,LOCAL_LOW,11,0.7398373983739838,0.003862289711833,1.504191979765892,1153800,1154568,0
4,low,LOCAL_LOW,12,0.7398373983739838,0.003786301240324974,1.075168002396822,1153800,1154568,0
4,low,LOCAL_LOW,13,0.7398373983739838,0.003789251670241356,1.020768016576767,1153800,1154568,0
4,low,LOCAL_LOW,14,0.7398373983739838,0.005500800907611847,0.8786880075931549,1153800,1154568,0
4,low,LOCAL_LOW,15,0.7398373983739838,0.003854411654174328,2.8098240047693253,1153800,1154568,0
4,low,LOCAL_LOW,16,0.7398373983739838,0.0038187075406312943,0.9567679837346077,1153800,1154568,0
4,low,LOCAL_LOW,17,0.7398373983739838,0.0038055218756198883,0.8920640163123608,1153800,1154568,0
4,low,LOCAL_LOW,18,0.7398373983739838,0.003806411288678646,0.9792319908738136,1153800,1154568,0
4,low,LOCAL_LOW,19,0.7398373983739838,0.003764024004340172,0.9257600083947182,1153800,1154568,0
4,low,REMOTE_MAX,0,0.75,0.0038625532761216164,1.491935983300209,1166496,1167264,0
4,low,REMOTE_MAX,1,0.75,0.0037850113585591316,1.3183999955654144,1166496,1167264,0
4,low,REMOTE_MAX,2,0.75,0.004065769724547863,1.3655680045485497,1166496,1167264,0
4,low,REMOTE_MAX,3,0.75,0.0037998687475919724,1.1629120111465454,1166496,1167264,0
4,low,REMOTE_MAX,4,0.75,0.0038633234798908234,2.2185919880867004,1166496,1167264,0
4,low,REMOTE_MAX,5,0.75,0.0038354983553290367,1.1762239895761013,1166496,1167264,0
4,low,REMOTE_MAX,6,0.75,0.003891623578965664,1.562847975641489,1166496,1167264,0
4,low,REMOTE_MAX,7,0.75,0.003860117867588997,1.45414400100708,1166496,1167264,0
4,low,REMOTE_MAX,8,0.75,0.005300015211105347,1.2460479848086834,1166496,1167264,0
4,low,REMOTE_MAX,9,0.75,0.003908392041921616,1.1016320027410984,1166496,1167264,0
4,low,REMOTE_MAX,10,0.75,0.0037916814908385277,2.5080960392951965,1166496,1167264,0
4,low,REMOTE_MAX,11,0.75,0.0038997801020741463,0.85139200091362,1166496,1167264,0
4,low,REMOTE_MAX,12,0.75,0.003787796013057232,0.953439999371767,1166496,1167264,0
4,low,REMOTE_MAX,13,0.75,0.003762981854379177,0.941536009311676,1166496,1167264,0
4,low,REMOTE_MAX,14,0.75,0.0038148071616888046,1.0231039859354496,1166496,1167264,0
4,low,REMOTE_MAX,15,0.75,0.003763199783861637,0.9260799922049046,1166496,1167264,0
4,low,REMOTE_MAX,16,0.75,0.0037668151780962944,1.0203840248286724,1166496,1167264,0
4,low,REMOTE_MAX,17,0.75,0.0037756236270070076,1.3202879913151264,1166496,1167264,0
4,low,REMOTE_MAX,18,0.75,0.006162158213555813,1.1564799770712852,1166496,1167264,0
4,low,REMOTE_MAX,19,0.75,0.006302223540842533,4.243775926530361,1166496,1167264,0
4,median,LOCAL_MAX,0,0.6923076923076923,0.008323191665112972,1.3032640144228935,936664,937432,0
4,median,LOCAL_MAX,1,0.6923076923076923,0.008296470157802105,1.8061760142445564,936664,937432,0
4,median,LOCAL_MAX,2,0.6923076923076923,0.008206133730709553,1.3072000294923782,936664,937432,0
4,median,LOCAL_MAX,3,0.6923076923076923,0.008671410381793976,1.4417920112609863,936664,937432,0
4,median,LOCAL_MAX,4,0.6923076923076923,0.008333287201821804,1.3559040166437626,936664,937432,0
4,median,LOCAL_MAX,5,0.6923076923076923,0.008311097510159016,1.2538560144603252,936664,937432,0
4,median,LOCAL_MAX,6,0.6923076923076923,0.00837230496108532,1.215552020817995,936664,937432,0
4,median,LOCAL_MAX,7,0.6923076923076923,0.008248292841017246,1.551711991429329,936664,937432,0
4,median,LOCAL_MAX,8,0.6923076923076923,0.008718323893845081,1.349440012127161,936664,937432,0
4,median,LOCAL_MAX,9,0.6923076923076923,0.008215651847422123,1.1685120090842247,936664,937432,0
4,median,LOCAL_MAX,10,0.6923076923076923,0.00915664341300726,1.218528013676405,936664,937432,0
4,median,LOCAL_MAX,11,0.6923076923076923,0.00826873816549778,1.4220799915492535,936664,937432,0
4,median,LOCAL_MAX,12,0.6923076923076923,0.008240443654358387,1.3758080191910267,936664,937432,0
4,median,LOCAL_MAX,13,0.6923076923076923,0.008235091343522072,1.4828160181641579,936664,937432,0
4,median,LOCAL_MAX,14,0.6923076923076923,0.008299407549202442,1.3508479930460453,936664,937432,0
4,median,LOCAL_MAX,15,0.6923076923076923,0.008948703296482563,1.3739839904010296,936664,937432,0
4,median,LOCAL_MAX,16,0.6923076923076923,0.008363482542335987,1.4312960058450699,936664,937432,0
4,median,LOCAL_MAX,17,0.6923076923076923,0.00828764121979475,1.3626559674739838,936664,937432,0
4,median,LOCAL_MAX,18,0.6923076923076923,0.008204784244298935,2.9236159920692444,936664,937432,0
4,median,LOCAL_MAX,19,0.6923076923076923,0.008223011158406734,1.396672010421753,936664,937432,0
4,median,LOCAL_HIGH,0,0.7073170731707317,0.008387116715312004,2.1477119773626328,991056,991824,0
4,median,LOCAL_HIGH,1,0.7073170731707317,0.009097260423004627,1.499200016260147,991056,991824,0
4,median,LOCAL_HIGH,2,0.7073170731707317,0.008684579282999039,1.3110080175101757,991056,991824,0
4,median,LOCAL_HIGH,3,0.7073170731707317,0.00831356830894947,1.391808032989502,991056,991824,0
4,median,LOCAL_HIGH,4,0.7073170731707317,0.008361735381186008,1.3756799660623074,991056,991824,0
4,median,LOCAL_HIGH,5,0.7073170731707317,0.008318870328366756,1.7198079973459244,991056,991824,0
4,median,LOCAL_HIGH,6,0.7073170731707317,0.008284125477075577,1.4984000250697136,991056,991824,0
4,median,LOCAL_HIGH,7,0.7073170731707317,0.00895918719470501,1.3816640302538872,991056,991824,0
4,median,LOCAL_HIGH,8,0.7073170731707317,0.008416418917477131,1.3455679938197136,991056,991824,0
4,median,LOCAL_HIGH,9,0.7073170731707317,0.008167477324604988,1.2426239736378193,991056,991824,0
4,median,LOCAL_HIGH,10,0.7073170731707317,0.008302722126245499,1.3978240266442299,991056,991824,0
4,median,LOCAL_HIGH,11,0.7073170731707317,0.008334171026945114,2.4355520382523537,991056,991824,0
4,median,LOCAL_HIGH,12,0.7073170731707317,0.008256655186414719,1.3277440071105957,991056,991824,0
4,median,LOCAL_HIGH,13,0.7073170731707317,0.008823721669614315,1.3603199981153011,991056,991824,0
4,median,LOCAL_HIGH,14,0.7073170731707317,0.008295346982777119,2.6584320552647114,991056,991824,0
4,median,LOCAL_HIGH,15,0.7073170731707317,0.008409327827394009,2.6717440113425255,991056,991824,0
4,median,LOCAL_HIGH,16,0.7073170731707317,0.008211356587707996,1.4049279987812042,991056,991824,0
4,median,LOCAL_HIGH,17,0.7073170731707317,0.008318767882883549,1.3055040389299393,991056,991824,0
4,median,LOCAL_HIGH,18,0.7073170731707317,0.008247082121670246,1.2551999911665916,991056,991824,0
4,median,LOCAL_HIGH,19,0.7073170731707317,0.008276700973510742,1.3192959688603878,991056,991824,0
4,median,LOCAL_MID,0,0.7216494845360825,0.008380398154258728,1.3560320250689983,1065936,1066704,0
4,median,LOCAL_MID,1,0.7216494845360825,0.008303102105855942,1.4387199878692627,1065936,1066704,0
4,median,LOCAL_MID,2,0.7216494845360825,0.0082181915640831,1.6338879764080048,1065936,1066704,0
4,median,LOCAL_MID,3,0.7216494845360825,0.008369265124201775,1.4612800180912018,1065936,1066704,0
4,median,LOCAL_MID,4,0.7216494845360825,0.008298657834529877,1.3282559774816036,1065936,1066704,0
4,median,LOCAL_MID,5,0.7216494845360825,0.008258793503046036,1.3208320140838623,1065936,1066704,0
4,median,LOCAL_MID,6,0.7216494845360825,0.00900717731565237,1.3028159774839878,1065936,1066704,0
4,median,LOCAL_MID,7,0.7216494845360825,0.00831200648099184,1.3379520028829575,1065936,1066704,0
4,median,LOCAL_MID,8,0.7216494845360825,0.008205942809581757,1.9163200035691261,1065936,1066704,0
4,median,LOCAL_MID,9,0.7216494845360825,0.011561126448214054,1.2549120225012302,1065936,1066704,0
4,median,LOCAL_MID,10,0.7216494845360825,0.010603422299027443,1.323648001998663,1065936,1066704,0
4,median,LOCAL_MID,11,0.7216494845360825,0.008969287388026714,1.3351039849221706,1065936,1066704,0
4,median,LOCAL_MID,12,0.7216494845360825,0.008232585154473782,1.3354559764266014,1065936,1066704,0
4,median,LOCAL_MID,13,0.7216494845360825,0.00868171826004982,1.628543995320797,1065936,1066704,0
4,median,LOCAL_MID,14,0.7216494845360825,0.008290012367069721,1.482335977256298,1065936,1066704,0
4,median,LOCAL_MID,15,0.7216494845360825,0.008203479461371899,1.4170240089297295,1065936,1066704,0
4,median,LOCAL_MID,16,0.7216494845360825,0.009190076030790806,1.3272639773786068,1065936,1066704,0
4,median,LOCAL_MID,17,0.7216494845360825,0.008227243088185787,1.3732479736208916,1065936,1066704,0
4,median,LOCAL_MID,18,0.7216494845360825,0.008153210394084454,2.284735955297947,1065936,1066704,0
4,median,LOCAL_MID,19,0.7216494845360825,0.008232936263084412,2.9525440521538258,1065936,1066704,0
4,median,LOCAL_LOW,0,0.7410714285714286,0.011796222068369389,1.9164480119943619,1103880,1104648,0
4,median,LOCAL_LOW,1,0.7410714285714286,0.011150437407195568,1.9255679920315742,1103880,1104648,0
4,median,LOCAL_LOW,2,0.7410714285714286,0.011905664578080177,1.755231961607933,1103880,1104648,0
4,median,LOCAL_LOW,3,0.7410714285714286,0.011320256628096104,1.6432000175118446,1103880,1104648,0
4,median,LOCAL_LOW,4,0.7410714285714286,0.011414936743676662,1.85913597792387,1103880,1104648,0
4,median,LOCAL_LOW,5,0.7410714285714286,0.011500034481287003,2.4137599989771843,1103880,1104648,0
4,median,LOCAL_LOW,6,0.7410714285714286,0.010487916879355907,1.5346560180187225,1103880,1104648,0
4,median,LOCAL_LOW,7,0.7410714285714286,0.010188204236328602,1.615552008152008,1103880,1104648,0
4,median,LOCAL_LOW,8,0.7410714285714286,0.010104014538228512,1.440064013004303,1103880,1104648,0
4,median,LOCAL_LOW,9,0.7410714285714286,0.00987991876900196,1.3975040093064308,1103880,1104648,0
4,median,LOCAL_LOW,10,0.7410714285714286,0.009752167388796806,1.4380800053477287,1103880,1104648,0
4,median,LOCAL_LOW,11,0.7410714285714286,0.00964747741818428,1.7480959966778755,1103880,1104648,0
4,median,LOCAL_LOW,12,0.7410714285714286,0.009648197330534458,1.4800960198044777,1103880,1104648,0
4,median,LOCAL_LOW,13,0.7410714285714286,0.009437637403607368,1.3305280022323132,1103880,1104648,0
4,median,LOCAL_LOW,14,0.7410714285714286,0.009844684973359108,1.2312640026211739,1103880,1104648,0
4,median,LOCAL_LOW,15,0.7410714285714286,0.009313231334090233,1.441215991973877,1103880,1104648,0
4,median,LOCAL_LOW,16,0.7410714285714286,0.009268457069993019,1.5355520248413086,1103880,1104648,0
4,median,LOCAL_LOW,17,0.7410714285714286,0.009074117988348007,1.2441600114107132,1103880,1104648,0
4,median,LOCAL_LOW,18,0.7410714285714286,0.009007600136101246,1.36470403149724,1103880,1104648,0
4,median,LOCAL_LOW,19,0.7410714285714286,0.009053103625774384,1.2793279998004436,1103880,1104648,0
4,median,REMOTE_MAX,0,0.7559055118110236,0.008422251790761948,1.3059520199894905,1178832,1179600,0
4,median,REMOTE_MAX,1,0.7559055118110236,0.00825080368667841,1.2249280214309692,1178832,1179600,0
4,median,REMOTE_MAX,2,0.7559055118110236,0.008284694515168667,1.2331840172410011,1178832,1179600,0
4,median,REMOTE_MAX,3,0.7559055118110236,0.008318500593304634,2.049407981336117,1178832,1179600,0
4,median,REMOTE_MAX,4,0.7559055118110236,0.008282522670924664,1.3710080310702324,1178832,1179600,0
4,median,REMOTE_MAX,5,0.7559055118110236,0.00854690745472908,1.3413119837641716,1178832,1179600,0
4,median,REMOTE_MAX,6,0.7559055118110236,0.008332542143762112,1.315615989267826,1178832,1179600,0
4,median,REMOTE_MAX,7,0.7559055118110236,0.008252928033471107,1.517951987683773,1178832,1179600,0
4,median,REMOTE_MAX,8,0.7559055118110236,0.008299795910716057,1.3386239856481552,1178832,1179600,0
4,median,REMOTE_MAX,9,0.7559055118110236,0.008286080323159695,1.2794559635221958,1178832,1179600,0
4,median,REMOTE_MAX,10,0.7559055118110236,0.008276664651930332,1.3197760246694088,1178832,1179600,0
4,median,REMOTE_MAX,11,0.7559055118110236,0.009481213986873627,1.4320319890975952,1178832,1179600,0
4,median,REMOTE_MAX,12,0.7559055118110236,0.008332973346114159,1.387520007789135,1178832,1179600,0
4,median,REMOTE_MAX,13,0.7559055118110236,0.00845874659717083,1.4369279965758324,1178832,1179600,0
4,median,REMOTE_MAX,14,0.7559055118110236,0.008341715671122074,2.6548800319433212,1178832,1179600,0
4,median,REMOTE_MAX,15,0.7559055118110236,0.008298941887915134,1.2029440067708492,1178832,1179600,0
4,median,REMOTE_MAX,16,0.7559055118110236,0.008374523371458054,1.3349760100245476,1178832,1179600,0
4,median,REMOTE_MAX,17,0.7559055118110236,0.008236194960772991,1.3739520236849785,1178832,1179600,0
4,median,REMOTE_MAX,18,0.7559055118110236,0.008286342956125736,1.3173119723796844,1178832,1179600,0
4,median,REMOTE_MAX,19,0.7559055118110236,0.008206057362258434,1.3478719890117645,1178832,1179600,0
4,high,LOCAL_MAX,0,0.68,0.012159761041402817,2.628671944141388,928872,929640,0
4,high,LOCAL_MAX,1,0.68,0.012049563229084015,4.134271964430809,928872,929640,0
4,high,LOCAL_MAX,2,0.68,0.012010692618787289,2.991487994790077,928872,929640,0
4,high,LOCAL_MAX,3,0.68,0.012046615593135357,3.1859839409589767,928872,929640,0
4,high,LOCAL_MAX,4,0.68,0.011988389305770397,2.951711945235729,928872,929640,0
4,high,LOCAL_MAX,5,0.68,0.012874838896095753,3.2236159816384315,928872,929640,0
4,high,LOCAL_MAX,6,0.68,0.012073333375155926,4.229504093527794,928872,929640,0
4,high,LOCAL_MAX,7,0.68,0.012082276865839958,1.3685439974069595,928872,929640,0
4,high,LOCAL_MAX,8,0.68,0.012023926712572575,2.9952959567308426,928872,929640,0
4,high,LOCAL_MAX,9,0.68,0.011952538043260574,2.7400319688022137,928872,929640,0
4,high,LOCAL_MAX,10,0.68,0.011932223103940487,2.649184003472328,928872,929640,0
4,high,LOCAL_MAX,11,0.68,0.014546632766723633,2.68166396766901,928872,929640,0
4,high,LOCAL_MAX,12,0.68,0.013683119788765907,5.498816080391407,928872,929640,0
4,high,LOCAL_MAX,13,0.68,0.013816391117870808,1.7178240343928337,928872,929640,0
4,high,LOCAL_MAX,14,0.68,0.013907982967793941,1.4261120036244392,928872,929640,0
4,high,LOCAL_MAX,15,0.68,0.013611208647489548,1.835423968732357,928872,929640,0
4,high,LOCAL_MAX,16,0.68,0.014924122020602226,1.144031997770071,928872,929640,0
4,high,LOCAL_MAX,17,0.68,0.012919173575937748,1.2531840056180954,928872,929640,0
4,high,LOCAL_MAX,18,0.68,0.012234794907271862,1.2833599895238876,928872,929640,0
4,high,LOCAL_MAX,19,0.68,0.014551959000527859,1.1140480004251003,928872,929640,0
4,high,LOCAL_HIGH,0,0.6966292134831461,0.012019657529890537,1.4104959890246391,991344,992112,0
4,high,LOCAL_HIGH,1,0.6966292134831461,0.012003778479993343,1.3322879895567894,991344,992112,0
4,high,LOCAL_HIGH,2,0.6966292134831461,0.012064499780535698,1.3885440230369568,991344,992112,0
4,high,LOCAL_HIGH,3,0.6966292134831461,0.012572910636663437,1.3421759977936745,991344,992112,0
4,high,LOCAL_HIGH,4,0.6966292134831461,0.01232899259775877,1.3720640018582344,991344,992112,0
4,high,LOCAL_HIGH,5,0.6966292134831461,0.012202750891447067,1.4202560037374496,991344,992112,0
4,high,LOCAL_HIGH,6,0.6966292134831461,0.01222306303679943,1.408768005669117,991344,992112,0
4,high,LOCAL_HIGH,7,0.6966292134831461,0.01240011490881443,1.9175999388098717,991344,992112,0
4,high,LOCAL_HIGH,8,0.6966292134831461,0.012186815030872822,1.327712006866932,991344,992112,0
4,high,LOCAL_HIGH,9,0.6966292134831461,0.012138403952121735,1.2002560086548328,991344,992112,0
4,high,LOCAL_HIGH,10,0.6966292134831461,0.012197672389447689,1.3352000042796135,991344,992112,0
4,high,LOCAL_HIGH,11,0.6966292134831461,0.012601327151060104,1.3471040204167366,991344,992112,0
4,high,LOCAL_HIGH,12,0.6966292134831461,0.012327329255640507,1.2992000132799149,991344,992112,0
4,high,LOCAL_HIGH,13,0.6966292134831461,0.012310359627008438,1.325696013867855,991344,992112,0
4,high,LOCAL_HIGH,14,0.6966292134831461,0.012277591973543167,1.4688000120222569,991344,992112,0
4,high,LOCAL_HIGH,15,0.6966292134831461,0.012298459187150002,1.358944021165371,991344,992112,0
4,high,LOCAL_HIGH,16,0.6966292134831461,0.012313857674598694,1.17171198874712,991344,992112,0
4,high,LOCAL_HIGH,17,0.6966292134831461,0.012349938973784447,1.332447998225689,991344,992112,0
4,high,LOCAL_HIGH,18,0.6966292134831461,0.012204447761178017,1.151711992919445,991344,992112,0
4,high,LOCAL_HIGH,19,0.6966292134831461,0.012708397582173347,1.139840018004179,991344,992112,0
4,high,LOCAL_MID,0,0.7254901960784313,0.011966795660555363,1.567295990884304,1058000,1058768,0
4,high,LOCAL_MID,1,0.7254901960784313,0.011911497451364994,1.3822720125317574,1058000,1058768,0
4,high,LOCAL_MID,2,0.7254901960784313,0.012042809277772903,1.2455039992928505,1058000,1058768,0
4,high,LOCAL_MID,3,0.7254901960784313,0.011985239572823048,1.3499199971556664,1058000,1058768,0
4,high,LOCAL_MID,4,0.7254901960784313,0.012595989741384983,1.3669119998812675,1058000,1058768,0
4,high,LOCAL_MID,5,0.7254901960784313,0.012055654078722,1.3497280031442642,1058000,1058768,0
4,high,LOCAL_MID,6,0.7254901960784313,0.012079725041985512,1.3227840140461922,1058000,1058768,0
4,high,LOCAL_MID,7,0.7254901960784313,0.012099307030439377,1.181919988244772,1058000,1058768,0
4,high,LOCAL_MID,8,0.7254901960784313,0.012198791839182377,2.122079975903034,1058000,1058768,0
4,high,LOCAL_MID,9,0.7254901960784313,0.012129233218729496,1.223968006670475,1058000,1058768,0
4,high,LOCAL_MID,10,0.7254901960784313,0.012228109873831272,1.2199039943516254,1058000,1058768,0
4,high,LOCAL_MID,11,0.7254901960784313,0.0121370330452919,1.4269760102033615,1058000,1058768,0
4,high,LOCAL_MID,12,0.7254901960784313,0.012373904697597027,1.4086719900369644,1058000,1058768,0
4,high,LOCAL_MID,13,0.7254901960784313,0.012270420789718628,1.2845439910888672,1058000,1058768,0
4,high,LOCAL_MID,14,0.7254901960784313,0.012187059968709946,1.3297279700636864,1058000,1058768,0
4,high,LOCAL_MID,15,0.7254901960784313,0.012214010581374168,2.324703983962536,1058000,1058768,0
4,high,LOCAL_MID,16,0.7254901960784313,0.012190415523946285,1.8442559912800789,1058000,1058768,0
4,high,LOCAL_MID,17,0.7254901960784313,0.012237735092639923,1.1731840148568153,1058000,1058768,0
4,high,LOCAL_MID,18,0.7254901960784313,0.012374126352369785,1.2947839796543121,1058000,1058768,0
4,high,LOCAL_MID,19,0.7254901960784313,0.012272680178284645,1.2429759874939919,1058000,1058768,0
4,high,LOCAL_LOW,0,0.7391304347826086,0.012046553194522858,1.3423679694533348,1108136,1108904,0
4,high,LOCAL_LOW,1,0.7391304347826086,0.01196045521646738,1.6822720021009445,1108136,1108904,0
4,high,LOCAL_LOW,2,0.7391304347826086,0.012032057158648968,1.5085119977593422,1108136,1108904,0
4,high,LOCAL_LOW,3,0.7391304347826086,0.011970522813498974,1.2664319910109043,1108136,1108904,0
4,high,LOCAL_LOW,4,0.7391304347826086,0.011972024105489254,1.292768009006977,1108136,1108904,0
4,high,LOCAL_LOW,5,0.7391304347826086,0.012715473771095276,3.230720065534115,1108136,1108904,0
4,high,LOCAL_LOW,6,0.7391304347826086,0.01211564615368843,1.384575992822647,1108136,1108904,0
4,high,LOCAL_LOW,7,0.7391304347826086,0.012231027707457542,1.127392016351223,1108136,1108904,0
4,high,LOCAL_LOW,8,0.7391304347826086,0.012199688702821732,1.0065920054912567,1108136,1108904,0
4,high,LOCAL_LOW,9,0.7391304347826086,0.012356272898614407,1.2592319771647453,1108136,1108904,0
4,high,LOCAL_LOW,10,0.7391304347826086,0.012066230177879333,1.176319994032383,1108136,1108904,0
4,high,LOCAL_LOW,11,0.7391304347826086,0.01233582478016615,1.127423994243145,1108136,1108904,0
4,high,LOCAL_LOW,12,0.7391304347826086,0.012182734906673431,1.2437759935855865,1108136,1108904,0
4,high,LOCAL_LOW,13,0.7391304347826086,0.013336087577044964,1.5720640048384666,1108136,1108904,0
4,high,LOCAL_LOW,14,0.7391304347826086,0.012423311360180378,1.0291840136051178,1108136,1108904,0
4,high,LOCAL_LOW,15,0.7391304347826086,0.01235963124781847,1.0693119913339615,1108136,1108904,0
4,high,LOCAL_LOW,16,0.7391304347826086,0.012282687239348888,1.8322559893131256,1108136,1108904,0
4,high,LOCAL_LOW,17,0.7391304347826086,0.012281929142773151,0.9824959859251976,1108136,1108904,0
4,high,LOCAL_LOW,18,0.7391304347826086,0.01219585258513689,1.0232319831848145,1108136,1108904,0
4,high,LOCAL_LOW,19,0.7391304347826086,0.012298958376049995,0.9149120002985001,1108136,1108904,0
4,high,REMOTE_MAX,0,0.7559055118110236,0.012348396703600883,1.827904000878334,1166496,1167264,0
4,high,REMOTE_MAX,1,0.7559055118110236,0.013589872047305107,1.4839360192418098,1166496,1167264,0
4,high,REMOTE_MAX,2,0.7559055118110236,0.01414194144308567,1.8087359741330147,1166496,1167264,0
4,high,REMOTE_MAX,3,0.7559055118110236,0.01449788361787796,1.783520020544529,1166496,1167264,0
4,high,REMOTE_MAX,4,0.7559055118110236,0.012695703655481339,1.982272021472454,1166496,1167264,0
4,high,REMOTE_MAX,5,0.7559055118110236,0.015341260470449924,1.6317759826779366,1166496,1167264,0
4,high,REMOTE_MAX,6,0.7559055118110236,0.01375892199575901,1.6820799931883812,1166496,1167264,0
4,high,REMOTE_MAX,7,0.7559055118110236,0.013663077726960182,1.6938879787921906,1166496,1167264,0
4,high,REMOTE_MAX,8,0.7559055118110236,0.014085019007325172,1.49532800167799,1166496,1167264,0
4,high,REMOTE_MAX,9,0.7559055118110236,0.012587100267410278,1.4602240025997162,1166496,1167264,0
4,high,REMOTE_MAX,10,0.7559055118110236,0.013326321728527546,1.5552000105381012,1166496,1167264,0
4,high,REMOTE_MAX,11,0.7559055118110236,0.013558055274188519,1.4941440001130104,1166496,1167264,0
4,high,REMOTE_MAX,12,0.7559055118110236,0.0131424181163311,1.3911359906196594,1166496,1167264,0
4,high,REMOTE_MAX,13,0.7559055118110236,0.01414533518254757,1.8060479685664177,1166496,1167264,0
4,high,REMOTE_MAX,14,0.7559055118110236,0.013095375150442123,1.5228800401091576,1166496,1167264,0
4,high,REMOTE_MAX,15,0.7559055118110236,0.015031659044325352,1.5905279740691185,1166496,1167264,0
4,high,REMOTE_MAX,16,0.7559055118110236,0.013448216952383518,1.7047679796814919,1166496,1167264,0
4,high,REMOTE_MAX,17,0.7559055118110236,0.013796773739159107,1.4768639951944351,1166496,1167264,0
4,high,REMOTE_MAX,18,0.7559055118110236,0.015152879059314728,1.3718720152974129,1166496,1167264,0
4,high,REMOTE_MAX,19,0.7559055118110236,0.013932093977928162,1.571903996169567,1166496,1167264,0
