batch,stress,dataset,policy,scope,config,critical_rows,H2D_bytes,D2D_bytes,peer_bytes,exact_hit,env1_overlap_ms,env1_serial_ms,env2_overlap_ms,env2_serial_ms,replica_creations
128,COMM,ShareGPT,BR,decode,,18126472,6043044151296,0,600509513728,0.8524040480454763,208215.08300994034,208215.08300994034,211117.01917067135,211117.01917067135,0
128,COMM,ShareGPT,BR+REP,decode-only,"{""dup_budget"": 0.05, ""hot_mult"": 2.0, ""min_gain"": 0.02}",16060580,6488328241152,2227175424,601301143552,0.8330207069714864,187820.33191650928,187839.27382185878,190813.65019025732,190894.27697601248,236
128,COMM,ShareGPT,CA,decode,,20067506,6049036763136,0,569480826880,0.8511221508185068,228563.60217718547,228563.60217718547,231515.00021044794,231515.00021044794,0
128,COMM,ShareGPT,CA+REP,decode-only,"{""dup_budget"": 0.05, ""hot_mult"": 2.0, ""min_gain"": 0.05}",17250497,6496312098816,2104492032,574347927552,0.8314541280269623,200303.16046978935,200321.0589650984,203318.37453314872,203394.44403799088,223
128,COMM,ShareGPT,LA,decode,,13331440,6042751598592,0,603365560320,0.8523785372575124,158001.12458861934,158001.12458861934,160787.40798014478,160787.40798014478,0
128,COMM,ShareGPT,LA+REP,decode-only,"{""dup_budget"": 0.05, ""hot_mult"": 2.0, ""min_gain"": 0.05}",13055398,6445794852864,1821376512,601620783104,0.8350683152675629,156224.05556017175,156239.54618615672,159141.72645905727,159207.6627711367,193
128,LOAD,MATH,BR,decode,,20128324,4526800109568,0,598296027136,0.8554348647594452,225106.6101085379,225106.6101085379,227620.98224833654,227620.98224833654,0
128,LOAD,MATH,BR+REP,decode-only,"{""dup_budget"": 0.05, ""hot_mult"": 1.0, ""min_gain"": 0.02}",16910969,4951775379456,2916089856,601238298624,0.837047298749288,192568.43538761567,192593.23644165377,195143.0938797733,195247.61653262287,309
128,LOAD,MATH,CA,decode,,21026221,4541408870400,0,579119861760,0.8544880449771881,234551.28583079705,234551.28583079705,237089.20267007817,237089.20267007817,0
128,LOAD,MATH,CA+REP,decode-only,"{""dup_budget"": 0.05, ""hot_mult"": 2.0, ""min_gain"": 0.02}",17557435,4968224391168,2850029568,582046900224,0.8359862069288889,199381.7834479625,199406.02266582497,201969.81308404412,202072.52413902487,302
128,LOAD,MATH,LA,decode,,13782316,4526441496576,0,607479750656,0.8554883797963461,158644.11814289386,158644.11814289386,161000.48191762852,161000.48191762852,0
128,LOAD,MATH,LA+REP,decode-only,"{""dup_budget"": 0.05, ""hot_mult"": 2.0, ""min_gain"": 0.05}",13281115,4934599704576,2529165312,604087332864,0.837841659784317,154506.24895753502,154527.7592568302,157002.1421630815,157093.35346960876,268
256,COMM,MATH,BR,decode,,37584288,4868416733184,0,1203484119040,0.860567033290863,408868.4610881199,408868.4610881199,412173.7911739777,412173.7911739777,0
256,COMM,MATH,BR+REP,decode-only,"{""dup_budget"": 0.05, ""hot_mult"": 2.0, ""min_gain"": 0.05}",33099434,5306405879808,2765094912,1204971536384,0.842323770125707,363097.6579111761,363121.17476824136,366449.0555854661,366548.6918901426,293
256,COMM,MATH,CA,decode,,42671645,4883091554304,0,1163513909248,0.8593595921993256,462202.3516179209,462202.3516179209,465635.2550322228,465635.2550322228,0
256,COMM,MATH,CA+REP,decode-only,"{""dup_budget"": 0.05, ""hot_mult"": 1.5, ""min_gain"": 0.05}",35092060,5321269444608,2755657728,1170886479872,0.841044545173645,384006.2066842724,384029.64327902684,387384.19225215976,387483.8348426676,292
256,COMM,MATH,LA,decode,,27391175,4869124521984,0,1213546729472,0.8606288284063339,302119.90621885547,302119.90621885547,305122.61378109275,305122.61378109275,0
256,COMM,MATH,LA+REP,decode-only,"{""dup_budget"": 0.05, ""hot_mult"": 1.0, ""min_gain"": 0.05}",26549464,5307368472576,2736783360,1207566843904,0.8422900984684626,294498.10381117364,294521.3798813065,297700.45578701305,297799.2991247575,290
256,LOAD,MATH,BR,decode,,39807631,4868454481920,0,1197265285120,0.8596733013788859,432148.01755877276,432148.01755877276,435515.58399195643,435515.58399195643,0
256,LOAD,MATH,BR+REP,decode-only,"{""dup_budget"": 0.05, ""hot_mult"": 1.5, ""min_gain"": 0.05}",33665906,5308085698560,2982150144,1203227353088,0.8410261422395706,369018.64363195497,369044.0065221687,372373.70690730296,372481.4328570374,316
256,LOAD,MATH,CA,decode,,40835558,4882987745280,0,1167809507328,0.8586346308390299,442956.7800079091,442956.7800079091,446339.42985944945,446339.42985944945,0
256,LOAD,MATH,CA+REP,decode-only,"{""dup_budget"": 0.05, ""hot_mult"": 2.0, ""min_gain"": 0.05}",34910604,5322534027264,2897215488,1173931487232,0.8399325410525004,382103.10239416023,382127.74292357673,385489.7253058804,385594.37650531065,307
256,LOAD,MATH,LA,decode,,27285055,4870228672512,0,1212471996416,0.8595893184343973,301004.2871553103,301004.2871553103,304004.7142524707,304004.7142524707,0
256,LOAD,MATH,LA+REP,decode-only,"{""dup_budget"": 0.05, ""hot_mult"": 1.0, ""min_gain"": 0.05}",26504631,5308161196032,2802843648,1209023725568,0.8411270380020142,294020.09636153374,294043.8540055314,297218.3118667036,297319.20503798424,297
