id,packet_bytes,target_delay_ms,delayed_rank,total_packets,max_send,max_recv,max_incident,max_peer_edge,active_directed_edges,send_cv,recv_cv,median_max_local_completion_ms,p10_ms,p90_ms,shape
V1389_BALANCED,4120,0.0,0,1389,348,348,695,116,12,0.0012469768233037272,0.0012469768233037272,0.03147200122475624,0.03046399913728237,0.03246720097959042,BALANCED
V1389_BALANCED,4096,0.0,0,1389,348,348,695,116,12,0.0012469768233037272,0.0012469768233037272,0.031136000528931618,0.030400000512599945,0.03171519935131073,BALANCED
V1389_PAIR_HOT,4096,0.0,0,1389,348,348,695,348,4,0.0012469768233037272,0.0012469768233037272,0.030352000147104263,0.028860799968242645,0.03203200176358223,PAIR_HOT
V1389_PAIR_HOT,4120,0.0,0,1389,348,348,695,348,4,0.0012469768233037272,0.0012469768233037272,0.030527999624609947,0.029468800872564316,0.03179199993610382,PAIR_HOT
V1389_DEST_HOT,4120,0.0,0,1389,463,1389,1389,463,3,0.5773502691896257,1.7320508075688772,0.05145600065588951,0.04952960088849068,0.055107198655605316,DEST_HOT
V1389_DEST_HOT,4096,0.0,0,1389,1389,463,1389,463,3,1.7320508075688772,0.5773502691896257,0.041919998824596405,0.03938559852540493,0.042982399463653564,DEST_HOT
V1389_SRC_HOT,4096,0.0,0,1389,463,1389,1389,463,3,0.5773502691896257,1.7320508075688772,0.038704000413417816,0.03714879974722862,0.042367998510599136,SRC_HOT
V1389_SRC_HOT,4120,0.0,0,1389,1389,463,1389,463,3,1.7320508075688772,0.5773502691896257,0.04499199986457825,0.04341119937598705,0.04922559857368469,SRC_HOT
V1389_TRACE_BR,4120,0.0,0,1389,375,382,717,128,12,0.04956111959538003,0.14203680916599823,0.03152000159025192,0.028281599469482898,0.03335680067539215,TRACE_BR
V1389_TRACE_BR,4096,0.0,0,1389,382,375,717,128,12,0.14203680916599823,0.04956111959538003,0.03235200047492981,0.031094400212168694,0.03309119865298271,TRACE_BR
V1389_RAW_TRACE_BR,4096,0.0,0,1389,382,375,717,128,12,0.14203680916599823,0.04956111959538003,0.03222399950027466,0.031062399968504906,0.03299520127475262,RAW_TRACE_BR
V1389_RAW_TRACE_BR,4120,0.0,0,1389,375,382,717,128,12,0.04956111959538003,0.14203680916599823,0.03177599981427193,0.029942399263381957,0.03336320035159588,RAW_TRACE_BR
V1389_TRACE_FCA,4120,0.0,0,1389,376,380,714,127,12,0.04951926937082115,0.13745244767200152,0.03161599859595299,0.030060799978673457,0.032575998455286026,TRACE_FCA
V1389_TRACE_FCA,4096,0.0,0,1389,380,376,714,127,12,0.13745244767200152,0.04951926937082115,0.03200000151991844,0.031036799773573875,0.033055998384952545,TRACE_FCA
V1389_RAW_TRACE_FCA,4096,0.0,0,1393,383,377,717,128,12,0.13901405980205303,0.04987553106297703,0.03195200115442276,0.031027199886739253,0.03276799991726875,RAW_TRACE_FCA
V1389_RAW_TRACE_FCA,4120,0.0,0,1393,377,383,717,128,12,0.04987553106297703,0.13901405980205303,0.03187200054526329,0.029392000287771225,0.033033598214387894,RAW_TRACE_FCA
V1432_BALANCED,4120,0.0,0,1432,358,358,716,120,12,0.0,0.0,0.03214399889111519,0.030876800417900085,0.033033598214387894,BALANCED
V1432_BALANCED,4096,0.0,0,1432,358,358,716,120,12,0.0,0.0,0.030848000198602676,0.028412800282239914,0.03219199925661087,BALANCED
V1432_PAIR_HOT,4096,0.0,0,1432,358,358,716,358,4,0.0,0.0,0.031007999554276466,0.02851839940994978,0.04416000097990036,PAIR_HOT
V1432_PAIR_HOT,4120,0.0,0,1432,358,358,716,358,4,0.0,0.0,0.03174399957060814,0.029120000079274178,0.04042879864573479,PAIR_HOT
V1432_DEST_HOT,4120,0.0,0,1432,478,1432,1432,478,3,0.5773513953828354,1.7320508075688772,0.053487999364733696,0.05119999870657921,0.05644800141453743,DEST_HOT
V1432_DEST_HOT,4096,0.0,0,1432,1432,478,1432,478,3,1.7320508075688772,0.5773513953828354,0.04243199899792671,0.0390431996434927,0.04310720041394234,DEST_HOT
V1432_SRC_HOT,4096,0.0,0,1432,478,1432,1432,478,3,0.5773513953828354,1.7320508075688772,0.04142400063574314,0.037696000188589096,0.04321280084550381,SRC_HOT
V1432_SRC_HOT,4120,0.0,0,1432,1432,478,1432,478,3,1.7320508075688772,0.5773513953828354,0.04668800160288811,0.04437759891152382,0.050592001527547836,SRC_HOT
V1432_TRACE_BR,4120,0.0,0,1432,368,378,729,127,12,0.02277864026578225,0.0715705473481506,0.031856000423431396,0.030329599976539612,0.03276799991726875,TRACE_BR
V1432_TRACE_BR,4096,0.0,0,1432,378,368,729,127,12,0.0715705473481506,0.02277864026578225,0.032127998769283295,0.0307839997112751,0.03293440118432045,TRACE_BR
V1432_RAW_TRACE_BR,4096,0.0,0,1432,378,368,729,127,12,0.0715705473481506,0.02277864026578225,0.032127998769283295,0.030646400526165962,0.033215999603271484,RAW_TRACE_BR
V1432_RAW_TRACE_BR,4120,0.0,0,1432,368,378,729,127,12,0.02277864026578225,0.0715705473481506,0.031856000423431396,0.028534399531781673,0.03272319957613945,RAW_TRACE_BR
V1432_TRACE_FCA,4120,0.0,0,1432,379,382,737,128,12,0.037214839649369356,0.10173504944957716,0.03230400010943413,0.030592000111937523,0.03335040062665939,TRACE_FCA
V1432_TRACE_FCA,4096,0.0,0,1432,382,379,737,128,12,0.10173504944957716,0.037214839649369356,0.03259199857711792,0.03099839985370636,0.044998399913311005,TRACE_FCA
V1432_RAW_TRACE_FCA,4096,0.0,0,1432,382,379,737,128,12,0.10173504944957716,0.037214839649369356,0.032368000596761703,0.031647998839616776,0.03311999887228012,RAW_TRACE_FCA
V1432_RAW_TRACE_FCA,4120,0.0,0,1432,379,382,737,128,12,0.037214839649369356,0.10173504944957716,0.03270399942994118,0.031075200252234935,0.03359999880194664,RAW_TRACE_FCA
V1528_BALANCED,4120,0.0,0,1528,382,382,764,128,12,0.0,0.0,0.032336000353097916,0.030966399423778056,0.0350399985909462,BALANCED
V1528_BALANCED,4096,0.0,0,1528,382,382,764,128,12,0.0,0.0,0.03230400010943413,0.028697600588202477,0.033215999603271484,BALANCED
V1528_PAIR_HOT,4096,0.0,0,1528,382,382,764,382,4,0.0,0.0,0.03129599988460541,0.029952000826597214,0.03235840052366257,PAIR_HOT
V1528_PAIR_HOT,4120,0.0,0,1528,382,382,764,382,4,0.0,0.0,0.031328000128269196,0.02936000023037195,0.032390400767326355,PAIR_HOT
V1528_DEST_HOT,4120,0.0,0,1528,510,1528,1528,510,3,0.5773512583171418,1.7320508075688772,0.05422399938106537,0.05324479937553406,0.058185599744319916,DEST_HOT
V1528_DEST_HOT,4096,0.0,0,1528,1528,510,1528,510,3,1.7320508075688772,0.5773512583171418,0.04350399971008301,0.041967999562621115,0.04461760073900223,DEST_HOT
V1528_SRC_HOT,4096,0.0,0,1528,510,1528,1528,510,3,0.5773512583171418,1.7320508075688772,0.04327999986708164,0.03946879915893078,0.04512320086359978,SRC_HOT
V1528_SRC_HOT,4120,0.0,0,1528,1528,510,1528,510,3,1.7320508075688772,0.5773512583171418,0.04871999844908714,0.04764480143785477,0.053011200949549676,SRC_HOT
V1528_TRACE_BR,4120,0.0,0,1528,384,384,767,128,12,0.004897457312531337,0.0055531946166482785,0.03283200040459633,0.02969280071556568,0.03383040055632591,TRACE_BR
V1528_TRACE_BR,4096,0.0,0,1528,384,384,767,128,12,0.0055531946166482785,0.004897457312531337,0.03235200047492981,0.03097280003130436,0.033059198409318924,TRACE_BR
V1528_RAW_TRACE_BR,4096,0.0,0,1528,384,384,767,128,12,0.0055531946166482785,0.004897457312531337,0.032416000962257385,0.03173759952187538,0.03331520035862923,RAW_TRACE_BR
V1528_RAW_TRACE_BR,4120,0.0,0,1528,384,384,767,128,12,0.004897457312531337,0.0055531946166482785,0.03275199979543686,0.03004159964621067,0.03385920077562332,RAW_TRACE_BR
V1528_TRACE_FCA,4120,0.0,0,1528,386,384,769,129,12,0.00667410931098532,0.006139287643747945,0.03367999941110611,0.03229440003633499,0.035843200981616974,TRACE_FCA
V1528_TRACE_FCA,4096,0.0,0,1528,384,386,769,129,12,0.006139287643747945,0.00667410931098532,0.03200000151991844,0.029228799417614935,0.03276799991726875,TRACE_FCA
V1528_RAW_TRACE_FCA,4096,0.0,0,1526,383,384,767,128,12,0.0054038081593940504,0.004725493152639567,0.032207999378442764,0.031059200316667555,0.032896000891923904,RAW_TRACE_FCA
V1528_RAW_TRACE_FCA,4120,0.0,0,1526,384,383,767,128,12,0.004725493152639567,0.0054038081593940504,0.03308799862861633,0.03001279942691326,0.03476480022072792,RAW_TRACE_FCA
