rank,rows,primary_ladder,stable,median_ms,initial_drift,final_drift
0,1,True,True,0.01990400068461895,0.0016064378698933065,0.0016064378698933065
0,2,True,True,0.019872000440955162,0.035889059613429905,0.004819220328714793
0,3,False,True,0.019967999309301376,0.0032102038870478002,0.0032102038870478002
0,4,True,True,0.019807999953627586,0.0016142172892443425,0.0016142172892443425
0,5,False,True,0.019936000928282738,0.005615673378113462,0.005615673378113462
0,6,False,True,0.019967999309301376,0.0048114909670532975,0.0048114909670532975
0,8,True,True,0.020031999796628952,0.0079935726832898,0.0079935726832898
0,10,False,True,0.02006400004029274,0.003988861649468126,0.003988861649468126
0,12,False,True,0.020080000162124634,0.007968188098959146,0.007968188098959146
0,13,False,True,0.020031999796628952,0.002397141736377105,0.002397141736377105
0,16,True,True,0.020096000283956528,0.009569450837178412,0.009569450837178412
0,17,False,True,0.02038400061428547,0.0015711038339597477,0.0015711038339597477
0,18,False,True,0.03167999908328056,0.006060593410639967,0.006060593410639967
0,20,False,True,0.021568000316619873,0.0059347632036390666,0.0059347632036390666
0,24,False,True,0.02022399939596653,0.009493650921202992,0.009493650921202992
0,28,False,True,0.020096000283956528,0.0031847375807747143,0.0031847375807747143
0,29,False,True,0.02022399939596653,0.0015835433894114776,0.0015835433894114776
0,32,True,True,0.020287999883294106,0.0031545981711226284,0.0031545981711226284
0,38,False,True,0.020447999238967896,0.0023482633362863184,0.0023482633362863184
0,39,False,True,0.02038400061428547,0.009419132767062029,0.009419132767062029
0,42,False,True,0.020416000857949257,0.004698456740335443,0.004698456740335443
0,44,False,True,0.02051199972629547,0.0015612921682931187,0.0015612921682931187
0,54,False,True,0.020640000700950623,0.0,0.0
0,55,False,True,0.02062400057911873,0.004654716349186545,0.004654716349186545
0,58,False,True,0.020608000457286835,0.00466204008486107,0.00466204008486107
0,61,False,True,0.020479999482631683,0.008597082574764771,0.008597082574764771
0,62,False,True,0.020608000457286835,0.0007767049283510048,0.0007767049283510048
0,64,True,True,0.020447999238967896,0.006259737428796386,0.006259737428796386
0,65,False,True,0.02067199908196926,0.0,0.0
0,94,False,True,0.020959999412298203,0.0030534584504818083,0.0030534584504818083
0,120,False,True,0.021503999829292297,0.001488106580999772,0.001488106580999772
0,124,False,True,0.021376000717282295,0.0014981387065412242,0.0014981387065412242
0,128,True,True,0.020927999168634415,0.010711545678829365,0.010711545678829365
0,136,False,True,0.02147199958562851,0.0029806486849232264,0.0029806486849232264
0,162,False,True,0.02131200022995472,0.004507923107811521,0.004507923107811521
0,256,True,True,0.0225600004196167,0.0,0.0
0,262,False,True,0.023264000192284584,0.0055021051236752655,0.0055021051236752655
0,419,False,True,0.025631999596953392,0.002496897953103228,0.002496897953103228
0,479,False,True,0.0249439999461174,0.005134827324992576,0.005134827324992576
0,488,False,True,0.027135999873280525,0.005899749992084445,0.005899749992084445
0,491,False,True,0.02828799933195114,0.001131870563024569,0.001131870563024569
0,494,False,True,0.02672000043094158,0.0011983314594582078,0.0011983314594582078
0,495,False,True,0.03324799984693527,0.0009629346391578996,0.0009629346391578996
0,508,False,True,0.024960000067949295,0.0012828834081507752,0.0012828834081507752
0,510,False,True,0.02457600086927414,0.001301170337542703,0.001301170337542703
0,512,True,True,0.026095999404788017,0.007977896591974516,0.007977896591974516
1,1,True,True,0.019967999309301376,0.004004742956884791,0.004004742956884791
1,2,True,True,0.02022399939596653,0.0031645811530403786,0.0031645811530403786
1,3,False,True,0.020191999152302742,0.007930182195518195,0.007930182195518195
1,4,True,True,0.020191999152302742,0.003169503982635483,0.003169503982635483
1,5,False,True,0.020128000527620316,0.00635925648734342,0.00635925648734342
1,6,False,True,0.02006400004029274,0.0007971363965333197,0.0007971363965333197
1,8,True,True,0.020160000771284103,0.004761848666085976,0.004761848666085976
1,10,False,True,0.020191999152302742,0.004758072389373709,0.004758072389373709
1,12,False,True,0.020160000771284103,0.004758072389373709,0.004758072389373709
1,13,False,True,0.020320000126957893,0.004728168388845889,0.004728168388845889
1,16,True,True,0.020191999152302742,0.0015835433894114776,0.0015835433894114776
1,17,False,True,0.02059200033545494,0.007769976704723563,0.007769976704723563
1,18,False,False,0.029039999470114708,0.1100965477238504,0.2024931815715003
1,20,False,True,0.02163200080394745,0.004434537526367146,0.004434537526367146
1,24,False,True,0.02054399996995926,0.009345865569678922,0.009345865569678922
1,28,False,True,0.02054399996995926,0.0015564320778658144,0.0015564320778658144
1,29,False,True,0.02038400061428547,0.0031397412381710295,0.0031397412381710295
1,32,True,True,0.020368000492453575,0.0015711038339597477,0.0015711038339597477
1,38,False,True,0.02067199908196926,0.006191907504242469,0.006191907504242469
1,39,False,True,0.02070399932563305,0.006182337249875184,0.006182337249875184
1,42,False,True,0.020735999569296837,0.0023139397585493207,0.0023139397585493207
1,44,False,True,0.02070399932563305,0.012345682893743489,0.012345682893743489
1,54,False,True,0.020767999812960625,0.004618972829703383,0.004618972829703383
1,55,False,True,0.020735999569296837,0.0061728866374340845,0.0061728866374340845
1,58,False,True,0.020735999569296837,0.0,0.0
1,61,False,True,0.020800000056624413,0.010011628084199163,0.010011628084199163
1,62,False,True,0.020735999569296837,0.03453688106443081,0.006920467881276961
1,64,True,True,0.020767999812960625,0.004626095432740531,0.004626095432740531
1,65,False,True,0.02099199965596199,0.007627734178272346,0.007627734178272346
1,94,False,True,0.020959999412298203,0.0030534584504818083,0.0030534584504818083
1,120,False,True,0.021407999098300934,0.0007476257420960142,0.0007476257420960142
1,124,False,True,0.021487999707460403,0.007446073180249928,0.007446073180249928
1,128,True,True,0.021183999255299568,0.0,0.0
1,136,False,True,0.02163200080394745,0.0,0.0
1,162,False,True,0.021344000473618507,0.0014981387065412242,0.0014981387065412242
1,256,True,True,0.02236800082027912,0.0,0.0
1,262,False,True,0.02316799946129322,0.0013821805708695387,0.0013821805708695387
1,419,False,True,0.02566399984061718,0.002493784590283748,0.002493784590283748
1,479,False,True,0.024927999824285507,0.005778535226902994,0.005778535226902994
1,488,False,True,0.02735999971628189,0.0,0.0
1,491,False,True,0.028815999627113342,0.0033315079203789,0.0033315079203789
1,494,False,True,0.027168000116944313,0.007067191591440636,0.007067191591440636
1,495,False,True,0.02731199935078621,0.005858207162461126,0.005858207162461126
1,508,False,True,0.03219199925661087,0.05286788417157493,0.00719793852103758
1,510,False,True,0.025536000728607178,0.006261715567480411,0.006261715567480411
1,512,True,True,0.027040000073611736,0.032123703572378336,0.0036209591561722795
2,1,True,True,0.02035200037062168,0.009448890786570659,0.009448890786570659
2,2,True,True,0.020447999238967896,0.03659506938959981,0.0
2,3,False,True,0.020287999883294106,0.0015785440035679871,0.0015785440035679871
2,4,True,True,0.02038400061428547,0.006269549004213349,0.006269549004213349
2,5,False,True,0.020416000857949257,0.007843105745333583,0.007843105745333583
2,6,False,True,0.020416000857949257,0.0015660914713561103,0.0015660914713561103
2,8,True,True,0.02051199972629547,0.010928953802975388,0.010928953802975388
2,10,False,True,0.02054399996995926,0.001558858334983231,0.001558858334983231
2,12,False,True,0.02059200033545494,0.013214157460935148,0.013214157460935148
2,13,False,True,0.020576000213623047,0.0007773086678241538,0.0007773086678241538
2,16,True,True,0.020576000213623047,0.006220887117332159,0.006220887117332159
2,17,False,True,0.020896000787615776,0.0,0.0
2,18,False,True,0.032368000596761703,0.008906549660725089,0.008906549660725089
2,20,False,True,0.02195199951529503,0.032592582627824135,0.005813997757989805
2,24,False,True,0.020800000056624413,0.004618972829703383,0.004618972829703383
2,28,False,True,0.020735999569296837,0.0061728866374340845,0.0061728866374340845
2,29,False,True,0.020640000700950623,0.0031007085948034276,0.0031007085948034276
2,32,True,True,0.02070399932563305,0.0015468022474550466,0.0015468022474550466
2,38,False,True,0.020896000787615776,0.006883328564682779,0.006883328564682779
2,39,False,True,0.020927999168634415,0.000764779676653432,0.000764779676653432
2,42,False,True,0.02099199965596199,0.0030488037526905515,0.0030488037526905515
2,44,False,True,0.020927999168634415,0.003821109376175358,0.003821109376175358
2,54,False,True,0.021088000386953354,0.0015163117367471,0.0015163117367471
2,55,False,True,0.02099199965596199,0.0015255646631627815,0.0015255646631627815
2,58,False,True,0.02099199965596199,0.0038124576202506386,0.0038124576202506386
2,61,False,True,0.02112000063061714,0.0045489352102413,0.0045489352102413
2,62,False,True,0.02112000063061714,0.009090890249586075,0.009090890249586075
2,64,True,True,0.021023999899625778,0.005329313555520714,0.005329313555520714
2,65,False,True,0.02127999998629093,0.008273850167744892,0.008273850167744892
2,94,False,True,0.021407999098300934,0.004487606056470138,0.004487606056470138
2,120,False,True,0.02179200015962124,0.0029368799035787113,0.0029368799035787113
2,124,False,True,0.021824000403285027,0.005865147190699475,0.005865147190699475
2,128,True,True,0.02143999934196472,0.0029850974483150708,0.0029850974483150708
2,136,False,True,0.022016000002622604,0.0014524438763173868,0.0014524438763173868
2,162,False,True,0.02179200015962124,0.0014695189019221016,0.0014695189019221016
2,256,True,True,0.022784000262618065,0.004216476212128513,0.004216476212128513
2,262,False,True,0.023615999147295952,0.0006777020845858123,0.0006777020845858123
2,419,False,True,0.02598400041460991,0.003696885778997098,0.003696885778997098
2,479,False,True,0.025248000398278236,0.00379990219343714,0.00379990219343714
2,488,False,True,0.027615999802947044,0.00231751476623149,0.00231751476623149
2,491,False,True,0.027712000533938408,0.0,0.0
2,494,False,True,0.027456000447273254,0.0034944259468533876,0.0034944259468533876
2,495,False,True,0.027615999802947044,0.003478287394946981,0.003478287394946981
2,508,False,True,0.03292800113558769,0.013612047203386402,0.013612047203386402
2,510,False,True,0.025248000398278236,0.008877609734270025,0.008877609734270025
2,512,True,True,0.026655999943614006,0.002400978671329429,0.002400978671329429
3,1,True,True,0.020128000527620316,0.010346186193642741,0.010346186193642741
3,2,True,True,0.020191999152302742,0.04022528753437729,0.0031595817765695676
3,3,False,True,0.020416000857949257,0.0015686393386806464,0.0015686393386806464
3,4,True,True,0.02027199976146221,0.007892720017839937,0.007892720017839937
3,5,False,True,0.02022399939596653,0.0031645811530403786,0.0031645811530403786
3,6,False,True,0.020255999639630318,0.0031595817765695676,0.0031595817765695676
3,8,True,True,0.020191999152302742,0.006339100211959829,0.006339100211959829
3,10,False,True,0.020287999883294106,0.0015760561296152965,0.0015760561296152965
3,12,False,True,0.02038400061428547,0.0015711038339597477,0.0015711038339597477
3,13,False,True,0.02035200037062168,0.003929302920620213,0.003929302920620213
3,16,True,True,0.020287999883294106,0.0031545981711226284,0.0031545981711226284
3,17,False,True,0.020640000700950623,0.007745902232500516,0.007745902232500516
3,18,False,True,0.0323840007185936,0.007905198358129873,0.007905198358129873
3,20,False,True,0.02115200087428093,0.001512826764516003,0.001512826764516003
3,24,False,True,0.020640000700950623,0.004654716349186545,0.004654716349186545
3,28,False,True,0.02070399932563305,0.006182337249875184,0.006182337249875184
3,29,False,True,0.020560000091791153,0.008563708635968609,0.008563708635968609
3,32,True,True,0.02054399996995926,0.0015564320778658144,0.0015564320778658144
3,38,False,True,0.020735999569296837,0.0015420318109135103,0.0015420318109135103
3,39,False,True,0.020800000056624413,0.004611872125689175,0.004611872125689175
3,42,False,True,0.0208320003002882,0.0030722199695192146,0.0030722199695192146
3,44,False,True,0.020767999812960625,0.009245062775034564,0.009245062775034564
3,54,False,True,0.020800000056624413,0.0015372907085630582,0.0015372907085630582
3,55,False,True,0.020767999812960625,0.006163375183356376,0.006163375183356376
3,58,False,True,0.020735999569296837,0.0015444133454213494,0.0015444133454213494
3,61,False,True,0.020735999569296837,0.007710159054567551,0.007710159054567551
3,62,False,True,0.020735999569296837,0.0,0.0
3,64,True,True,0.020864000543951988,0.006134926878186942,0.006134926878186942
3,65,False,True,0.021183999255299568,0.0015116393103126948,0.0015116393103126948
3,94,False,True,0.02112000063061714,0.004541960122949034,0.004541960122949034
3,120,False,True,0.02147199958562851,0.0,0.0
3,124,False,True,0.021568000316619873,0.0029673816018195333,0.0029673816018195333
3,128,True,True,0.021247999742627144,0.0030120711644767055,0.0030120711644767055
3,136,False,True,0.021727999672293663,0.00147385060456614,0.00147385060456614
3,162,False,True,0.02147199958562851,0.008941858919293692,0.008941858919293692
3,256,True,True,0.022463999688625336,0.0,0.0
3,262,False,True,0.023231999948620796,0.007567997039759016,0.007567997039759016
3,419,False,True,0.025855999439954758,0.0024752664261230226,0.0024752664261230226
3,479,False,True,0.024927999824285507,0.007702240987488865,0.007702240987488865
3,488,False,True,0.027264000847935677,0.0029350875747674587,0.0029350875747674587
3,491,False,True,0.02723200060427189,0.0,0.0
3,494,False,True,0.02723200060427189,0.0011757878856753653,0.0011757878856753653
3,495,False,True,0.028063999488949776,0.003991979923851036,0.003991979923851036
3,508,False,True,0.0261439997702837,0.001224749085056115,0.001224749085056115
3,510,False,True,0.025280000641942024,0.0050632560710130526,0.0050632560710130526
3,512,True,True,0.033215999603271484,0.006269640348793449,0.006269640348793449
