batch,policy,controller,repeats,generation_seconds,tpot_seconds,ttft_seconds,controller_seconds_max_rank,controller_fraction,h2d_bytes,fetches,reloads,remote_pairs,expert_rows,planner_payload_bytes_per_event,planner_logical_payload_bytes,modeled_planner_peer_tx_bytes,controller_seconds_max_rank_reduction,generation_seconds_reduction,tpot_seconds_reduction
8,P0,C0,1,142.12221283838153,2.075251216738252,9.322699938900769,90.75146556459367,0.6385452615193543,660357513216,69974,64848,561980,1577349,0,0,0,0.0,0.0,0.0
8,P1,C0,1,205.11335148941725,3.0089219226210844,12.561722572892904,145.51812804397196,0.7094522467079862,622476656640,65960,60958,465948,1577988,0,0,0,0.0,0.0,0.0
8,O0,C0,1,152.77894143853337,2.244389859799412,9.154712633229792,96.1278987871483,0.6291959996713478,640020381696,67819,62721,584196,1578085,0,0,0,0.0,0.0,0.0
8,P0,C1,1,70.35883562173694,0.9806415040802676,7.612070384435356,20.808233628049493,0.2957444284598268,660357513216,69974,64848,561980,1577349,0,0,0,0.7707118722701075,0.5049413162336026,0.5274588945325002
8,P1,C1,1,69.87045300379395,1.0126451677351724,5.0696117440238595,24.001412929035723,0.3435130573395946,622476656640,65960,60958,465948,1577988,0,0,0,0.8350623853422365,0.659356875130584,0.6634524943561669
8,O0,C1,1,74.66733574401587,1.0714682915131561,6.108299014158547,25.698153572157025,0.3441686155812326,640020381696,67819,62721,584196,1578085,0,0,0,0.7326670623576274,0.5112720703457923,0.5226015271656429
8,P0,C2,1,61.713511298410594,0.8641452377050882,6.416830047033727,20.88454681634903,0.33841125511986386,660357513216,69974,64848,561980,1577349,4656,14526720,43580160,0.7698709691747716,0.5657715281383218,0.5835948772200713
8,P1,C2,1,61.294582835398614,0.8635695027769543,6.033044488169253,21.044866257347167,0.343339742010503,622476656640,65960,60958,465948,1577988,4656,14526720,43580160,0.8553797623689336,0.7011672697544455,0.7129970384792519
8,O0,C2,1,73.8000403130427,1.0679166551417438,5.466501392424107,22.55582219734788,0.30563428016666794,640020381696,67819,62721,584196,1578085,4656,14526720,43580160,0.765356129885953,0.5169488699282929,0.5241839778953614
