event,rank,repeat,backend,order,groups,rows,host_complete_ms,cuda_window_ms,metadata_bytes
48,0,0,native,"['native', 'grouped']",15,130,8.049683,7.982656002044678,2560
48,0,0,grouped,"['native', 'grouped']",15,130,0.415938,0.38809600472450256,2560
48,0,1,grouped,"['grouped', 'native']",15,130,0.306657,0.2826240062713623,2560
48,0,1,native,"['grouped', 'native']",15,130,8.055027,8.031231880187988,2560
48,0,2,native,"['native', 'grouped']",15,130,6.350448,6.329343795776367,2560
48,0,2,grouped,"['native', 'grouped']",15,130,0.275196,0.25600001215934753,2560
51,0,0,grouped,"['grouped', 'native']",11,129,0.332909,0.29897600412368774,2416
51,0,0,native,"['grouped', 'native']",11,129,5.222497,5.199872016906738,2416
51,0,1,native,"['native', 'grouped']",11,129,6.561171,6.533120155334473,2416
51,0,1,grouped,"['native', 'grouped']",11,129,0.528001,0.4721280038356781,2416
51,0,2,grouped,"['grouped', 'native']",11,129,0.492762,0.4566720128059387,2416
51,0,2,native,"['grouped', 'native']",11,129,9.278444,9.243647575378418,2416
54,0,0,native,"['native', 'grouped']",12,128,4.675874,4.650335788726807,2432
54,0,0,grouped,"['native', 'grouped']",12,128,0.254628,0.23654399812221527,2432
54,0,1,grouped,"['grouped', 'native']",12,128,0.221755,0.20377600193023682,2432
54,0,1,native,"['grouped', 'native']",12,128,4.663739,4.6438398361206055,2432
54,0,2,native,"['native', 'grouped']",12,128,4.670603,4.649983882904053,2432
54,0,2,grouped,"['native', 'grouped']",12,128,0.283377,0.24883200228214264,2432
57,0,0,grouped,"['grouped', 'native']",9,141,0.280556,0.2391040027141571,2544
57,0,0,native,"['grouped', 'native']",9,141,3.593494,3.5737600326538086,2544
57,0,1,native,"['native', 'grouped']",9,141,4.264581,4.229119777679443,2544
57,0,1,grouped,"['native', 'grouped']",9,141,0.296034,0.27033600211143494,2544
57,0,2,grouped,"['grouped', 'native']",9,141,0.249466,0.22835199534893036,2544
57,0,2,native,"['grouped', 'native']",9,141,4.310894,4.289535999298096,2544
60,0,0,native,"['native', 'grouped']",11,131,4.289526,4.261663913726807,2448
60,0,0,grouped,"['native', 'grouped']",11,131,0.251225,0.2314240038394928,2448
60,0,1,grouped,"['grouped', 'native']",11,131,0.210199,0.19148799777030945,2448
60,0,1,native,"['grouped', 'native']",11,131,4.270602,4.25164794921875,2448
60,0,2,native,"['native', 'grouped']",11,131,4.249248,4.22819185256958,2448
60,0,2,grouped,"['native', 'grouped']",11,131,0.236591,0.2181120067834854,2448
63,0,0,grouped,"['grouped', 'native']",12,130,0.239074,0.21356800198554993,2464
63,0,0,native,"['grouped', 'native']",12,130,4.668058,4.64793586730957,2464
63,0,1,native,"['native', 'grouped']",12,130,4.716156,4.694015979766846,2464
63,0,1,grouped,"['native', 'grouped']",12,130,0.279761,0.24473600089550018,2464
63,0,2,grouped,"['grouped', 'native']",12,130,0.21051,0.19148799777030945,2464
63,0,2,native,"['grouped', 'native']",12,130,4.707648,4.688896179199219,2464
66,0,0,native,"['native', 'grouped']",17,134,6.467641,6.432447910308838,2688
66,0,0,grouped,"['native', 'grouped']",17,134,0.268205,0.24889600276947021,2688
66,0,1,grouped,"['grouped', 'native']",17,134,0.282748,0.26316800713539124,2688
66,0,1,native,"['grouped', 'native']",17,134,6.466435,6.447103977203369,2688
66,0,2,native,"['native', 'grouped']",17,134,6.453237,6.432767868041992,2688
66,0,2,grouped,"['native', 'grouped']",17,134,0.251935,0.23347200453281403,2688
69,0,0,grouped,"['grouped', 'native']",11,126,0.248815,0.22121599316596985,2368
69,0,0,native,"['grouped', 'native']",11,126,4.380847,4.360191822052002,2368
69,0,1,native,"['native', 'grouped']",11,126,4.304012,4.283423900604248,2368
69,0,1,grouped,"['native', 'grouped']",11,126,0.253177,0.23244799673557281,2368
69,0,2,grouped,"['grouped', 'native']",11,126,0.2221,0.20364800095558167,2368
69,0,2,native,"['grouped', 'native']",11,126,4.307329,4.289440155029297,2368
72,0,0,native,"['native', 'grouped']",9,116,3.629129,3.5866239070892334,2144
72,0,0,grouped,"['native', 'grouped']",9,116,0.307814,0.27238398790359497,2144
72,0,1,grouped,"['grouped', 'native']",9,116,0.212427,0.19353599846363068,2144
72,0,1,native,"['grouped', 'native']",9,116,3.562778,3.5430400371551514,2144
72,0,2,native,"['native', 'grouped']",9,116,3.784139,3.748800039291382,2144
72,0,2,grouped,"['native', 'grouped']",9,116,0.258966,0.23558400571346283,2144
75,0,0,grouped,"['grouped', 'native']",16,127,0.322625,0.28281599283218384,2544
75,0,0,native,"['grouped', 'native']",16,127,6.182939,6.163455963134766,2544
75,0,1,native,"['native', 'grouped']",16,127,6.162167,6.141952037811279,2544
75,0,1,grouped,"['native', 'grouped']",16,127,0.256745,0.23654399812221527,2544
75,0,2,grouped,"['grouped', 'native']",16,127,0.267475,0.24883200228214264,2544
75,0,2,native,"['grouped', 'native']",16,127,6.135794,6.117311954498291,2544
78,0,0,native,"['native', 'grouped']",16,149,6.167466,6.1411519050598145,2896
78,0,0,grouped,"['native', 'grouped']",16,149,0.259769,0.24063999950885773,2896
78,0,1,grouped,"['grouped', 'native']",16,149,0.274876,0.2569600045681,2896
78,0,1,native,"['grouped', 'native']",16,149,6.081632,6.063104152679443,2896
78,0,2,native,"['native', 'grouped']",16,149,6.076398,6.056000232696533,2896
78,0,2,grouped,"['native', 'grouped']",16,149,0.251461,0.22835199534893036,2896
81,0,0,grouped,"['grouped', 'native']",12,131,0.255628,0.22841599583625793,2480
81,0,0,native,"['grouped', 'native']",12,131,4.719627,4.701183795928955,2480
81,0,1,native,"['native', 'grouped']",12,131,4.758069,4.728831768035889,2480
81,0,1,grouped,"['native', 'grouped']",12,131,0.319318,0.27955201268196106,2480
81,0,2,grouped,"['grouped', 'native']",12,131,0.242952,0.2170879989862442,2480
81,0,2,native,"['grouped', 'native']",12,131,5.430703,5.410816192626953,2480
84,0,0,native,"['native', 'grouped']",11,85,4.342789,4.302624225616455,1712
84,0,0,grouped,"['native', 'grouped']",11,85,0.298437,0.26316800713539124,1712
84,0,1,grouped,"['grouped', 'native']",11,85,0.213956,0.1955839991569519,1712
84,0,1,native,"['grouped', 'native']",11,85,4.291312,4.272223949432373,1712
84,0,2,native,"['native', 'grouped']",11,85,4.560787,4.537343978881836,1712
84,0,2,grouped,"['native', 'grouped']",11,85,0.279927,0.24476799368858337,1712
87,0,0,grouped,"['grouped', 'native']",16,129,0.295182,0.26924800872802734,2576
87,0,0,native,"['grouped', 'native']",16,129,6.24105,6.218751907348633,2576
87,0,1,native,"['native', 'grouped']",16,129,6.16826,6.149119853973389,2576
87,0,1,grouped,"['native', 'grouped']",16,129,0.257255,0.23756800591945648,2576
87,0,2,grouped,"['grouped', 'native']",16,129,0.275431,0.2529279887676239,2576
87,0,2,native,"['grouped', 'native']",16,129,6.135241,6.115327835083008,2576
90,0,0,native,"['native', 'grouped']",17,118,6.553807,6.522719860076904,2432
90,0,0,grouped,"['native', 'grouped']",17,118,0.301041,0.2662400007247925,2432
90,0,1,grouped,"['grouped', 'native']",17,118,0.288914,0.2662400007247925,2432
90,0,1,native,"['grouped', 'native']",17,118,6.501717,6.4778242111206055,2432
90,0,2,native,"['native', 'grouped']",17,118,6.603436,6.567967891693115,2432
90,0,2,grouped,"['native', 'grouped']",17,118,0.296825,0.2611199915409088,2432
93,0,0,grouped,"['grouped', 'native']",20,131,0.345202,0.3194560110569,2736
93,0,0,native,"['grouped', 'native']",20,131,7.615484,7.59603214263916,2736
93,0,1,native,"['native', 'grouped']",20,131,7.613542,7.591936111450195,2736
93,0,1,grouped,"['native', 'grouped']",20,131,0.287757,0.2662400007247925,2736
93,0,2,grouped,"['grouped', 'native']",20,131,0.318391,0.30003198981285095,2736
93,0,2,native,"['grouped', 'native']",20,131,7.611775,7.591936111450195,2736
1536,0,0,native,"['native', 'grouped']",31,129,11.91555,11.875295639038086,3056
1536,0,0,grouped,"['native', 'grouped']",31,129,0.477623,0.4423680007457733,3056
1536,0,1,grouped,"['grouped', 'native']",31,129,0.442943,0.42393600940704346,3056
1536,0,1,native,"['grouped', 'native']",31,129,11.771717,11.752448081970215,3056
1536,0,2,native,"['native', 'grouped']",31,129,11.788415,11.750432014465332,3056
1536,0,2,grouped,"['native', 'grouped']",31,129,0.518818,0.47206398844718933,3056
1539,0,0,grouped,"['grouped', 'native']",25,130,0.413282,0.3862079977989197,2880
1539,0,0,native,"['grouped', 'native']",25,130,9.579671,9.559040069580078,2880
1539,0,1,native,"['native', 'grouped']",25,130,9.525991,9.499648094177246,2880
1539,0,1,grouped,"['native', 'grouped']",25,130,0.422921,0.3819519877433777,2880
1539,0,2,grouped,"['grouped', 'native']",25,130,0.393318,0.37376001477241516,2880
1539,0,2,native,"['grouped', 'native']",25,130,11.931088,11.909119606018066,2880
1542,0,0,native,"['native', 'grouped']",22,127,8.438307,8.40783977508545,2736
1542,0,0,grouped,"['native', 'grouped']",22,127,0.32976,0.3102720081806183,2736
1542,0,1,grouped,"['grouped', 'native']",22,127,0.349567,0.32767999172210693,2736
1542,0,1,native,"['grouped', 'native']",22,127,8.504548,8.483839988708496,2736
1542,0,2,native,"['native', 'grouped']",22,127,10.151668,10.094592094421387,2736
1542,0,2,grouped,"['native', 'grouped']",22,127,0.389099,0.36454400420188904,2736
1545,0,0,grouped,"['grouped', 'native']",24,127,0.398541,0.3719039857387543,2800
1545,0,0,native,"['grouped', 'native']",24,127,9.174753,9.154560089111328,2800
1545,0,1,native,"['native', 'grouped']",24,127,10.186246,10.163167953491211,2800
1545,0,1,grouped,"['native', 'grouped']",24,127,0.406086,0.3646720051765442,2800
1545,0,2,grouped,"['grouped', 'native']",24,127,0.389918,0.3665919899940491,2800
1545,0,2,native,"['grouped', 'native']",24,127,9.84141,9.81811237335205,2800
1548,0,0,native,"['native', 'grouped']",23,129,9.419259,9.374336242675781,2800
1548,0,0,grouped,"['native', 'grouped']",23,129,0.379857,0.3409920036792755,2800
1548,0,1,grouped,"['grouped', 'native']",23,129,0.369918,0.347135990858078,2800
1548,0,1,native,"['grouped', 'native']",23,129,12.043804,12.021759986877441,2800
1548,0,2,native,"['native', 'grouped']",23,129,8.887362,8.851455688476562,2800
1548,0,2,grouped,"['native', 'grouped']",23,129,0.340079,0.32051199674606323,2800
1551,0,0,grouped,"['grouped', 'native']",23,132,0.386211,0.3577919900417328,2848
1551,0,0,native,"['grouped', 'native']",23,132,8.723308,8.704000473022461,2848
1551,0,1,native,"['native', 'grouped']",23,132,8.760405,8.736767768859863,2848
1551,0,1,grouped,"['native', 'grouped']",23,132,0.381717,0.3409920036792755,2848
1551,0,2,grouped,"['grouped', 'native']",23,132,0.369252,0.3461120128631592,2848
1551,0,2,native,"['grouped', 'native']",23,132,10.064537,10.042271614074707,2848
1554,0,0,native,"['native', 'grouped']",21,127,8.165272,8.133503913879395,2704
1554,0,0,grouped,"['native', 'grouped']",21,127,0.348974,0.3195840120315552,2704
1554,0,1,grouped,"['grouped', 'native']",21,127,0.331504,0.3123199939727783,2704
1554,0,1,native,"['grouped', 'native']",21,127,8.242281,8.221695899963379,2704
1554,0,2,native,"['native', 'grouped']",21,127,9.85642,9.804800033569336,2704
1554,0,2,grouped,"['native', 'grouped']",21,127,0.418845,0.374783992767334,2704
1557,0,0,grouped,"['grouped', 'native']",24,143,0.389514,0.36534398794174194,3056
1557,0,0,native,"['grouped', 'native']",24,143,9.074279,9.053279876708984,3056
1557,0,1,native,"['native', 'grouped']",24,143,9.151247,9.13203239440918,3056
1557,0,1,grouped,"['native', 'grouped']",24,143,0.357575,0.33689600229263306,3056
1557,0,2,grouped,"['grouped', 'native']",24,143,0.371691,0.35225600004196167,3056
1557,0,2,native,"['grouped', 'native']",24,143,10.04177,10.02188777923584,3056
1560,0,0,native,"['native', 'grouped']",24,131,9.131421,9.10268783569336,2864
1560,0,0,grouped,"['native', 'grouped']",24,131,0.361392,0.3378239870071411,2864
1560,0,1,grouped,"['grouped', 'native']",24,131,0.368782,0.35020801424980164,2864
1560,0,1,native,"['grouped', 'native']",24,131,9.131773,9.11257553100586,2864
1560,0,2,native,"['native', 'grouped']",24,131,9.154823,9.134079933166504,2864
1560,0,2,grouped,"['native', 'grouped']",24,131,0.392159,0.3543680012226105,2864
1563,0,0,grouped,"['grouped', 'native']",23,131,0.444672,0.3898240029811859,2832
1563,0,0,native,"['grouped', 'native']",23,131,9.329517,9.308159828186035,2832
1563,0,1,native,"['native', 'grouped']",23,131,8.982541,8.961024284362793,2832
1563,0,1,grouped,"['native', 'grouped']",23,131,0.344537,0.3256320059299469,2832
1563,0,2,grouped,"['grouped', 'native']",23,131,0.359889,0.3409920036792755,2832
1563,0,2,native,"['grouped', 'native']",23,131,8.769966,8.751008033752441,2832
1566,0,0,native,"['native', 'grouped']",22,131,9.600156,9.55174446105957,2800
1566,0,0,grouped,"['native', 'grouped']",22,131,0.4231,0.37785598635673523,2800
1566,0,1,grouped,"['grouped', 'native']",22,131,0.36325,0.3399679958820343,2800
1566,0,1,native,"['grouped', 'native']",22,131,12.008415,11.982848167419434,2800
1566,0,2,native,"['native', 'grouped']",22,131,8.862726,8.842144012451172,2800
1566,0,2,grouped,"['native', 'grouped']",22,131,0.329223,0.30720001459121704,2800
1569,0,0,grouped,"['grouped', 'native']",20,127,0.384617,0.3412800133228302,2672
1569,0,0,native,"['grouped', 'native']",20,127,10.16036,10.134528160095215,2672
1569,0,1,native,"['native', 'grouped']",20,127,7.686681,7.661471843719482,2672
1569,0,1,grouped,"['native', 'grouped']",20,127,0.322928,0.2887679934501648,2672
1569,0,2,grouped,"['grouped', 'native']",20,127,0.318893,0.30003198981285095,2672
1569,0,2,native,"['grouped', 'native']",20,127,7.730629,7.71065616607666,2672
1572,0,0,native,"['native', 'grouped']",23,131,10.587872,10.542048454284668,2832
1572,0,0,grouped,"['native', 'grouped']",23,131,0.378194,0.34092798829078674,2832
1572,0,1,grouped,"['grouped', 'native']",23,131,0.364442,0.34303998947143555,2832
1572,0,1,native,"['grouped', 'native']",23,131,9.464425,9.438207626342773,2832
1572,0,2,native,"['native', 'grouped']",23,131,8.897269,8.861696243286133,2832
1572,0,2,grouped,"['native', 'grouped']",23,131,0.3491,0.32870399951934814,2832
1575,0,0,grouped,"['grouped', 'native']",21,129,0.367294,0.338591992855072,2736
1575,0,0,native,"['grouped', 'native']",21,129,8.546541,8.525823593139648,2736
1575,0,1,native,"['native', 'grouped']",21,129,8.641901,8.6046724319458,2736
1575,0,1,grouped,"['native', 'grouped']",21,129,0.485801,0.4341759979724884,2736
1575,0,2,grouped,"['grouped', 'native']",21,129,0.375897,0.3481599986553192,2736
1575,0,2,native,"['grouped', 'native']",21,129,11.912752,11.885567665100098,2736
1578,0,0,native,"['native', 'grouped']",23,129,8.854601,8.828288078308105,2800
1578,0,0,grouped,"['native', 'grouped']",23,129,0.369947,0.33587199449539185,2800
1578,0,1,grouped,"['grouped', 'native']",23,129,0.362289,0.3420160114765167,2800
1578,0,1,native,"['grouped', 'native']",23,129,9.574729,9.553919792175293,2800
1578,0,2,native,"['native', 'grouped']",23,129,8.926898,8.889344215393066,2800
1578,0,2,grouped,"['native', 'grouped']",23,129,0.367711,0.3307519853115082,2800
1581,0,0,grouped,"['grouped', 'native']",24,132,0.433226,0.38972800970077515,2880
1581,0,0,native,"['grouped', 'native']",24,132,11.778554,11.758560180664062,2880
1581,0,1,native,"['native', 'grouped']",24,132,9.321272,9.283583641052246,2880
1581,0,1,grouped,"['native', 'grouped']",24,132,0.398881,0.35839998722076416,2880
1581,0,2,grouped,"['grouped', 'native']",24,132,0.383534,0.3614720106124878,2880
1581,0,2,native,"['grouped', 'native']",24,132,10.693981,10.673151969909668,2880
3024,0,0,native,"['native', 'grouped']",31,130,12.839805,12.79206371307373,3072
3024,0,0,grouped,"['native', 'grouped']",31,130,0.503912,0.46489599347114563,3072
3024,0,1,grouped,"['grouped', 'native']",31,130,0.445506,0.4259839951992035,3072
3024,0,1,native,"['grouped', 'native']",31,130,13.212475,13.186047554016113,3072
3024,0,2,native,"['native', 'grouped']",31,130,13.423008,13.380607604980469,3072
3024,0,2,grouped,"['native', 'grouped']",31,130,0.495664,0.45977601408958435,3072
3027,0,0,grouped,"['grouped', 'native']",29,133,0.486467,0.4424319863319397,3056
3027,0,0,native,"['grouped', 'native']",29,133,12.7364,12.713983535766602,3056
3027,0,1,native,"['native', 'grouped']",29,133,11.860585,11.8220796585083,3056
3027,0,1,grouped,"['native', 'grouped']",29,133,0.464141,0.4249599874019623,3056
3027,0,2,grouped,"['grouped', 'native']",29,133,0.419203,0.3993600010871887,3056
3027,0,2,native,"['grouped', 'native']",29,133,11.087425,11.067392349243164,3056
3030,0,0,native,"['native', 'grouped']",25,126,12.191172,12.137472152709961,2816
3030,0,0,grouped,"['native', 'grouped']",25,126,0.458013,0.4106239974498749,2816
3030,0,1,grouped,"['grouped', 'native']",25,126,0.408943,0.3840000033378601,2816
3030,0,1,native,"['grouped', 'native']",25,126,13.341987,13.314047813415527,2816
3030,0,2,native,"['native', 'grouped']",25,126,11.246818,11.204607963562012,2816
3030,0,2,grouped,"['native', 'grouped']",25,126,0.426566,0.3829759955406189,2816
3033,0,0,grouped,"['grouped', 'native']",27,128,0.464413,0.4209280014038086,2912
3033,0,0,native,"['grouped', 'native']",27,128,13.073503,13.050880432128906,2912
3033,0,1,native,"['native', 'grouped']",27,128,12.723953,12.676095962524414,2912
3033,0,1,grouped,"['native', 'grouped']",27,128,0.431245,0.3962880074977875,2912
3033,0,2,grouped,"['grouped', 'native']",27,128,0.400228,0.38092800974845886,2912
3033,0,2,native,"['grouped', 'native']",27,128,12.696883,12.677120208740234,2912
3036,0,0,native,"['native', 'grouped']",25,128,12.09819,12.054207801818848,2848
3036,0,0,grouped,"['native', 'grouped']",25,128,0.413749,0.37785598635673523,2848
3036,0,1,grouped,"['grouped', 'native']",25,128,0.385378,0.3635199964046478,2848
3036,0,1,native,"['grouped', 'native']",25,128,12.094448,12.073984146118164,2848
3036,0,2,native,"['native', 'grouped']",25,128,12.1642,12.115967750549316,2848
3036,0,2,grouped,"['native', 'grouped']",25,128,0.412902,0.3758080005645752,2848
3039,0,0,grouped,"['grouped', 'native']",26,132,0.458101,0.4065600037574768,2944
3039,0,0,native,"['grouped', 'native']",26,132,12.360342,12.339200019836426,2944
3039,0,1,native,"['native', 'grouped']",26,132,12.219227,12.177408218383789,2944
3039,0,1,grouped,"['native', 'grouped']",26,132,0.41363,0.37785598635673523,2944
3039,0,2,grouped,"['grouped', 'native']",26,132,0.396921,0.37376001477241516,2944
3039,0,2,native,"['grouped', 'native']",26,132,12.365276,12.345376014709473,2944
3042,0,0,native,"['native', 'grouped']",24,128,11.517795,11.472672462463379,2816
3042,0,0,grouped,"['native', 'grouped']",24,128,0.398013,0.3604480028152466,2816
3042,0,1,grouped,"['grouped', 'native']",24,128,0.377807,0.35731199383735657,2816
3042,0,1,native,"['grouped', 'native']",24,128,11.777824,11.757568359375,2816
3042,0,2,native,"['native', 'grouped']",24,128,11.887534,11.849727630615234,2816
3042,0,2,grouped,"['native', 'grouped']",24,128,0.390156,0.3532800078392029,2816
3045,0,0,grouped,"['grouped', 'native']",26,129,0.449205,0.40672001242637634,2896
3045,0,0,native,"['grouped', 'native']",26,129,13.284056,13.25977611541748,2896
3045,0,1,native,"['native', 'grouped']",26,129,12.285189,12.247039794921875,2896
3045,0,1,grouped,"['native', 'grouped']",26,129,0.434108,0.39321601390838623,2896
3045,0,2,grouped,"['grouped', 'native']",26,129,0.403561,0.3818880021572113,2896
3045,0,2,native,"['grouped', 'native']",26,129,12.983901,12.959744453430176,2896
3048,0,0,native,"['native', 'grouped']",24,134,11.518983,11.459039688110352,2912
3048,0,0,grouped,"['native', 'grouped']",24,134,0.398395,0.3624959886074066,2912
3048,0,1,grouped,"['grouped', 'native']",24,134,0.369505,0.35020801424980164,2912
3048,0,1,native,"['grouped', 'native']",24,134,11.728351,11.707391738891602,2912
3048,0,2,native,"['native', 'grouped']",24,134,11.226572,11.189248085021973,2912
3048,0,2,grouped,"['native', 'grouped']",24,134,0.394802,0.35737600922584534,2912
3051,0,0,grouped,"['grouped', 'native']",27,130,0.493419,0.439520001411438,2944
3051,0,0,native,"['grouped', 'native']",27,130,13.129497,13.104127883911133,2944
3051,0,1,native,"['native', 'grouped']",27,130,12.725151,12.682304382324219,2944
3051,0,1,grouped,"['native', 'grouped']",27,130,0.465298,0.42291200160980225,2944
3051,0,2,grouped,"['grouped', 'native']",27,130,0.425042,0.3983359932899475,2944
3051,0,2,native,"['grouped', 'native']",27,130,13.029533,13.004799842834473,2944
3054,0,0,native,"['native', 'grouped']",24,130,11.293793,11.23523235321045,2848
3054,0,0,grouped,"['native', 'grouped']",24,130,0.410803,0.374783992767334,2848
3054,0,1,grouped,"['grouped', 'native']",24,130,0.372063,0.35123199224472046,2848
3054,0,1,native,"['grouped', 'native']",24,130,11.694559,11.6746244430542,2848
3054,0,2,native,"['native', 'grouped']",24,130,11.616604,11.580351829528809,2848
3054,0,2,grouped,"['native', 'grouped']",24,130,0.399461,0.3604480028152466,2848
3057,0,0,grouped,"['grouped', 'native']",25,128,0.461124,0.41257598996162415,2848
3057,0,0,native,"['grouped', 'native']",25,128,14.113391,14.088191986083984,2848
3057,0,1,native,"['native', 'grouped']",25,128,14.026882,13.982720375061035,2848
3057,0,1,grouped,"['native', 'grouped']",25,128,0.409115,0.37376001477241516,2848
3057,0,2,grouped,"['grouped', 'native']",25,128,0.384661,0.36454400420188904,2848
3057,0,2,native,"['grouped', 'native']",25,128,12.533956,12.512255668640137,2848
3060,0,0,native,"['native', 'grouped']",24,130,11.709763,11.655008316040039,2848
3060,0,0,grouped,"['native', 'grouped']",24,130,0.508448,0.45977601408958435,2848
3060,0,1,grouped,"['grouped', 'native']",24,130,0.416821,0.3891200125217438,2848
3060,0,1,native,"['grouped', 'native']",24,130,12.865506,12.838912010192871,2848
3060,0,2,native,"['native', 'grouped']",24,130,12.29473,12.247039794921875,2848
3060,0,2,grouped,"['native', 'grouped']",24,130,0.41141,0.374783992767334,2848
3063,0,0,grouped,"['grouped', 'native']",26,126,0.454212,0.4108799993991852,2848
3063,0,0,native,"['grouped', 'native']",26,126,12.427547,12.405759811401367,2848
3063,0,1,native,"['native', 'grouped']",26,126,13.084808,13.046784400939941,2848
3063,0,1,grouped,"['native', 'grouped']",26,126,0.435575,0.3962880074977875,2848
3063,0,2,grouped,"['grouped', 'native']",26,126,0.414616,0.39417600631713867,2848
3063,0,2,native,"['grouped', 'native']",26,126,12.356151,12.331007957458496,2848
3066,0,0,native,"['native', 'grouped']",26,131,12.463563,12.421119689941406,2928
3066,0,0,grouped,"['native', 'grouped']",26,131,0.418179,0.3829759955406189,2928
3066,0,1,grouped,"['grouped', 'native']",26,131,0.388757,0.3697279989719391,2928
3066,0,1,native,"['grouped', 'native']",26,131,12.375117,12.355584144592285,2928
3066,0,2,native,"['native', 'grouped']",26,131,11.614177,11.577343940734863,2928
3066,0,2,grouped,"['native', 'grouped']",26,131,0.417365,0.37993600964546204,2928
3069,0,0,grouped,"['grouped', 'native']",29,131,0.474207,0.43379199504852295,3024
3069,0,0,native,"['grouped', 'native']",29,131,13.412722,13.388799667358398,3024
3069,0,1,native,"['native', 'grouped']",29,131,13.377554,13.337599754333496,3024
3069,0,1,grouped,"['native', 'grouped']",29,131,0.468131,0.42291200160980225,3024
3069,0,2,grouped,"['grouped', 'native']",29,131,0.436141,0.4136959910392761,3024
3069,0,2,native,"['grouped', 'native']",29,131,13.397368,13.37440013885498,3024
48,1,0,native,"['native', 'grouped']",14,128,6.959116,6.9021759033203125,2496
48,1,0,grouped,"['native', 'grouped']",14,128,0.372487,0.34809601306915283,2496
48,1,1,grouped,"['grouped', 'native']",14,128,0.277911,0.2549760043621063,2496
48,1,1,native,"['grouped', 'native']",14,128,6.888596,6.865920066833496,2496
48,1,2,native,"['native', 'grouped']",14,128,5.896124,5.859327793121338,2496
48,1,2,grouped,"['native', 'grouped']",14,128,0.356021,0.3307519853115082,2496
51,1,0,grouped,"['grouped', 'native']",8,128,0.81901,0.6937599778175354,2304
51,1,0,native,"['grouped', 'native']",8,128,9.356009,9.307135581970215,2304
51,1,1,native,"['native', 'grouped']",8,128,11.471964,11.422719955444336,2304
51,1,1,grouped,"['native', 'grouped']",8,128,0.619463,0.5591040253639221,2304
51,1,2,grouped,"['grouped', 'native']",8,128,0.444509,0.40751999616622925,2304
51,1,2,native,"['grouped', 'native']",8,128,7.270992,7.236608028411865,2304
54,1,0,native,"['native', 'grouped']",16,128,6.144744,6.1023359298706055,2560
54,1,0,grouped,"['native', 'grouped']",16,128,0.271407,0.2519040107727051,2560
54,1,1,grouped,"['grouped', 'native']",16,128,0.272171,0.2529279887676239,2560
54,1,1,native,"['grouped', 'native']",16,128,6.137175,6.11737585067749,2560
54,1,2,native,"['native', 'grouped']",16,128,6.102551,6.082560062408447,2560
54,1,2,grouped,"['native', 'grouped']",16,128,0.252337,0.23347200453281403,2560
57,1,0,grouped,"['grouped', 'native']",13,82,0.252222,0.22652800381183624,1728
57,1,0,native,"['grouped', 'native']",13,82,5.066643,5.047296047210693,1728
57,1,1,native,"['native', 'grouped']",13,82,5.035322,5.013567924499512,1728
57,1,1,grouped,"['native', 'grouped']",13,82,0.383555,0.34303998947143555,1728
57,1,2,grouped,"['grouped', 'native']",13,82,0.275894,0.24268800020217896,1728
57,1,2,native,"['grouped', 'native']",13,82,5.027772,5.0083842277526855,1728
60,1,0,native,"['native', 'grouped']",13,128,5.009669,4.985151767730713,2464
60,1,0,grouped,"['native', 'grouped']",13,128,0.254681,0.23552000522613525,2464
60,1,1,grouped,"['grouped', 'native']",13,128,0.226309,0.20787200331687927,2464
60,1,1,native,"['grouped', 'native']",13,128,5.005763,4.986879825592041,2464
60,1,2,native,"['native', 'grouped']",13,128,5.003113,4.982783794403076,2464
60,1,2,grouped,"['native', 'grouped']",13,128,0.241155,0.22220799326896667,2464
63,1,0,grouped,"['grouped', 'native']",10,44,0.250039,0.221343994140625,1024
63,1,0,native,"['grouped', 'native']",10,44,3.927227,3.9075839519500732,1024
63,1,1,native,"['native', 'grouped']",10,44,3.961163,3.9240639209747314,1024
63,1,1,grouped,"['native', 'grouped']",10,44,0.274043,0.2385919988155365,1024
63,1,2,grouped,"['grouped', 'native']",10,44,0.205944,0.18636800348758698,1024
63,1,2,native,"['grouped', 'native']",10,44,5.145686,5.124095916748047,1024
66,1,0,native,"['native', 'grouped']",11,119,4.321241,4.287936210632324,2256
66,1,0,grouped,"['native', 'grouped']",11,119,0.26184,0.24166400730609894,2256
66,1,1,grouped,"['grouped', 'native']",11,119,0.211427,0.19251200556755066,2256
66,1,1,native,"['grouped', 'native']",11,119,4.301998,4.283391952514648,2256
66,1,2,native,"['native', 'grouped']",11,119,4.262363,4.24345588684082,2256
66,1,2,grouped,"['native', 'grouped']",11,119,0.280342,0.24473600089550018,2256
69,1,0,grouped,"['grouped', 'native']",12,124,0.289832,0.2491839975118637,2368
69,1,0,native,"['grouped', 'native']",12,124,4.702828,4.6827521324157715,2368
69,1,1,native,"['native', 'grouped']",12,124,4.654933,4.635647773742676,2368
69,1,1,grouped,"['native', 'grouped']",12,124,0.249234,0.2303999960422516,2368
69,1,2,grouped,"['grouped', 'native']",12,124,0.216233,0.19756799936294556,2368
69,1,2,native,"['grouped', 'native']",12,124,6.369382,6.350848197937012,2368
72,1,0,native,"['native', 'grouped']",11,135,5.243847,5.214144229888916,2512
72,1,0,grouped,"['native', 'grouped']",11,135,0.269072,0.24985599517822266,2512
72,1,1,grouped,"['grouped', 'native']",11,135,0.215613,0.1945600062608719,2512
72,1,1,native,"['grouped', 'native']",11,135,4.297886,4.279168128967285,2512
72,1,2,native,"['native', 'grouped']",11,135,4.221283,4.20249605178833,2512
72,1,2,grouped,"['native', 'grouped']",11,135,0.239644,0.21913599967956543,2512
75,1,0,grouped,"['grouped', 'native']",13,129,0.274247,0.23472000658512115,2480
75,1,0,native,"['grouped', 'native']",13,129,5.063282,5.0432000160217285,2480
75,1,1,native,"['native', 'grouped']",13,129,5.45396,5.4179840087890625,2480
75,1,1,grouped,"['native', 'grouped']",13,129,0.296896,0.2590720057487488,2480
75,1,2,grouped,"['grouped', 'native']",13,129,0.225318,0.2048960030078888,2480
75,1,2,native,"['grouped', 'native']",13,129,5.221038,5.2008957862854,2480
78,1,0,native,"['native', 'grouped']",15,130,5.800591,5.775296211242676,2560
78,1,0,grouped,"['native', 'grouped']",15,130,0.257367,0.23756800591945648,2560
78,1,1,grouped,"['grouped', 'native']",15,130,0.256314,0.23756800591945648,2560
78,1,1,native,"['grouped', 'native']",15,130,5.784833,5.766079902648926,2560
78,1,2,native,"['native', 'grouped']",15,130,5.747101,5.727231979370117,2560
78,1,2,grouped,"['native', 'grouped']",15,130,0.245702,0.22732800245285034,2560
81,1,0,grouped,"['grouped', 'native']",16,127,0.29763,0.2728959918022156,2544
81,1,0,native,"['grouped', 'native']",16,127,8.35343,8.332287788391113,2544
81,1,1,native,"['native', 'grouped']",16,127,9.262408,9.236479759216309,2544
81,1,1,grouped,"['native', 'grouped']",16,127,0.378658,0.347135990858078,2544
81,1,2,grouped,"['grouped', 'native']",16,127,0.315277,0.28672000765800476,2544
81,1,2,native,"['grouped', 'native']",16,127,9.63637,9.606143951416016,2544
84,1,0,native,"['native', 'grouped']",14,145,5.389892,5.364287853240967,2768
84,1,0,grouped,"['native', 'grouped']",14,145,0.256462,0.23747199773788452,2768
84,1,1,grouped,"['grouped', 'native']",14,145,0.242392,0.22323200106620789,2768
84,1,1,native,"['grouped', 'native']",14,145,5.350141,5.329919815063477,2768
84,1,2,native,"['native', 'grouped']",14,145,5.378394,5.35756778717041,2768
84,1,2,grouped,"['native', 'grouped']",14,145,0.25537,0.23552000522613525,2768
87,1,0,grouped,"['grouped', 'native']",19,129,0.327431,0.30214399099349976,2672
87,1,0,native,"['grouped', 'native']",19,129,7.226586,7.206912040710449,2672
87,1,1,native,"['native', 'grouped']",19,129,7.236859,7.217152118682861,2672
87,1,1,grouped,"['native', 'grouped']",19,129,0.267756,0.24883200228214264,2672
87,1,2,grouped,"['grouped', 'native']",19,129,0.30152,0.2826240062713623,2672
87,1,2,native,"['grouped', 'native']",19,129,9.048849,9.029631614685059,2672
90,1,0,native,"['native', 'grouped']",16,115,6.207816,6.164159774780273,2352
90,1,0,grouped,"['native', 'grouped']",16,115,0.312456,0.2764799892902374,2352
90,1,1,grouped,"['grouped', 'native']",16,115,0.271091,0.2518079876899719,2352
90,1,1,native,"['grouped', 'native']",16,115,6.325496,6.304768085479736,2352
90,1,2,native,"['native', 'grouped']",16,115,6.417999,6.380544185638428,2352
90,1,2,grouped,"['native', 'grouped']",16,115,0.277202,0.2550719976425171,2352
93,1,0,grouped,"['grouped', 'native']",17,127,0.308981,0.2825919985771179,2576
93,1,0,native,"['grouped', 'native']",17,127,6.550792,6.5320000648498535,2576
93,1,1,native,"['native', 'grouped']",17,127,6.553325,6.516767978668213,2576
93,1,1,grouped,"['native', 'grouped']",17,127,0.27872,0.24473600089550018,2576
93,1,2,grouped,"['grouped', 'native']",17,127,0.281789,0.26316800713539124,2576
93,1,2,native,"['grouped', 'native']",17,127,6.487075,6.467584133148193,2576
1536,1,0,native,"['native', 'grouped']",30,128,11.453618,11.42467212677002,3008
1536,1,0,grouped,"['native', 'grouped']",30,128,0.45768,0.4341759979724884,3008
1536,1,1,grouped,"['grouped', 'native']",30,128,0.430641,0.4106239974498749,3008
1536,1,1,native,"['grouped', 'native']",30,128,12.16009,12.140480041503906,3008
1536,1,2,native,"['native', 'grouped']",30,128,19.946852,19.917823791503906,3008
1536,1,2,grouped,"['native', 'grouped']",30,128,0.466466,0.4433920085430145,3008
1539,1,0,grouped,"['grouped', 'native']",27,130,0.425543,0.39881598949432373,2944
1539,1,0,native,"['grouped', 'native']",27,130,10.250286,10.22976016998291,2944
1539,1,1,native,"['native', 'grouped']",27,130,16.626699,16.60518455505371,2944
1539,1,1,grouped,"['native', 'grouped']",27,130,0.417832,0.3973119854927063,2944
1539,1,2,grouped,"['grouped', 'native']",27,130,0.400736,0.3819519877433777,2944
1539,1,2,native,"['grouped', 'native']",27,130,10.202102,10.181632041931152,2944
1542,1,0,native,"['native', 'grouped']",24,129,9.253781,9.225983619689941,2832
1542,1,0,grouped,"['native', 'grouped']",24,129,0.402714,0.37171199917793274,2832
1542,1,1,grouped,"['grouped', 'native']",24,129,0.389418,0.36454400420188904,2832
1542,1,1,native,"['grouped', 'native']",24,129,16.05117,16.025503158569336,2832
1542,1,2,native,"['native', 'grouped']",24,129,9.204611,9.183232307434082,2832
1542,1,2,grouped,"['native', 'grouped']",24,129,0.378766,0.35839998722076416,2832
1545,1,0,grouped,"['grouped', 'native']",24,130,0.396065,0.3696640133857727,2848
1545,1,0,native,"['grouped', 'native']",24,130,14.124717,14.102527618408203,2848
1545,1,1,native,"['native', 'grouped']",24,130,11.727481,11.702303886413574,2848
1545,1,1,grouped,"['native', 'grouped']",24,130,0.363052,0.34406399726867676,2848
1545,1,2,grouped,"['grouped', 'native']",24,130,0.370081,0.35020801424980164,2848
1545,1,2,native,"['grouped', 'native']",24,130,9.042761,9.02348804473877,2848
1548,1,0,native,"['native', 'grouped']",25,127,13.645884,13.60086441040039,2832
1548,1,0,grouped,"['native', 'grouped']",25,127,0.455576,0.4259839951992035,2832
1548,1,1,grouped,"['grouped', 'native']",25,127,0.414593,0.38809600472450256,2832
1548,1,1,native,"['grouped', 'native']",25,127,13.99048,13.963264465332031,2832
1548,1,2,native,"['native', 'grouped']",25,127,9.521696,9.499648094177246,2832
1548,1,2,grouped,"['native', 'grouped']",25,127,0.377905,0.35734400153160095,2832
1551,1,0,grouped,"['grouped', 'native']",23,127,0.383191,0.3566400110721588,2768
1551,1,0,native,"['grouped', 'native']",23,127,8.753156,8.732671737670898,2768
1551,1,1,native,"['native', 'grouped']",23,127,14.761956,14.740480422973633,2768
1551,1,1,grouped,"['native', 'grouped']",23,127,0.398644,0.37273600697517395,2768
1551,1,2,grouped,"['grouped', 'native']",23,127,0.376286,0.35225600004196167,2768
1551,1,2,native,"['grouped', 'native']",23,127,11.706102,11.681792259216309,2768
1554,1,0,native,"['native', 'grouped']",25,129,9.666758,9.622079849243164,2864
1554,1,0,grouped,"['native', 'grouped']",25,129,0.40753,0.3850240111351013,2864
1554,1,1,grouped,"['grouped', 'native']",25,129,0.382246,0.3624959886074066,2864
1554,1,1,native,"['grouped', 'native']",25,129,14.61381,14.58892822265625,2864
1554,1,2,native,"['native', 'grouped']",25,129,14.635218,14.608384132385254,2864
1554,1,2,grouped,"['native', 'grouped']",25,129,0.402914,0.3829759955406189,2864
1557,1,0,grouped,"['grouped', 'native']",23,128,0.379977,0.35417601466178894,2784
1557,1,0,native,"['grouped', 'native']",23,128,8.70953,8.689663887023926,2784
1557,1,1,native,"['native', 'grouped']",23,128,13.463329,13.442048072814941,2784
1557,1,1,grouped,"['native', 'grouped']",23,128,0.3807,0.350271999835968,2784
1557,1,2,grouped,"['grouped', 'native']",23,128,0.373621,0.3491840064525604,2784
1557,1,2,native,"['grouped', 'native']",23,128,14.309025,14.28377628326416,2784
1560,1,0,native,"['native', 'grouped']",23,127,8.743301,8.715807914733887,2768
1560,1,0,grouped,"['native', 'grouped']",23,127,0.339369,0.319487988948822,2768
1560,1,1,grouped,"['grouped', 'native']",23,127,0.352818,0.33395200967788696,2768
1560,1,1,native,"['grouped', 'native']",23,127,8.716847,8.696831703186035,2768
1560,1,2,native,"['native', 'grouped']",23,127,12.24221,12.218367576599121,2768
1560,1,2,grouped,"['native', 'grouped']",23,127,0.413665,0.38809600472450256,2768
1563,1,0,grouped,"['grouped', 'native']",20,127,0.352497,0.32688000798225403,2672
1563,1,0,native,"['grouped', 'native']",20,127,7.683066,7.663616180419922,2672
1563,1,1,native,"['native', 'grouped']",20,127,7.689497,7.6523518562316895,2672
1563,1,1,grouped,"['native', 'grouped']",20,127,0.324194,0.2877439856529236,2672
1563,1,2,grouped,"['grouped', 'native']",20,127,0.320292,0.30105599761009216,2672
1563,1,2,native,"['grouped', 'native']",20,127,7.645191,7.625728130340576,2672
1566,1,0,native,"['native', 'grouped']",25,126,13.750782,13.717087745666504,2816
1566,1,0,grouped,"['native', 'grouped']",25,126,0.379503,0.35942399501800537,2816
1566,1,1,grouped,"['grouped', 'native']",25,126,0.38389,0.36556801199913025,2816
1566,1,1,native,"['grouped', 'native']",25,126,9.490811,9.470975875854492,2816
1566,1,2,native,"['native', 'grouped']",25,126,9.565942,9.524224281311035,2816
1566,1,2,grouped,"['native', 'grouped']",25,126,0.368668,0.3491840064525604,2816
1569,1,0,grouped,"['grouped', 'native']",22,127,0.383553,0.35155200958251953,2736
1569,1,0,native,"['grouped', 'native']",22,127,10.324504,10.298368453979492,2736
1569,1,1,native,"['native', 'grouped']",22,127,8.387556,8.364959716796875,2736
1569,1,1,grouped,"['native', 'grouped']",22,127,0.351855,0.31436800956726074,2736
1569,1,2,grouped,"['grouped', 'native']",22,127,0.341698,0.32153600454330444,2736
1569,1,2,native,"['grouped', 'native']",22,127,8.368896,8.348640441894531,2736
1572,1,0,native,"['native', 'grouped']",22,126,14.740298,14.707584381103516,2720
1572,1,0,grouped,"['native', 'grouped']",22,126,0.373165,0.3491840064525604,2720
1572,1,1,grouped,"['grouped', 'native']",22,126,0.358044,0.33375999331474304,2720
1572,1,1,native,"['grouped', 'native']",22,126,8.483092,8.452095985412598,2720
1572,1,2,native,"['native', 'grouped']",22,126,8.452927,8.415231704711914,2720
1572,1,2,grouped,"['native', 'grouped']",22,126,0.353303,0.317440003156662,2720
1575,1,0,grouped,"['grouped', 'native']",23,129,0.407175,0.37491199374198914,2800
1575,1,0,native,"['grouped', 'native']",23,129,15.432324,15.40608024597168,2800
1575,1,1,native,"['native', 'grouped']",23,129,15.395225,15.368191719055176,2800
1575,1,1,grouped,"['native', 'grouped']",23,129,0.395842,0.37068799138069153,2800
1575,1,2,grouped,"['grouped', 'native']",23,129,0.3721,0.3481599986553192,2800
1575,1,2,native,"['grouped', 'native']",23,129,9.551845,9.52627182006836,2800
1578,1,0,native,"['native', 'grouped']",20,129,13.058463,13.017184257507324,2704
1578,1,0,grouped,"['native', 'grouped']",20,129,0.601781,0.5765119791030884,2704
1578,1,1,grouped,"['grouped', 'native']",20,129,0.347147,0.32256001234054565,2704
1578,1,1,native,"['grouped', 'native']",20,129,13.443735,13.417471885681152,2704
1578,1,2,native,"['native', 'grouped']",20,129,13.422621,13.396991729736328,2704
1578,1,2,grouped,"['native', 'grouped']",20,129,0.359049,0.3338240087032318,2704
1581,1,0,grouped,"['grouped', 'native']",23,117,0.399879,0.37011200189590454,2608
1581,1,0,native,"['grouped', 'native']",23,117,15.412797,15.38764762878418,2608
1581,1,1,native,"['native', 'grouped']",23,117,15.40338,15.378432273864746,2608
1581,1,1,grouped,"['native', 'grouped']",23,117,0.373041,0.3491840064525604,2608
1581,1,2,grouped,"['grouped', 'native']",23,117,0.386484,0.3532800078392029,2608
1581,1,2,native,"['grouped', 'native']",23,117,8.761278,8.738816261291504,2608
3024,1,0,native,"['native', 'grouped']",27,128,12.443784,12.390848159790039,2912
3024,1,0,grouped,"['native', 'grouped']",27,128,0.443684,0.41676801443099976,2912
3024,1,1,grouped,"['grouped', 'native']",27,128,0.413146,0.39212799072265625,2912
3024,1,1,native,"['grouped', 'native']",27,128,14.259563,14.233599662780762,2912
3024,1,2,native,"['native', 'grouped']",27,128,11.31642,11.272192001342773,2912
3024,1,2,grouped,"['native', 'grouped']",27,128,0.454247,0.4116480052471161,2912
3027,1,0,grouped,"['grouped', 'native']",30,129,0.503635,0.4605120122432709,3024
3027,1,0,native,"['grouped', 'native']",30,129,13.479406,13.455360412597656,3024
3027,1,1,native,"['native', 'grouped']",30,129,16.431623,16.39321517944336,3024
3027,1,1,grouped,"['native', 'grouped']",30,129,0.470033,0.43212801218032837,3024
3027,1,2,grouped,"['grouped', 'native']",30,129,0.434496,0.4137279987335205,3024
3027,1,2,native,"['grouped', 'native']",30,129,11.353915,11.333632469177246,3024
3030,1,0,native,"['native', 'grouped']",29,130,13.896443,13.844320297241211,3008
3030,1,0,grouped,"['native', 'grouped']",29,130,0.484062,0.4423680007457733,3008
3030,1,1,grouped,"['grouped', 'native']",29,130,0.433886,0.4116480052471161,3008
3030,1,1,native,"['grouped', 'native']",29,130,12.547658,12.524543762207031,3008
3030,1,2,native,"['native', 'grouped']",29,130,12.534387,12.490752220153809,3008
3030,1,2,grouped,"['native', 'grouped']",29,130,0.480862,0.43827199935913086,3008
3033,1,0,grouped,"['grouped', 'native']",27,128,0.456599,0.41391998529434204,2912
3033,1,0,native,"['grouped', 'native']",27,128,12.734459,12.711935997009277,2912
3033,1,1,native,"['native', 'grouped']",27,128,12.667541,12.627967834472656,2912
3033,1,1,grouped,"['native', 'grouped']",27,128,0.420262,0.3850240111351013,2912
3033,1,2,grouped,"['grouped', 'native']",27,128,0.399107,0.37887999415397644,2912
3033,1,2,native,"['grouped', 'native']",27,128,12.633679,12.613632202148438,2912
3036,1,0,native,"['native', 'grouped']",26,129,12.247139,12.216832160949707,2896
3036,1,0,grouped,"['native', 'grouped']",26,129,0.436537,0.3973119854927063,2896
3036,1,1,grouped,"['grouped', 'native']",26,129,0.393174,0.37273600697517395,2896
3036,1,1,native,"['grouped', 'native']",26,129,12.424157,12.403712272644043,2896
3036,1,2,native,"['native', 'grouped']",26,129,12.552349,12.508159637451172,2896
3036,1,2,grouped,"['native', 'grouped']",26,129,0.424502,0.38707199692726135,2896
3039,1,0,grouped,"['grouped', 'native']",23,121,0.427328,0.38390401005744934,2672
3039,1,0,native,"['grouped', 'native']",23,121,11.010108,10.987520217895508,2672
3039,1,1,native,"['native', 'grouped']",23,121,10.877978,10.84006404876709,2672
3039,1,1,grouped,"['native', 'grouped']",23,121,0.369173,0.3317759931087494,2672
3039,1,2,grouped,"['grouped', 'native']",23,121,0.360163,0.3399679958820343,2672
3039,1,2,native,"['grouped', 'native']",23,121,11.820667,11.799551963806152,2672
3042,1,0,native,"['native', 'grouped']",24,130,11.461528,11.41590404510498,2848
3042,1,0,grouped,"['native', 'grouped']",24,130,0.399671,0.3614720106124878,2848
3042,1,1,grouped,"['grouped', 'native']",24,130,0.377133,0.3563520014286041,2848
3042,1,1,native,"['grouped', 'native']",24,130,11.765903,11.74630355834961,2848
3042,1,2,native,"['native', 'grouped']",24,130,11.634624,11.589632034301758,2848
3042,1,2,grouped,"['native', 'grouped']",24,130,0.391955,0.3543039858341217,2848
3045,1,0,grouped,"['grouped', 'native']",22,126,0.421662,0.37356799840927124,2720
3045,1,0,native,"['grouped', 'native']",22,126,13.285288,13.25977611541748,2720
3045,1,1,native,"['native', 'grouped']",22,126,12.26294,12.218367576599121,2720
3045,1,1,grouped,"['native', 'grouped']",22,126,0.438252,0.3880000114440918,2720
3045,1,2,grouped,"['grouped', 'native']",22,126,0.370978,0.3461120128631592,2720
3045,1,2,native,"['grouped', 'native']",22,126,13.89793,13.873151779174805,2720
3048,1,0,native,"['native', 'grouped']",24,124,11.545601,11.495712280273438,2752
3048,1,0,grouped,"['native', 'grouped']",24,124,0.395307,0.35737600922584534,2752
3048,1,1,grouped,"['grouped', 'native']",24,124,0.370286,0.3491840064525604,2752
3048,1,1,native,"['grouped', 'native']",24,124,15.107009,15.086591720581055,2752
3048,1,2,native,"['native', 'grouped']",24,124,9.189598,9.152511596679688,2752
3048,1,2,grouped,"['native', 'grouped']",24,124,0.394021,0.3563840091228485,2752
3051,1,0,grouped,"['grouped', 'native']",22,128,0.470741,0.41203200817108154,2752
3051,1,0,native,"['grouped', 'native']",22,128,15.174622,15.143936157226562,2752
3051,1,1,native,"['native', 'grouped']",22,128,11.997183,11.967488288879395,2752
3051,1,1,grouped,"['native', 'grouped']",22,128,0.398867,0.3563520014286041,2752
3051,1,2,grouped,"['grouped', 'native']",22,128,0.354782,0.3317759931087494,2752
3051,1,2,native,"['grouped', 'native']",22,128,10.470235,10.446847915649414,2752
3054,1,0,native,"['native', 'grouped']",25,124,11.812327,11.752927780151367,2784
3054,1,0,grouped,"['native', 'grouped']",25,124,0.420718,0.3840000033378601,2784
3054,1,1,grouped,"['grouped', 'native']",25,124,0.38102,0.3614720106124878,2784
3054,1,1,native,"['grouped', 'native']",25,124,12.04988,12.030976295471191,2784
3054,1,2,native,"['native', 'grouped']",25,124,13.645819,13.605888366699219,2784
3054,1,2,grouped,"['native', 'grouped']",25,124,0.408797,0.3686400055885315,2784
3057,1,0,grouped,"['grouped', 'native']",23,128,0.444739,0.3972800076007843,2784
3057,1,0,native,"['grouped', 'native']",23,128,15.888941,15.862815856933594,2784
3057,1,1,native,"['native', 'grouped']",23,128,10.386782,10.347519874572754,2784
3057,1,1,grouped,"['native', 'grouped']",23,128,0.39442,0.35123199224472046,2784
3057,1,2,grouped,"['grouped', 'native']",23,128,0.372366,0.3491840064525604,2784
3057,1,2,native,"['grouped', 'native']",23,128,13.721209,13.698047637939453,2784
3060,1,0,native,"['native', 'grouped']",22,127,10.854497,10.800928115844727,2736
3060,1,0,grouped,"['native', 'grouped']",22,127,0.503876,0.4546560049057007,2736
3060,1,1,grouped,"['grouped', 'native']",22,127,0.387671,0.3491840064525604,2736
3060,1,1,native,"['grouped', 'native']",22,127,12.142678,12.114944458007812,2736
3060,1,2,native,"['native', 'grouped']",22,127,12.059448,12.004351615905762,2736
3060,1,2,grouped,"['native', 'grouped']",22,127,0.377822,0.33587199449539185,2736
3063,1,0,grouped,"['grouped', 'native']",23,128,0.417595,0.3744319975376129,2784
3063,1,0,native,"['grouped', 'native']",23,128,11.267351,11.246591567993164,2784
3063,1,1,native,"['native', 'grouped']",23,128,12.187439,12.148736000061035,2784
3063,1,1,grouped,"['native', 'grouped']",23,128,0.384456,0.347135990858078,2784
3063,1,2,grouped,"['grouped', 'native']",23,128,0.374571,0.3543039858341217,2784
3063,1,2,native,"['grouped', 'native']",23,128,11.230557,11.208703994750977,2784
3066,1,0,native,"['native', 'grouped']",25,128,11.976044,11.933247566223145,2848
3066,1,0,grouped,"['native', 'grouped']",25,128,0.405761,0.3686400055885315,2848
3066,1,1,grouped,"['grouped', 'native']",25,128,0.379843,0.3604480028152466,2848
3066,1,1,native,"['grouped', 'native']",25,128,11.931122,11.911168098449707,2848
3066,1,2,native,"['native', 'grouped']",25,128,10.983684,10.945535659790039,2848
3066,1,2,grouped,"['native', 'grouped']",25,128,0.41941,0.37785598635673523,2848
3069,1,0,grouped,"['grouped', 'native']",25,134,0.442358,0.39929598569869995,2944
3069,1,0,native,"['grouped', 'native']",25,134,11.93117,11.907072067260742,2944
3069,1,1,native,"['native', 'grouped']",25,134,11.868725,11.826175689697266,2944
3069,1,1,grouped,"['native', 'grouped']",25,134,0.430144,0.3829759955406189,2944
3069,1,2,grouped,"['grouped', 'native']",25,134,0.401429,0.3768320083618164,2944
3069,1,2,native,"['grouped', 'native']",25,134,12.481969,12.45695972442627,2944
48,2,0,native,"['native', 'grouped']",13,128,5.891569,5.85532808303833,2464
48,2,0,grouped,"['native', 'grouped']",13,128,0.361819,0.3389439880847931,2464
48,2,1,grouped,"['grouped', 'native']",13,128,0.249882,0.22835199534893036,2464
48,2,1,native,"['grouped', 'native']",13,128,5.578537,5.557248115539551,2464
48,2,2,native,"['native', 'grouped']",13,128,5.652565,5.6299519538879395,2464
48,2,2,grouped,"['native', 'grouped']",13,128,0.296848,0.2754560112953186,2464
51,2,0,grouped,"['grouped', 'native']",11,129,0.384531,0.3473919928073883,2416
51,2,0,native,"['grouped', 'native']",11,129,5.071104,5.04310417175293,2416
51,2,1,native,"['native', 'grouped']",11,129,5.496578,5.468160152435303,2416
51,2,1,grouped,"['native', 'grouped']",11,129,0.404967,0.37068799138069153,2416
51,2,2,grouped,"['grouped', 'native']",11,129,0.360309,0.3328000009059906,2416
51,2,2,native,"['grouped', 'native']",11,129,6.395667,6.368256092071533,2416
54,2,0,native,"['native', 'grouped']",14,130,5.990047,5.946432113647461,2528
54,2,0,grouped,"['native', 'grouped']",14,130,0.292134,0.27136000990867615,2528
54,2,1,grouped,"['grouped', 'native']",14,130,0.252555,0.2314240038394928,2528
54,2,1,native,"['grouped', 'native']",14,130,5.905589,5.883967876434326,2528
54,2,2,native,"['native', 'grouped']",14,130,5.894908,5.873663902282715,2528
54,2,2,grouped,"['native', 'grouped']",14,130,0.275113,0.2539519965648651,2528
57,2,0,grouped,"['grouped', 'native']",16,147,0.304591,0.2778880000114441,2864
57,2,0,native,"['grouped', 'native']",16,147,6.81824,6.796288013458252,2864
57,2,1,native,"['native', 'grouped']",16,147,6.725372,6.703104019165039,2864
57,2,1,grouped,"['native', 'grouped']",16,147,0.275292,0.2539519965648651,2864
57,2,2,grouped,"['grouped', 'native']",16,147,0.278382,0.25804799795150757,2864
57,2,2,native,"['grouped', 'native']",16,147,6.703813,6.683551788330078,2864
60,2,0,native,"['native', 'grouped']",7,129,3.112341,3.079296112060547,2288
60,2,0,grouped,"['native', 'grouped']",7,129,0.307068,0.2815999984741211,2288
60,2,1,grouped,"['grouped', 'native']",7,129,0.237017,0.21606400609016418,2288
60,2,1,native,"['grouped', 'native']",7,129,3.102742,3.0822079181671143,2288
60,2,2,native,"['native', 'grouped']",7,129,3.307669,3.2829439640045166,2288
60,2,2,grouped,"['native', 'grouped']",7,129,0.323003,0.29388800263404846,2288
63,2,0,grouped,"['grouped', 'native']",14,174,0.319771,0.28672000765800476,3232
63,2,0,native,"['grouped', 'native']",14,174,6.156192,6.13375997543335,3232
63,2,1,native,"['native', 'grouped']",14,174,6.120314,6.096896171569824,3232
63,2,1,grouped,"['native', 'grouped']",14,174,0.327122,0.3051519989967346,3232
63,2,2,grouped,"['grouped', 'native']",14,174,0.259322,0.23862400650978088,3232
63,2,2,native,"['grouped', 'native']",14,174,6.059902,6.036479949951172,3232
66,2,0,native,"['native', 'grouped']",12,130,5.237091,5.197343826293945,2464
66,2,0,grouped,"['native', 'grouped']",12,130,0.31402,0.2908160090446472,2464
66,2,1,grouped,"['grouped', 'native']",12,130,0.262432,0.23552000522613525,2464
66,2,1,native,"['grouped', 'native']",12,130,5.219416,5.197824001312256,2464
66,2,2,native,"['native', 'grouped']",12,130,5.214992,5.1906561851501465,2464
66,2,2,grouped,"['native', 'grouped']",12,130,0.311622,0.28678399324417114,2464
69,2,0,grouped,"['grouped', 'native']",12,135,0.281873,0.25433599948883057,2544
69,2,0,native,"['grouped', 'native']",12,135,5.23429,5.21011209487915,2544
69,2,1,native,"['native', 'grouped']",12,135,5.228895,5.203968048095703,2544
69,2,1,grouped,"['native', 'grouped']",12,135,0.288522,0.2662400007247925,2544
69,2,2,grouped,"['grouped', 'native']",12,135,0.269811,0.24780799448490143,2544
69,2,2,native,"['grouped', 'native']",12,135,5.193093,5.171199798583984,2544
72,2,0,native,"['native', 'grouped']",12,133,5.224329,5.194623947143555,2512
72,2,0,grouped,"['native', 'grouped']",12,133,0.308934,0.28672000765800476,2512
72,2,1,grouped,"['grouped', 'native']",12,133,0.2384,0.2170879989862442,2512
72,2,1,native,"['grouped', 'native']",12,133,5.186728,5.161983966827393,2512
72,2,2,native,"['native', 'grouped']",12,133,5.293705,5.2705278396606445,2512
72,2,2,grouped,"['native', 'grouped']",12,133,0.282446,0.26009601354599,2512
75,2,0,grouped,"['grouped', 'native']",16,129,0.311465,0.28255999088287354,2576
75,2,0,native,"['grouped', 'native']",16,129,7.001701,6.979584217071533,2576
75,2,1,native,"['native', 'grouped']",16,129,6.970841,6.948863983154297,2576
75,2,1,grouped,"['native', 'grouped']",16,129,0.312159,0.2887679934501648,2576
75,2,2,grouped,"['grouped', 'native']",16,129,0.285654,0.2651520073413849,2576
75,2,2,native,"['grouped', 'native']",16,129,6.969302,6.9468159675598145,2576
78,2,0,native,"['native', 'grouped']",15,103,6.585531,6.553279876708984,2128
78,2,0,grouped,"['native', 'grouped']",15,103,0.336355,0.3123199939727783,2128
78,2,1,grouped,"['grouped', 'native']",15,103,0.273669,0.25088000297546387,2128
78,2,1,native,"['grouped', 'native']",15,103,6.543964,6.52185583114624,2128
78,2,2,native,"['native', 'grouped']",15,103,6.497187,6.4738240242004395,2128
78,2,2,grouped,"['native', 'grouped']",15,103,0.310588,0.2877439856529236,2128
81,2,0,grouped,"['grouped', 'native']",15,129,0.310056,0.28019198775291443,2544
81,2,0,native,"['grouped', 'native']",15,129,6.569433,6.545440196990967,2544
81,2,1,native,"['native', 'grouped']",15,129,6.572168,6.544384002685547,2544
81,2,1,grouped,"['native', 'grouped']",15,129,0.349248,0.32256001234054565,2544
81,2,2,grouped,"['grouped', 'native']",15,129,0.267549,0.24672000110149384,2544
81,2,2,native,"['grouped', 'native']",15,129,6.557853,6.536191940307617,2544
84,2,0,native,"['native', 'grouped']",14,138,5.898746,5.8700480461120605,2656
84,2,0,grouped,"['native', 'grouped']",14,138,0.312223,0.289792001247406,2656
84,2,1,grouped,"['grouped', 'native']",14,138,0.254842,0.23449599742889404,2656
84,2,1,native,"['grouped', 'native']",14,138,5.906607,5.884960174560547,2656
84,2,2,native,"['native', 'grouped']",14,138,5.921042,5.898240089416504,2656
84,2,2,grouped,"['native', 'grouped']",14,138,0.296557,0.2754560112953186,2656
87,2,0,grouped,"['grouped', 'native']",16,126,0.311083,0.2828800082206726,2528
87,2,0,native,"['grouped', 'native']",16,126,6.817862,6.789120197296143,2528
87,2,1,native,"['native', 'grouped']",16,126,6.802215,6.7788801193237305,2528
87,2,1,grouped,"['native', 'grouped']",16,126,0.313568,0.2908160090446472,2528
87,2,2,grouped,"['grouped', 'native']",16,126,0.281259,0.26009601354599,2528
87,2,2,native,"['grouped', 'native']",16,126,6.783543,6.762495994567871,2528
90,2,0,native,"['native', 'grouped']",23,141,9.970323,9.935968399047852,2992
90,2,0,grouped,"['native', 'grouped']",23,141,0.385206,0.3614720106124878,2992
90,2,1,grouped,"['grouped', 'native']",23,141,0.373661,0.3532800078392029,2992
90,2,1,native,"['grouped', 'native']",23,141,9.878398,9.853952407836914,2992
90,2,2,native,"['native', 'grouped']",23,141,9.904348,9.876543998718262,2992
90,2,2,grouped,"['native', 'grouped']",23,141,0.372081,0.3492799997329712,2992
93,2,0,grouped,"['grouped', 'native']",19,127,0.350298,0.3219200074672699,2640
93,2,0,native,"['grouped', 'native']",19,127,8.189033,8.164352416992188,2640
93,2,1,native,"['native', 'grouped']",19,127,8.179197,8.156160354614258,2640
93,2,1,grouped,"['native', 'grouped']",19,127,0.323246,0.29900801181793213,2640
93,2,2,grouped,"['grouped', 'native']",19,127,0.316566,0.29497599601745605,2640
93,2,2,native,"['grouped', 'native']",19,127,8.175961,8.153087615966797,2640
1536,2,0,native,"['native', 'grouped']",32,129,13.441541,13.405952453613281,3088
1536,2,0,grouped,"['native', 'grouped']",32,129,0.501408,0.48025599122047424,3088
1536,2,1,grouped,"['grouped', 'native']",32,129,0.45966,0.43827199935913086,3088
1536,2,1,native,"['grouped', 'native']",32,129,13.396052,13.370368003845215,3088
1536,2,2,native,"['native', 'grouped']",32,129,13.343201,13.319168090820312,3088
1536,2,2,grouped,"['native', 'grouped']",32,129,0.536468,0.4904960095882416,3088
1539,2,0,grouped,"['grouped', 'native']",25,127,0.423888,0.39369601011276245,2832
1539,2,0,native,"['grouped', 'native']",25,127,10.486359,10.464256286621094,2832
1539,2,1,native,"['native', 'grouped']",25,127,10.519421,10.498047828674316,2832
1539,2,1,grouped,"['native', 'grouped']",25,127,0.43896,0.3901439905166626,2832
1539,2,2,grouped,"['grouped', 'native']",25,127,0.398924,0.3768320083618164,2832
1539,2,2,native,"['grouped', 'native']",25,127,10.739138,10.71615982055664,2832
1542,2,0,native,"['native', 'grouped']",24,128,10.165581,10.132255554199219,2816
1542,2,0,grouped,"['native', 'grouped']",24,128,0.399938,0.37779200077056885,2816
1542,2,1,grouped,"['grouped', 'native']",24,128,0.396912,0.37068799138069153,2816
1542,2,1,native,"['grouped', 'native']",24,128,10.120548,10.098688125610352,2816
1542,2,2,native,"['native', 'grouped']",24,128,10.289073,10.239999771118164,2816
1542,2,2,grouped,"['native', 'grouped']",24,128,0.39577,0.37273600697517395,2816
1545,2,0,grouped,"['grouped', 'native']",22,129,0.376556,0.349727988243103,2768
1545,2,0,native,"['grouped', 'native']",22,129,9.325643,9.300992012023926,2768
1545,2,1,native,"['native', 'grouped']",22,129,9.338115,9.308159828186035,2768
1545,2,1,grouped,"['native', 'grouped']",22,129,0.350165,0.3246079981327057,2768
1545,2,2,grouped,"['grouped', 'native']",22,129,0.351143,0.32870399951934814,2768
1545,2,2,native,"['grouped', 'native']",22,129,9.25787,9.235456466674805,2768
1548,2,0,native,"['native', 'grouped']",21,126,8.92942,8.88003158569336,2688
1548,2,0,grouped,"['native', 'grouped']",21,126,0.379118,0.3307519853115082,2688
1548,2,1,grouped,"['grouped', 'native']",21,126,0.340829,0.319487988948822,2688
1548,2,1,native,"['grouped', 'native']",21,126,10.748352,10.72537612915039,2688
1548,2,2,native,"['native', 'grouped']",21,126,9.107737,9.064576148986816,2688
1548,2,2,grouped,"['native', 'grouped']",21,126,0.322755,0.30006399750709534,2688
1551,2,0,grouped,"['grouped', 'native']",26,132,0.427418,0.40006399154663086,2944
1551,2,0,native,"['grouped', 'native']",26,132,11.08413,11.060223579406738,2944
1551,2,1,native,"['native', 'grouped']",26,132,10.822153,10.800127983093262,2944
1551,2,1,grouped,"['native', 'grouped']",26,132,0.431501,0.3911679983139038,2944
1551,2,2,grouped,"['grouped', 'native']",26,132,0.39713,0.3758080005645752,2944
1551,2,2,native,"['grouped', 'native']",26,132,11.592514,11.570176124572754,2944
1554,2,0,native,"['native', 'grouped']",24,130,10.16707,10.136096000671387,2848
1554,2,0,grouped,"['native', 'grouped']",24,130,0.378078,0.35737600922584534,2848
1554,2,1,grouped,"['grouped', 'native']",24,130,0.379128,0.35839998722076416,2848
1554,2,1,native,"['grouped', 'native']",24,130,10.823702,10.799103736877441,2848
1554,2,2,native,"['native', 'grouped']",24,130,10.564411,10.52467155456543,2848
1554,2,2,grouped,"['native', 'grouped']",24,130,0.399687,0.374783992767334,2848
1557,2,0,grouped,"['grouped', 'native']",21,134,0.374561,0.34624001383781433,2816
1557,2,0,native,"['grouped', 'native']",21,134,8.926695,8.8985595703125,2816
1557,2,1,native,"['native', 'grouped']",21,134,9.107486,9.084927558898926,2816
1557,2,1,grouped,"['native', 'grouped']",21,134,0.401603,0.3604480028152466,2816
1557,2,2,grouped,"['grouped', 'native']",21,134,0.342515,0.32051199674606323,2816
1557,2,2,native,"['grouped', 'native']",21,134,9.090132,9.067551612854004,2816
1560,2,0,native,"['native', 'grouped']",22,127,9.275195,9.24726390838623,2736
1560,2,0,grouped,"['native', 'grouped']",22,127,0.337931,0.317440003156662,2736
1560,2,1,grouped,"['grouped', 'native']",22,127,0.349158,0.32767999172210693,2736
1560,2,1,native,"['grouped', 'native']",22,127,9.26142,9.23852825164795,2736
1560,2,2,native,"['native', 'grouped']",22,127,9.30801,9.283583641052246,2736
1560,2,2,grouped,"['native', 'grouped']",22,127,0.401414,0.35737600922584534,2736
1563,2,0,grouped,"['grouped', 'native']",19,126,0.37662,0.3360320031642914,2624
1563,2,0,native,"['grouped', 'native']",19,126,8.530467,8.50432014465332,2624
1563,2,1,native,"['native', 'grouped']",19,126,8.884228,8.858624458312988,2624
1563,2,1,grouped,"['native', 'grouped']",19,126,0.313381,0.29183998703956604,2624
1563,2,2,grouped,"['grouped', 'native']",19,126,0.3165,0.2959359884262085,2624
1563,2,2,native,"['grouped', 'native']",19,126,8.463806,8.441856384277344,2624
1566,2,0,native,"['native', 'grouped']",22,131,10.57099,10.519776344299316,2800
1566,2,0,grouped,"['native', 'grouped']",22,131,0.399474,0.35839998722076416,2800
1566,2,1,grouped,"['grouped', 'native']",22,131,0.354515,0.33270400762557983,2800
1566,2,1,native,"['grouped', 'native']",22,131,10.613757,10.590208053588867,2800
1566,2,2,native,"['native', 'grouped']",22,131,9.409606,9.369600296020508,2800
1566,2,2,grouped,"['native', 'grouped']",22,131,0.341753,0.319487988948822,2800
1569,2,0,grouped,"['grouped', 'native']",21,129,0.431417,0.384223997592926,2736
1569,2,0,native,"['grouped', 'native']",21,129,11.49158,11.454463958740234,2736
1569,2,1,native,"['native', 'grouped']",21,129,9.005463,8.980480194091797,2736
1569,2,1,grouped,"['native', 'grouped']",21,129,0.326843,0.3051519989967346,2736
1569,2,2,grouped,"['grouped', 'native']",21,129,0.336501,0.31539198756217957,2736
1569,2,2,native,"['grouped', 'native']",21,129,9.008947,8.985600471496582,2736
1572,2,0,native,"['native', 'grouped']",20,126,9.654867,9.606592178344727,2656
1572,2,0,grouped,"['native', 'grouped']",20,126,0.509212,0.45977601408958435,2656
1572,2,1,grouped,"['grouped', 'native']",20,126,0.370869,0.34003201127052307,2656
1572,2,1,native,"['grouped', 'native']",20,126,12.119351,12.086272239685059,2656
1572,2,2,native,"['native', 'grouped']",20,126,9.489336,9.462783813476562,2656
1572,2,2,grouped,"['native', 'grouped']",20,126,0.332656,0.30822399258613586,2656
1575,2,0,grouped,"['grouped', 'native']",21,127,0.412492,0.36800000071525574,2704
1575,2,0,native,"['grouped', 'native']",21,127,9.061605,9.037823677062988,2704
1575,2,1,native,"['native', 'grouped']",21,127,9.10078,9.057279586791992,2704
1575,2,1,grouped,"['native', 'grouped']",21,127,0.338181,0.3123199939727783,2704
1575,2,2,grouped,"['grouped', 'native']",21,127,0.340936,0.3184640109539032,2704
1575,2,2,native,"['grouped', 'native']",21,127,11.385014,11.363327980041504,2704
1578,2,0,native,"['native', 'grouped']",19,124,8.333952,8.301119804382324,2592
1578,2,0,grouped,"['native', 'grouped']",19,124,0.395357,0.35225600004196167,2592
1578,2,1,grouped,"['grouped', 'native']",19,124,0.318263,0.2969599962234497,2592
1578,2,1,native,"['grouped', 'native']",19,124,10.396268,10.374143600463867,2592
1578,2,2,native,"['native', 'grouped']",19,124,8.411005,8.371199607849121,2592
1578,2,2,grouped,"['native', 'grouped']",19,124,0.35423,0.3184640109539032,2592
1581,2,0,grouped,"['grouped', 'native']",28,133,0.495344,0.4451200067996979,3024
1581,2,0,native,"['grouped', 'native']",28,133,11.834184,11.809791564941406,3024
1581,2,1,native,"['native', 'grouped']",28,133,11.899457,11.85587215423584,3024
1581,2,1,grouped,"['native', 'grouped']",28,133,0.484762,0.43615999817848206,3024
1581,2,2,grouped,"['grouped', 'native']",28,133,0.420621,0.39824000000953674,3024
1581,2,2,native,"['grouped', 'native']",28,133,11.8523,11.827199935913086,3024
3024,2,0,native,"['native', 'grouped']",29,129,13.504105,13.451264381408691,2992
3024,2,0,grouped,"['native', 'grouped']",29,129,0.506504,0.45977601408958435,2992
3024,2,1,grouped,"['grouped', 'native']",29,129,0.430824,0.40755200386047363,2992
3024,2,1,native,"['grouped', 'native']",29,129,14.068671,14.045184135437012,2992
3024,2,2,native,"['native', 'grouped']",29,129,13.979499,13.933568000793457,2992
3024,2,2,grouped,"['native', 'grouped']",29,129,0.495095,0.4546560049057007,2992
3027,2,0,grouped,"['grouped', 'native']",25,127,0.459069,0.4205760061740875,2832
3027,2,0,native,"['grouped', 'native']",25,127,14.028419,13.999103546142578,2832
3027,2,1,native,"['native', 'grouped']",25,127,11.479924,11.43603229522705,2832
3027,2,1,grouped,"['native', 'grouped']",25,127,0.544773,0.4782400131225586,2832
3027,2,2,grouped,"['grouped', 'native']",25,127,0.435915,0.4065279960632324,2832
3027,2,2,native,"['grouped', 'native']",25,127,14.333187,14.301119804382324,2832
3030,2,0,native,"['native', 'grouped']",28,130,14.490132,14.424799919128418,2976
3030,2,0,grouped,"['native', 'grouped']",28,130,0.459524,0.43212801218032837,2976
3030,2,1,grouped,"['grouped', 'native']",28,130,0.428341,0.4044800102710724,2976
3030,2,1,native,"['grouped', 'native']",28,130,13.329835,13.300736427307129,2976
3030,2,2,native,"['native', 'grouped']",28,130,13.348251,13.308927536010742,2976
3030,2,2,grouped,"['native', 'grouped']",28,130,0.473214,0.43110400438308716,2976
3033,2,0,grouped,"['grouped', 'native']",25,127,0.473517,0.4227840006351471,2832
3033,2,0,native,"['grouped', 'native']",25,127,13.033683,13.008831977844238,2832
3033,2,1,native,"['native', 'grouped']",25,127,12.627134,12.581888198852539,2832
3033,2,1,grouped,"['native', 'grouped']",25,127,0.445118,0.3993600010871887,2832
3033,2,2,grouped,"['grouped', 'native']",25,127,0.391396,0.3696640133857727,2832
3033,2,2,native,"['grouped', 'native']",25,127,12.989019,12.967935562133789,2832
3036,2,0,native,"['native', 'grouped']",26,127,13.318364,13.263711929321289,2864
3036,2,0,grouped,"['native', 'grouped']",26,127,0.464712,0.4177919924259186,2864
3036,2,1,grouped,"['grouped', 'native']",26,127,0.397442,0.374783992767334,2864
3036,2,1,native,"['grouped', 'native']",26,127,13.296961,13.273088455200195,2864
3036,2,2,native,"['native', 'grouped']",26,127,12.73864,12.687359809875488,2864
3036,2,2,grouped,"['native', 'grouped']",26,127,0.470351,0.419840008020401,2864
3039,2,0,grouped,"['grouped', 'native']",25,130,0.469717,0.41471999883651733,2880
3039,2,0,native,"['grouped', 'native']",25,130,13.726796,13.703167915344238,2880
3039,2,1,native,"['native', 'grouped']",25,130,12.110092,12.082176208496094,2880
3039,2,1,grouped,"['native', 'grouped']",25,130,0.438639,0.39526399970054626,2880
3039,2,2,grouped,"['grouped', 'native']",25,130,0.411925,0.38707199692726135,2880
3039,2,2,native,"['grouped', 'native']",25,130,13.811544,13.78713607788086,2880
3042,2,0,native,"['native', 'grouped']",25,126,13.119509,13.062784194946289,2816
3042,2,0,grouped,"['native', 'grouped']",25,126,0.416999,0.3891200125217438,2816
3042,2,1,grouped,"['grouped', 'native']",25,126,0.398078,0.3768320083618164,2816
3042,2,1,native,"['grouped', 'native']",25,126,13.02893,13.004799842834473,2816
3042,2,2,native,"['native', 'grouped']",25,126,13.112138,13.047807693481445,2816
3042,2,2,grouped,"['native', 'grouped']",25,126,0.451443,0.4044800102710724,2816
3045,2,0,grouped,"['grouped', 'native']",28,129,0.511422,0.4559040069580078,2960
3045,2,0,native,"['grouped', 'native']",28,129,13.538048,13.510656356811523,2960
3045,2,1,native,"['native', 'grouped']",28,129,12.008374,11.966367721557617,2960
3045,2,1,grouped,"['native', 'grouped']",28,129,0.510079,0.4556800127029419,2960
3045,2,2,grouped,"['grouped', 'native']",28,129,0.434262,0.40857601165771484,2960
3045,2,2,native,"['grouped', 'native']",28,129,14.272949,14.244864463806152,2960
3048,2,0,native,"['native', 'grouped']",24,127,12.750292,12.674592018127441,2800
3048,2,0,grouped,"['native', 'grouped']",24,127,0.449427,0.39526399970054626,2800
3048,2,1,grouped,"['grouped', 'native']",24,127,0.384385,0.36156800389289856,2800
3048,2,1,native,"['grouped', 'native']",24,127,11.870603,11.84563159942627,2800
3048,2,2,native,"['native', 'grouped']",24,127,10.719791,10.662912368774414,2800
3048,2,2,grouped,"['native', 'grouped']",24,127,0.514008,0.4556800127029419,2800
3051,2,0,grouped,"['grouped', 'native']",24,128,0.460255,0.4100480079650879,2816
3051,2,0,native,"['grouped', 'native']",24,128,12.600724,12.57369613647461,2816
3051,2,1,native,"['native', 'grouped']",24,128,12.698196,12.653568267822266,2816
3051,2,1,grouped,"['native', 'grouped']",24,128,0.428316,0.37990400195121765,2816
3051,2,2,grouped,"['grouped', 'native']",24,128,0.383226,0.3604480028152466,2816
3051,2,2,native,"['grouped', 'native']",24,128,12.328171,12.301312446594238,2816
3054,2,0,native,"['native', 'grouped']",26,131,13.538481,13.480511665344238,2928
3054,2,0,grouped,"['native', 'grouped']",26,131,0.425744,0.40038400888442993,2928
3054,2,1,grouped,"['grouped', 'native']",26,131,0.400507,0.37887999415397644,2928
3054,2,1,native,"['grouped', 'native']",26,131,14.470725,14.445568084716797,2928
3054,2,2,native,"['native', 'grouped']",26,131,12.856194,12.827648162841797,2928
3054,2,2,grouped,"['native', 'grouped']",26,131,0.418257,0.39321601390838623,2928
3057,2,0,grouped,"['grouped', 'native']",23,127,0.493444,0.4293439984321594,2768
3057,2,0,native,"['grouped', 'native']",23,127,12.101953,12.073984146118164,2768
3057,2,1,native,"['native', 'grouped']",23,127,14.141156,14.082048416137695,2768
3057,2,1,grouped,"['native', 'grouped']",23,127,0.468513,0.419840008020401,2768
3057,2,2,grouped,"['grouped', 'native']",23,127,0.384325,0.3593280017375946,2768
3057,2,2,native,"['grouped', 'native']",23,127,13.06482,13.037568092346191,2768
3060,2,0,native,"['native', 'grouped']",25,129,13.089319,13.03980827331543,2864
3060,2,0,grouped,"['native', 'grouped']",25,129,0.439277,0.39423999190330505,2864
3060,2,1,grouped,"['grouped', 'native']",25,129,0.404638,0.374783992767334,2864
3060,2,1,native,"['grouped', 'native']",25,129,12.947663,12.923904418945312,2864
3060,2,2,native,"['native', 'grouped']",25,129,12.546324,12.485664367675781,2864
3060,2,2,grouped,"['native', 'grouped']",25,129,0.430278,0.38809600472450256,2864
3063,2,0,grouped,"['grouped', 'native']",26,124,0.480732,0.42985600233078003,2816
3063,2,0,native,"['grouped', 'native']",26,124,13.102417,13.077535629272461,2816
3063,2,1,native,"['native', 'grouped']",26,124,14.989161,14.934016227722168,2816
3063,2,1,grouped,"['native', 'grouped']",26,124,0.477763,0.4331519901752472,2816
3063,2,2,grouped,"['grouped', 'native']",26,124,0.402221,0.38092800974845886,2816
3063,2,2,native,"['grouped', 'native']",26,124,12.684639,12.661760330200195,2816
3066,2,0,native,"['native', 'grouped']",26,126,12.953948,12.918144226074219,2848
3066,2,0,grouped,"['native', 'grouped']",26,126,0.44405,0.40038400888442993,2848
3066,2,1,grouped,"['grouped', 'native']",26,126,0.403486,0.3819519877433777,2848
3066,2,1,native,"['grouped', 'native']",26,126,12.249837,12.222463607788086,2848
3066,2,2,native,"['native', 'grouped']",26,126,11.136329,11.082816123962402,2848
3066,2,2,grouped,"['native', 'grouped']",26,126,0.484793,0.43212801218032837,2848
3069,2,0,grouped,"['grouped', 'native']",25,132,0.473601,0.42371198534965515,2912
3069,2,0,native,"['grouped', 'native']",25,132,12.801206,12.777471542358398,2912
3069,2,1,native,"['native', 'grouped']",25,132,13.219953,13.16966438293457,2912
3069,2,1,grouped,"['native', 'grouped']",25,132,0.440269,0.39526399970054626,2912
3069,2,2,grouped,"['grouped', 'native']",25,132,0.391034,0.3686400055885315,2912
3069,2,2,native,"['grouped', 'native']",25,132,12.833385,12.811264038085938,2912
48,3,0,native,"['native', 'grouped']",12,126,4.998674,4.963967800140381,2400
48,3,0,grouped,"['native', 'grouped']",12,126,0.32444,0.3020800054073334,2400
48,3,1,grouped,"['grouped', 'native']",12,126,0.228935,0.2099200040102005,2400
48,3,1,native,"['grouped', 'native']",12,126,4.763347,4.743167877197266,2400
48,3,2,native,"['native', 'grouped']",12,126,5.214093,5.175295829772949,2400
48,3,2,grouped,"['native', 'grouped']",12,126,0.287138,0.2662400007247925,2400
51,3,0,grouped,"['grouped', 'native']",9,126,0.838994,0.7147840261459351,2304
51,3,0,native,"['grouped', 'native']",9,126,10.14883,10.100735664367676,2304
51,3,1,native,"['native', 'grouped']",9,126,6.823119,6.789120197296143,2304
51,3,1,grouped,"['native', 'grouped']",9,126,0.437633,0.3891200125217438,2304
51,3,2,grouped,"['grouped', 'native']",9,126,0.349549,0.32256001234054565,2304
51,3,2,native,"['grouped', 'native']",9,126,5.422185,5.395455837249756,2304
54,3,0,native,"['native', 'grouped']",12,126,4.862946,4.835008144378662,2400
54,3,0,grouped,"['native', 'grouped']",12,126,0.271634,0.25088000297546387,2400
54,3,1,grouped,"['grouped', 'native']",12,126,0.234923,0.21606400609016418,2400
54,3,1,native,"['grouped', 'native']",12,126,4.907181,4.886528015136719,2400
54,3,2,native,"['native', 'grouped']",12,126,4.72455,4.687871932983398,2400
54,3,2,grouped,"['native', 'grouped']",12,126,0.262985,0.23654399812221527,2400
57,3,0,grouped,"['grouped', 'native']",12,142,0.268668,0.23004800081253052,2656
57,3,0,native,"['grouped', 'native']",12,142,4.625049,4.604928016662598,2656
57,3,1,native,"['native', 'grouped']",12,142,4.77662,4.740096092224121,2656
57,3,1,grouped,"['native', 'grouped']",12,142,0.264962,0.2385919988155365,2656
57,3,2,grouped,"['grouped', 'native']",12,142,0.219195,0.19968000054359436,2656
57,3,2,native,"['grouped', 'native']",12,142,4.993069,4.972544193267822,2656
60,3,0,native,"['native', 'grouped']",11,124,4.294273,4.264512062072754,2336
60,3,0,grouped,"['native', 'grouped']",11,124,0.263811,0.24371199309825897,2336
60,3,1,grouped,"['grouped', 'native']",11,124,0.217464,0.19865599274635315,2336
60,3,1,native,"['grouped', 'native']",11,124,4.286908,4.267007827758789,2336
60,3,2,native,"['native', 'grouped']",11,124,4.28819,4.265984058380127,2336
60,3,2,grouped,"['native', 'grouped']",11,124,0.249066,0.22937600314617157,2336
63,3,0,grouped,"['grouped', 'native']",8,164,0.389233,0.33456000685691833,2880
63,3,0,native,"['grouped', 'native']",8,164,4.076228,4.039680004119873,2880
63,3,1,native,"['native', 'grouped']",8,164,3.956631,3.9147520065307617,2880
63,3,1,grouped,"['native', 'grouped']",8,164,0.330932,0.29286399483680725,2880
63,3,2,grouped,"['grouped', 'native']",8,164,0.24326,0.22220799326896667,2880
63,3,2,native,"['grouped', 'native']",8,164,3.661679,3.6413440704345703,2880
66,3,0,native,"['native', 'grouped']",11,129,4.355473,4.327360153198242,2416
66,3,0,grouped,"['native', 'grouped']",11,129,0.271339,0.25088000297546387,2416
66,3,1,grouped,"['grouped', 'native']",11,129,0.221134,0.20175999402999878,2416
66,3,1,native,"['grouped', 'native']",11,129,4.295327,4.276224136352539,2416
66,3,2,native,"['native', 'grouped']",11,129,4.33394,4.3079681396484375,2416
66,3,2,grouped,"['native', 'grouped']",11,129,0.308235,0.27136000990867615,2416
69,3,0,grouped,"['grouped', 'native']",8,127,0.290159,0.25088000297546387,2288
69,3,0,native,"['grouped', 'native']",8,127,3.224116,3.2040960788726807,2288
69,3,1,native,"['native', 'grouped']",8,127,3.506473,3.468287944793701,2288
69,3,1,grouped,"['native', 'grouped']",8,127,0.284744,0.25600001215934753,2288
69,3,2,grouped,"['grouped', 'native']",8,127,0.235865,0.21503999829292297,2288
69,3,2,native,"['grouped', 'native']",8,127,3.435198,3.4150400161743164,2288
72,3,0,native,"['native', 'grouped']",11,128,4.314534,4.288127899169922,2400
72,3,0,grouped,"['native', 'grouped']",11,128,0.256995,0.23654399812221527,2400
72,3,1,grouped,"['grouped', 'native']",11,128,0.216943,0.19763199985027313,2400
72,3,1,native,"['grouped', 'native']",11,128,5.226874,5.208000183105469,2400
72,3,2,native,"['native', 'grouped']",11,128,4.406777,4.387807846069336,2400
72,3,2,grouped,"['native', 'grouped']",11,128,0.251989,0.23244799673557281,2400
75,3,0,grouped,"['grouped', 'native']",12,127,0.295935,0.25360000133514404,2416
75,3,0,native,"['grouped', 'native']",12,127,4.728255,4.707327842712402,2416
75,3,1,native,"['native', 'grouped']",12,127,5.441213,5.4036478996276855,2416
75,3,1,grouped,"['native', 'grouped']",12,127,0.333342,0.29398399591445923,2416
75,3,2,grouped,"['grouped', 'native']",12,127,0.248616,0.2252800017595291,2416
75,3,2,native,"['grouped', 'native']",12,127,5.151899,5.130239963531494,2416
78,3,0,native,"['native', 'grouped']",14,130,5.471812,5.429088115692139,2528
78,3,0,grouped,"['native', 'grouped']",14,130,0.323619,0.2877439856529236,2528
78,3,1,grouped,"['grouped', 'native']",14,130,0.257503,0.23455999791622162,2528
78,3,1,native,"['grouped', 'native']",14,130,5.464673,5.444608211517334,2528
78,3,2,native,"['native', 'grouped']",14,130,5.401242,5.378047943115234,2528
78,3,2,grouped,"['native', 'grouped']",14,130,0.309516,0.27238398790359497,2528
81,3,0,grouped,"['grouped', 'native']",13,125,0.300195,0.2579840123653412,2416
81,3,0,native,"['grouped', 'native']",13,125,5.152561,5.1312642097473145,2416
81,3,1,native,"['native', 'grouped']",13,125,5.163753,5.125216007232666,2416
81,3,1,grouped,"['native', 'grouped']",13,125,0.337654,0.2949120104312897,2416
81,3,2,grouped,"['grouped', 'native']",13,125,0.234837,0.21503999829292297,2416
81,3,2,native,"['grouped', 'native']",13,125,5.910136,5.889023780822754,2416
84,3,0,native,"['native', 'grouped']",16,144,6.206179,6.180575847625732,2816
84,3,0,grouped,"['native', 'grouped']",16,144,0.281275,0.26214399933815,2816
84,3,1,grouped,"['grouped', 'native']",16,144,0.276582,0.25804799795150757,2816
84,3,1,native,"['grouped', 'native']",16,144,6.193363,6.173696041107178,2816
84,3,2,native,"['native', 'grouped']",16,144,6.200153,6.179840087890625,2816
84,3,2,grouped,"['native', 'grouped']",16,144,0.27298,0.2549760043621063,2816
87,3,0,grouped,"['grouped', 'native']",18,128,0.324105,0.2983039915561676,2624
87,3,0,native,"['grouped', 'native']",18,128,6.954995,6.93452787399292,2624
87,3,1,native,"['native', 'grouped']",18,128,6.981989,6.961152076721191,2624
87,3,1,grouped,"['native', 'grouped']",18,128,0.287428,0.2672640085220337,2624
87,3,2,grouped,"['grouped', 'native']",18,128,0.298566,0.27955201268196106,2624
87,3,2,native,"['grouped', 'native']",18,128,6.898807,6.880159854888916,2624
90,3,0,native,"['native', 'grouped']",21,138,8.143927,8.097760200500488,2880
90,3,0,grouped,"['native', 'grouped']",21,138,0.366052,0.32767999172210693,2880
90,3,1,grouped,"['grouped', 'native']",21,138,0.340623,0.32051199674606323,2880
90,3,1,native,"['grouped', 'native']",21,138,8.051718,8.03219223022461,2880
90,3,2,native,"['native', 'grouped']",21,138,8.091886,8.054783821105957,2880
90,3,2,grouped,"['native', 'grouped']",21,138,0.329023,0.30713599920272827,2880
93,3,0,grouped,"['grouped', 'native']",21,127,0.357071,0.33161601424217224,2704
93,3,0,native,"['grouped', 'native']",21,127,8.036779,8.01587200164795,2704
93,3,1,native,"['native', 'grouped']",21,127,8.027275,8.0066556930542,2704
93,3,1,grouped,"['native', 'grouped']",21,127,0.317038,0.2969599962234497,2704
93,3,2,grouped,"['grouped', 'native']",21,127,0.333602,0.31539198756217957,2704
93,3,2,native,"['grouped', 'native']",21,127,8.113019,8.093695640563965,2704
1536,3,0,native,"['native', 'grouped']",27,126,10.359382,10.312800407409668,2880
1536,3,0,grouped,"['native', 'grouped']",27,126,0.454227,0.4126720130443573,2880
1536,3,1,grouped,"['grouped', 'native']",27,126,0.420988,0.3973119854927063,2880
1536,3,1,native,"['grouped', 'native']",27,126,10.336725,10.315775871276855,2880
1536,3,2,native,"['native', 'grouped']",27,126,10.352588,10.313728332519531,2880
1536,3,2,grouped,"['native', 'grouped']",27,126,0.45513,0.4116480052471161,2880
1539,3,0,grouped,"['grouped', 'native']",23,125,0.41403,0.373663991689682,2736
1539,3,0,native,"['grouped', 'native']",23,125,8.765479,8.744959831237793,2736
1539,3,1,native,"['native', 'grouped']",23,125,8.785695,8.748031616210938,2736
1539,3,1,grouped,"['native', 'grouped']",23,125,0.396918,0.347135990858078,2736
1539,3,2,grouped,"['grouped', 'native']",23,125,0.368157,0.3461120128631592,2736
1539,3,2,native,"['grouped', 'native']",23,125,10.259255,10.23686408996582,2736
1542,3,0,native,"['native', 'grouped']",24,128,9.231487,9.18832015991211,2816
1542,3,0,grouped,"['native', 'grouped']",24,128,1.407167,1.369088053703308,2816
1542,3,1,grouped,"['grouped', 'native']",24,128,0.398565,0.3768320083618164,2816
1542,3,1,native,"['grouped', 'native']",24,128,9.197119,9.177087783813477,2816
1542,3,2,native,"['native', 'grouped']",24,128,9.31764,9.274368286132812,2816
1542,3,2,grouped,"['native', 'grouped']",24,128,0.379443,0.35839998722076416,2816
1545,3,0,grouped,"['grouped', 'native']",20,126,0.372333,0.332863986492157,2656
1545,3,0,native,"['grouped', 'native']",20,126,7.755654,7.734272003173828,2656
1545,3,1,native,"['native', 'grouped']",20,126,7.77226,7.734272003173828,2656
1545,3,1,grouped,"['native', 'grouped']",20,126,0.331997,0.2959359884262085,2656
1545,3,2,grouped,"['grouped', 'native']",20,126,0.321144,0.30105599761009216,2656
1545,3,2,native,"['grouped', 'native']",20,126,8.21021,8.18995189666748,2656
1548,3,0,native,"['native', 'grouped']",27,130,11.361118,11.330623626708984,2944
1548,3,0,grouped,"['native', 'grouped']",27,130,0.428444,0.39321601390838623,2944
1548,3,1,grouped,"['grouped', 'native']",27,130,0.415251,0.3952319920063019,2944
1548,3,1,native,"['grouped', 'native']",27,130,10.187208,10.166272163391113,2944
1548,3,2,native,"['native', 'grouped']",27,130,10.216606,10.178560256958008,2944
1548,3,2,grouped,"['native', 'grouped']",27,130,0.400352,0.37887999415397644,2944
1551,3,0,grouped,"['grouped', 'native']",22,121,0.403131,0.3609279990196228,2640
1551,3,0,native,"['grouped', 'native']",22,121,8.418139,8.39782428741455,2640
1551,3,1,native,"['native', 'grouped']",22,121,8.435988,8.398847579956055,2640
1551,3,1,grouped,"['native', 'grouped']",22,121,0.354429,0.317440003156662,2640
1551,3,2,grouped,"['grouped', 'native']",22,121,0.344147,0.3246079981327057,2640
1551,3,2,native,"['grouped', 'native']",22,121,10.849585,10.825728416442871,2640
1554,3,0,native,"['native', 'grouped']",25,126,9.58462,9.557087898254395,2816
1554,3,0,grouped,"['native', 'grouped']",25,126,0.379054,0.35942399501800537,2816
1554,3,1,grouped,"['grouped', 'native']",25,126,0.394997,0.3758080005645752,2816
1554,3,1,native,"['grouped', 'native']",25,126,9.658563,9.638879776000977,2816
1554,3,2,native,"['native', 'grouped']",25,126,10.062367,10.027008056640625,2816
1554,3,2,grouped,"['native', 'grouped']",25,126,0.414268,0.38604798913002014,2816
1557,3,0,grouped,"['grouped', 'native']",21,107,0.392468,0.35139200091362,2384
1557,3,0,native,"['grouped', 'native']",21,107,8.114999,8.093695640563965,2384
1557,3,1,native,"['native', 'grouped']",21,107,8.071823,8.036319732666016,2384
1557,3,1,grouped,"['native', 'grouped']",21,107,0.344743,0.3092480003833771,2384
1557,3,2,grouped,"['grouped', 'native']",21,107,0.333174,0.31334400177001953,2384
1557,3,2,native,"['grouped', 'native']",21,107,8.048619,8.029184341430664,2384
1560,3,0,native,"['native', 'grouped']",20,127,7.747998,7.70633602142334,2672
1560,3,0,grouped,"['native', 'grouped']",20,127,0.327071,0.2908160090446472,2672
1560,3,1,grouped,"['grouped', 'native']",20,127,0.321213,0.30105599761009216,2672
1560,3,1,native,"['grouped', 'native']",20,127,7.703214,7.683072090148926,2672
1560,3,2,native,"['native', 'grouped']",20,127,7.825109,7.784448146820068,2672
1560,3,2,grouped,"['native', 'grouped']",20,127,0.37034,0.3256320059299469,2672
1563,3,0,grouped,"['grouped', 'native']",21,128,0.398848,0.35519999265670776,2720
1563,3,0,native,"['grouped', 'native']",21,128,8.402791,8.381343841552734,2720
1563,3,1,native,"['native', 'grouped']",21,128,8.874916,8.835071563720703,2720
1563,3,1,grouped,"['native', 'grouped']",21,128,0.328977,0.3092480003833771,2720
1563,3,2,grouped,"['grouped', 'native']",21,128,0.336513,0.317440003156662,2720
1563,3,2,native,"['grouped', 'native']",21,128,8.023881,8.004608154296875,2720
1566,3,0,native,"['native', 'grouped']",23,124,10.608214,10.562751770019531,2720
1566,3,0,grouped,"['native', 'grouped']",23,124,0.395815,0.3554239869117737,2720
1566,3,1,grouped,"['grouped', 'native']",23,124,0.37069,0.3481599986553192,2720
1566,3,1,native,"['grouped', 'native']",23,124,10.744017,10.722208023071289,2720
1566,3,2,native,"['native', 'grouped']",23,124,9.03112,8.993791580200195,2720
1566,3,2,grouped,"['native', 'grouped']",23,124,0.350385,0.32972800731658936,2720
1569,3,0,grouped,"['grouped', 'native']",25,129,0.448879,0.40588799118995667,2864
1569,3,0,native,"['grouped', 'native']",25,129,12.163684,12.141568183898926,2864
1569,3,1,native,"['native', 'grouped']",25,129,9.537265,9.517056465148926,2864
1569,3,1,grouped,"['native', 'grouped']",25,129,0.378158,0.35737600922584534,2864
1569,3,2,grouped,"['grouped', 'native']",25,129,0.384091,0.36556801199913025,2864
1569,3,2,native,"['grouped', 'native']",25,129,9.657381,9.635775566101074,2864
1572,3,0,native,"['native', 'grouped']",24,129,10.667283,10.62377643585205,2832
1572,3,0,grouped,"['native', 'grouped']",24,129,0.417954,0.37376001477241516,2832
1572,3,1,grouped,"['grouped', 'native']",24,129,0.397871,0.3675839900970459,2832
1572,3,1,native,"['grouped', 'native']",24,129,11.420557,11.396096229553223,2832
1572,3,2,native,"['native', 'grouped']",24,129,9.317966,9.296895980834961,2832
1572,3,2,grouped,"['native', 'grouped']",24,129,0.368118,0.3491840064525604,2832
1575,3,0,grouped,"['grouped', 'native']",21,127,0.378791,0.34723201394081116,2704
1575,3,0,native,"['grouped', 'native']",21,127,8.242807,8.221695899963379,2704
1575,3,1,native,"['native', 'grouped']",21,127,9.354506,9.309280395507812,2704
1575,3,1,grouped,"['native', 'grouped']",21,127,0.349262,0.30822399258613586,2704
1575,3,2,grouped,"['grouped', 'native']",21,127,0.344634,0.3216640055179596,2704
1575,3,2,native,"['grouped', 'native']",21,127,11.435138,11.413503646850586,2704
1578,3,0,native,"['native', 'grouped']",21,130,8.059,8.03007984161377,2752
1578,3,0,grouped,"['native', 'grouped']",21,130,0.511508,0.47411200404167175,2752
1578,3,1,grouped,"['grouped', 'native']",21,130,0.343512,0.32256001234054565,2752
1578,3,1,native,"['grouped', 'native']",21,130,10.302595,10.281951904296875,2752
1578,3,2,native,"['native', 'grouped']",21,130,8.095862,8.044639587402344,2752
1578,3,2,grouped,"['native', 'grouped']",21,130,0.345952,0.3051519989967346,2752
1581,3,0,grouped,"['grouped', 'native']",27,130,0.444971,0.4138239920139313,2944
1581,3,0,native,"['grouped', 'native']",27,130,11.814854,11.793408393859863,2944
1581,3,1,native,"['native', 'grouped']",27,130,13.039787,12.996607780456543,2944
1581,3,1,grouped,"['native', 'grouped']",27,130,0.446106,0.40755200386047363,2944
1581,3,2,grouped,"['grouped', 'native']",27,130,0.403739,0.38393598794937134,2944
1581,3,2,native,"['grouped', 'native']",27,130,10.252353,10.231807708740234,2944
3024,3,0,native,"['native', 'grouped']",25,125,19.294107,19.246912002563477,2800
3024,3,0,grouped,"['native', 'grouped']",25,125,0.525,0.4792320132255554,2800
3024,3,1,grouped,"['grouped', 'native']",25,125,0.452606,0.4116480052471161,2800
3024,3,1,native,"['grouped', 'native']",25,125,18.965957,18.925567626953125,2800
3024,3,2,native,"['native', 'grouped']",25,125,18.932375,18.889728546142578,2800
3024,3,2,grouped,"['native', 'grouped']",25,125,0.495692,0.4514879882335663,2800
3027,3,0,grouped,"['grouped', 'native']",25,123,0.460248,0.41631999611854553,2768
3027,3,0,native,"['grouped', 'native']",25,123,18.952462,18.912256240844727,2768
3027,3,1,native,"['native', 'grouped']",25,123,18.972727,18.928640365600586,2768
3027,3,1,grouped,"['native', 'grouped']",25,123,0.495271,0.45260798931121826,2768
3027,3,2,grouped,"['grouped', 'native']",25,123,0.464334,0.4259839951992035,2768
3027,3,2,native,"['grouped', 'native']",25,123,18.961458,18.916351318359375,2768
3030,3,0,native,"['native', 'grouped']",25,126,18.943269,18.894752502441406,2816
3030,3,0,grouped,"['native', 'grouped']",25,126,0.533445,0.4853760004043579,2816
3030,3,1,grouped,"['grouped', 'native']",25,126,0.449264,0.40857601165771484,2816
3030,3,1,native,"['grouped', 'native']",25,126,18.902044,18.861087799072266,2816
3030,3,2,native,"['native', 'grouped']",25,126,18.92984,18.884607315063477,2816
3030,3,2,grouped,"['native', 'grouped']",25,126,0.519563,0.47519999742507935,2816
3033,3,0,grouped,"['grouped', 'native']",26,129,0.470465,0.42739200592041016,2896
3033,3,0,native,"['grouped', 'native']",26,129,19.786029,19.745792388916016,2896
3033,3,1,native,"['native', 'grouped']",26,129,19.661476,19.6177921295166,2896
3033,3,1,grouped,"['native', 'grouped']",26,129,0.5052,0.4607999920845032,2896
3033,3,2,grouped,"['grouped', 'native']",26,129,0.460204,0.4208639860153198,2896
3033,3,2,native,"['grouped', 'native']",26,129,19.709829,19.670015335083008,2896
3036,3,0,native,"['native', 'grouped']",24,128,18.209994,18.162784576416016,2816
3036,3,0,grouped,"['native', 'grouped']",24,128,0.50815,0.4628480076789856,2816
3036,3,1,grouped,"['grouped', 'native']",24,128,0.433248,0.39526399970054626,2816
3036,3,1,native,"['grouped', 'native']",24,128,18.060258,18.01932716369629,2816
3036,3,2,native,"['native', 'grouped']",24,128,18.255046,18.207744598388672,2816
3036,3,2,grouped,"['native', 'grouped']",24,128,0.519299,0.47513601183891296,2816
3039,3,0,grouped,"['grouped', 'native']",25,129,0.470559,0.4251840114593506,2864
3039,3,0,native,"['grouped', 'native']",25,129,18.840661,18.79756736755371,2864
3039,3,1,native,"['native', 'grouped']",25,129,18.795054,18.747392654418945,2864
3039,3,1,grouped,"['native', 'grouped']",25,129,0.480297,0.43827199935913086,2864
3039,3,2,grouped,"['grouped', 'native']",25,129,0.447956,0.40857601165771484,2864
3039,3,2,native,"['grouped', 'native']",25,129,18.762982,18.722816467285156,2864
3042,3,0,native,"['native', 'grouped']",25,128,18.964166,18.91529655456543,2848
3042,3,0,grouped,"['native', 'grouped']",25,128,0.49053,0.44543999433517456,2848
3042,3,1,grouped,"['grouped', 'native']",25,128,0.444854,0.4055039882659912,2848
3042,3,1,native,"['grouped', 'native']",25,128,19.014468,18.9716796875,2848
3042,3,2,native,"['native', 'grouped']",25,128,19.029831,18.980863571166992,2848
3042,3,2,grouped,"['native', 'grouped']",25,128,0.534648,0.48947200179100037,2848
3045,3,0,grouped,"['grouped', 'native']",25,128,0.458696,0.4145599901676178,2848
3045,3,0,native,"['grouped', 'native']",25,128,18.948611,18.910112380981445,2848
3045,3,1,native,"['native', 'grouped']",25,128,18.952507,18.909183502197266,2848
3045,3,1,grouped,"['native', 'grouped']",25,128,0.483324,0.4403199851512909,2848
3045,3,2,grouped,"['grouped', 'native']",25,128,0.444801,0.4055039882659912,2848
3045,3,2,native,"['grouped', 'native']",25,128,18.939986,18.896896362304688,2848
3048,3,0,native,"['native', 'grouped']",23,127,17.422813,17.36502456665039,2768
3048,3,0,grouped,"['native', 'grouped']",23,127,0.517874,0.4710400104522705,2768
3048,3,1,grouped,"['grouped', 'native']",23,127,0.419601,0.37785598635673523,2768
3048,3,1,native,"['grouped', 'native']",23,127,17.478913,17.43667221069336,2768
3048,3,2,native,"['native', 'grouped']",23,127,17.433217,17.38444709777832,2768
3048,3,2,grouped,"['native', 'grouped']",23,127,0.510369,0.4618239998817444,2768
3051,3,0,grouped,"['grouped', 'native']",26,126,0.484413,0.4367679953575134,2848
3051,3,0,native,"['grouped', 'native']",26,126,19.601263,19.56038475036621,2848
3051,3,1,native,"['native', 'grouped']",26,126,19.676305,19.631103515625,2848
3051,3,1,grouped,"['native', 'grouped']",26,126,0.505433,0.46185600757598877,2848
3051,3,2,grouped,"['grouped', 'native']",26,126,0.454616,0.416703999042511,2848
3051,3,2,native,"['grouped', 'native']",26,126,19.644007,19.603456497192383,2848
3054,3,0,native,"['native', 'grouped']",26,127,19.714367,19.667552947998047,2864
3054,3,0,grouped,"['native', 'grouped']",26,127,0.514726,0.4679679870605469,2864
3054,3,1,grouped,"['grouped', 'native']",26,127,0.4609,0.4188160002231598,2864
3054,3,1,native,"['grouped', 'native']",26,127,19.741581,19.700735092163086,2864
3054,3,2,native,"['native', 'grouped']",26,127,20.169911,20.124671936035156,2864
3054,3,2,grouped,"['native', 'grouped']",26,127,0.496859,0.4536319971084595,2864
3057,3,0,grouped,"['grouped', 'native']",27,129,0.474252,0.43001601099967957,2928
3057,3,0,native,"['grouped', 'native']",27,129,20.690327,20.64896011352539,2928
3057,3,1,native,"['native', 'grouped']",27,129,20.467966,20.42367935180664,2928
3057,3,1,grouped,"['native', 'grouped']",27,129,0.492768,0.4505600035190582,2928
3057,3,2,grouped,"['grouped', 'native']",27,129,0.460359,0.42188799381256104,2928
3057,3,2,native,"['grouped', 'native']",27,129,20.378394,20.338687896728516,2928
3060,3,0,native,"['native', 'grouped']",24,126,18.155391,18.109119415283203,2784
3060,3,0,grouped,"['native', 'grouped']",24,126,0.48482,0.4413439929485321,2784
3060,3,1,grouped,"['grouped', 'native']",24,126,0.436446,0.3962880074977875,2784
3060,3,1,native,"['grouped', 'native']",24,126,18.16162,18.119680404663086,2784
3060,3,2,native,"['native', 'grouped']",24,126,18.19723,18.149375915527344,2784
3060,3,2,grouped,"['native', 'grouped']",24,126,0.498707,0.4567039906978607,2784
3063,3,0,grouped,"['grouped', 'native']",26,134,0.471625,0.42735999822616577,2976
3063,3,0,native,"['grouped', 'native']",26,134,19.702663,19.65875244140625,2976
3063,3,1,native,"['native', 'grouped']",26,134,19.557242,19.512256622314453,2976
3063,3,1,grouped,"['native', 'grouped']",26,134,0.550706,0.5017600059509277,2976
3063,3,2,grouped,"['grouped', 'native']",26,134,0.450246,0.4116159975528717,2976
3063,3,2,native,"['grouped', 'native']",26,134,19.533421,19.494911193847656,2976
3066,3,0,native,"['native', 'grouped']",23,127,17.481354,17.434240341186523,2768
3066,3,0,grouped,"['native', 'grouped']",23,127,0.473887,0.43212801218032837,2768
3066,3,1,grouped,"['grouped', 'native']",23,127,0.417481,0.37884798645973206,2768
3066,3,1,native,"['grouped', 'native']",23,127,17.487588,17.44691276550293,2768
3066,3,2,native,"['native', 'grouped']",23,127,17.477837,17.432575225830078,2768
3066,3,2,grouped,"['native', 'grouped']",23,127,0.495625,0.449535995721817,2768
3069,3,0,grouped,"['grouped', 'native']",26,115,0.470021,0.4243519902229309,2672
3069,3,0,native,"['grouped', 'native']",26,115,19.869711,19.828672409057617,2672
3069,3,1,native,"['native', 'grouped']",26,115,19.603614,19.559423446655273,2672
3069,3,1,grouped,"['native', 'grouped']",26,115,0.478752,0.4362240135669708,2672
3069,3,2,grouped,"['grouped', 'native']",26,115,0.454426,0.4126720130443573,2672
3069,3,2,native,"['grouped', 'native']",26,115,19.599284,19.558399200439453,2672
