dataset,layer,seen_first64,seen_first64_recur_after64,fraction_first64_pairs_recur_after64,hot_set_size,hot_set_intersection,hot_set_jaccard
MATH,0,1001,1001,1.0,103,80,0.6349206349206349
MATH,1,1008,1007,0.9990079365079365,103,66,0.4714285714285714
MATH,2,948,944,0.9957805907172996,103,81,0.648
MATH,3,971,964,0.9927909371781668,103,70,0.5147058823529411
MATH,4,911,906,0.9945115257958288,103,67,0.48201438848920863
MATH,5,953,947,0.993704092339979,103,75,0.5725190839694656
MATH,6,909,904,0.9944994499449945,103,82,0.6612903225806451
MATH,7,928,923,0.9946120689655172,103,93,0.8230088495575221
MATH,8,954,949,0.9947589098532494,103,73,0.5488721804511278
MATH,9,938,931,0.9925373134328358,103,73,0.5488721804511278
MATH,10,975,967,0.9917948717948718,103,73,0.5488721804511278
MATH,11,986,984,0.9979716024340771,103,76,0.5846153846153846
MATH,12,966,958,0.9917184265010351,103,63,0.4405594405594406
MATH,13,952,948,0.9957983193277311,103,80,0.6349206349206349
MATH,14,909,893,0.9823982398239824,103,70,0.5147058823529411
MATH,15,945,932,0.9862433862433863,103,74,0.5606060606060606
MATH,16,934,927,0.9925053533190579,103,85,0.7024793388429752
MATH,17,959,952,0.9927007299270073,103,78,0.609375
MATH,18,919,906,0.985854189336235,103,83,0.6747967479674797
MATH,19,925,912,0.985945945945946,103,83,0.6747967479674797
MATH,20,926,916,0.9892008639308856,103,78,0.609375
MATH,21,923,913,0.9891657638136512,103,82,0.6612903225806451
MATH,22,952,945,0.9926470588235294,103,72,0.5373134328358209
MATH,23,964,960,0.995850622406639,103,72,0.5373134328358209
MATH,24,942,933,0.9904458598726115,103,71,0.5259259259259259
MATH,25,917,911,0.9934569247546347,103,69,0.5036496350364964
MATH,26,903,891,0.9867109634551495,103,73,0.5488721804511278
MATH,27,903,892,0.9878183831672204,103,68,0.4927536231884058
MATH,28,923,917,0.9934994582881906,103,73,0.5488721804511278
MATH,29,941,929,0.9872476089266737,103,81,0.648
MATH,30,896,887,0.9899553571428571,103,89,0.7606837606837606
MATH,31,909,901,0.9911991199119912,103,77,0.5968992248062015
MATH,32,930,916,0.9849462365591398,103,60,0.410958904109589
MATH,33,923,911,0.9869989165763814,103,76,0.5846153846153846
MATH,34,937,931,0.9935965848452508,103,55,0.36423841059602646
MATH,35,926,921,0.9946004319654428,103,54,0.35526315789473684
MATH,36,957,951,0.9937304075235109,103,50,0.32051282051282054
MATH,37,928,922,0.9935344827586207,103,62,0.4305555555555556
MATH,38,916,911,0.9945414847161572,103,64,0.4507042253521127
MATH,39,922,916,0.9934924078091106,103,54,0.35526315789473684
MATH,40,899,891,0.9911012235817576,103,85,0.7024793388429752
MATH,41,885,882,0.9966101694915255,103,73,0.5488721804511278
MATH,42,893,891,0.9977603583426652,103,77,0.5968992248062015
MATH,43,881,874,0.9920544835414302,103,76,0.5846153846153846
MATH,44,868,862,0.9930875576036866,103,60,0.410958904109589
MATH,45,889,887,0.9977502812148481,103,75,0.5725190839694656
MATH,46,878,872,0.9931662870159453,103,77,0.5968992248062015
MATH,47,886,886,1.0,103,85,0.7024793388429752
