dataset,horizon,layer,routes,gate_mass,active_unique_experts_mean,active_unique_experts_p50,active_unique_experts_p90,active_unique_experts_p99,active_unique_experts_max,rank_local_event_demand_p50,rank_local_event_demand_p90,rank_local_event_demand_p99,rank_local_event_demand_max,rank_local_cumulative_demand_p50,rank_local_cumulative_demand_p90,rank_local_cumulative_demand_p99,rank_local_cumulative_demand_max,top10_percent_pair_demand_share,max_to_mean_pair_demand,observed_expert_rank_occurrences,occurrences_with_future_opportunity,occurrences_with_later_recurrence,future_recurrence_fraction,recurrence_gap_mean,recurrence_gap_p90
ShareGPT,64,0,262144,32767.78759765625,126.25,127.0,128.0,128.0,128.0,3.0,9.0,14.0,51.0,241.0,490.0,689.31,820.0,0.22745895385742188,3.203125,56417,55512,55393,0.9978563193543738,1.1272723990395899,1.0
ShareGPT,256,0,1048576,131071.63989257812,127.29296875,128.0,128.0,128.0,128.0,3.0,8.0,13.0,51.0,1014.0,1817.1000000000001,2587.7099999999996,3065.0,0.20927143096923828,2.9931640625,235770,234836,234746,0.999616753819687,1.1045683419525785,1.0
ShareGPT,64,1,262144,32767.941650390625,125.0625,126.0,128.0,128.0,128.0,3.0,9.0,17.0,64.0,207.0,532.7,838.1599999999999,1150.0,0.2627220153808594,4.4921875,54662,53777,53639,0.9974338471837403,1.1454538675217658,1.0
ShareGPT,256,1,1048576,131072.22717285156,126.74609375,127.0,128.0,128.0,128.0,3.0,9.0,15.0,64.0,910.0,2009.2000000000003,3123.24,3507.0,0.25002288818359375,3.4248046875,230842,229928,229818,0.9995215893671062,1.1233932938238085,1.0
ShareGPT,64,2,262144,32767.885864257812,123.3125,124.5,126.0,128.0,128.0,3.0,10.0,18.0,64.0,184.0,554.0,988.31,1136.0,0.29364776611328125,4.4375,50057,49260,49048,0.995696305318717,1.2078779970641005,1.0
ShareGPT,256,2,1048576,131071.58166503906,125.34375,126.0,127.5,128.0,128.0,3.0,9.0,16.0,64.0,888.0,2100.7,3225.5199999999986,4498.0,0.2597179412841797,4.392578125,213251,212383,212235,0.9993031457320031,1.1969562042076,1.0
ShareGPT,64,3,262144,32767.721130371094,125.40625,127.0,128.0,128.0,128.0,2.0,10.0,24.0,64.0,164.0,539.7,1022.8499999999999,2121.0,0.30825042724609375,8.28515625,51844,51005,50829,0.9965493579060877,1.1950067874638495,1.0
ShareGPT,256,3,1048576,131071.56170654297,126.85546875,127.0,128.0,128.0,128.0,3.0,9.0,16.0,64.0,788.0,2089.0000000000005,3559.819999999999,5754.0,0.2683992385864258,5.619140625,222868,221964,221851,0.9994909084356022,1.1521471618338435,1.0
ShareGPT,64,4,262144,32768.04608154297,123.046875,125.0,126.0,127.0,127.0,2.0,11.0,21.0,64.0,144.5,621.8000000000002,1226.54,1728.0,0.3444976806640625,6.75,48787,47992,47774,0.9954575762627105,1.2416586427764056,1.0
ShareGPT,256,4,1048576,131071.95733642578,125.25390625,126.0,127.0,128.0,128.0,3.0,10.0,18.0,64.0,778.0,2310.6000000000004,4175.879999999999,4799.0,0.30467987060546875,4.6865234375,209677,208830,208659,0.9991811521333142,1.2200959460171859,1.0
ShareGPT,64,5,262144,32767.878540039062,125.0,126.0,127.0,128.0,128.0,2.0,10.0,18.0,64.0,165.5,587.7,1066.6499999999992,1306.0,0.2959022521972656,5.1015625,51159,50332,50146,0.9963045378685528,1.1973238144617717,1.0
ShareGPT,256,5,1048576,131071.49578857422,126.3046875,127.0,128.0,128.0,128.0,3.0,9.0,16.0,64.0,776.5,2255.6000000000004,3357.459999999998,4116.0,0.2678842544555664,4.01953125,216502,215622,215481,0.9993460778584745,1.1835521461288931,1.0
ShareGPT,64,6,262144,32768.00048828125,125.171875,127.0,128.0,128.0,128.0,2.0,10.0,26.0,64.0,146.5,566.5000000000002,1660.7899999999995,1884.0,0.4132881164550781,7.359375,50227,49427,49216,0.9957310781556639,1.2094034460338101,1.0
ShareGPT,256,6,1048576,131071.57228088379,126.6953125,127.0,128.0,128.0,128.0,3.0,9.0,21.0,64.0,717.5,2157.600000000001,4838.77,6226.0,0.3480367660522461,6.080078125,212543,211675,211520,0.9992677453643557,1.2070678895612708,1.0
ShareGPT,64,7,262144,32768.00146484375,124.53125,126.0,127.0,128.0,128.0,2.0,10.0,22.0,58.0,161.0,646.7,1287.31,1830.0,0.3761024475097656,7.1484375,51686,50863,50673,0.9962644751587598,1.1720837526888086,1.0
ShareGPT,256,7,1048576,131071.68518066406,126.828125,128.0,128.0,128.0,128.0,3.0,9.0,18.0,58.0,752.0,2343.1000000000004,4229.359999999999,5699.0,0.3177156448364258,5.5654296875,218684,217807,217664,0.999343455444499,1.1714753013819466,1.0
ShareGPT,64,8,262144,32768.18078613281,125.21875,127.0,128.0,128.0,128.0,2.0,10.0,22.0,64.0,149.0,588.0,1209.62,1829.0,0.348480224609375,7.14453125,50367,49550,49349,0.9959434914228052,1.2223753267543416,1.0
ShareGPT,256,8,1048576,131071.51147460938,126.75,127.0,128.0,128.0,128.0,3.0,9.0,18.0,64.0,716.5,2155.8,4245.049999999999,5135.0,0.30240345001220703,5.0146484375,215208,214331,214184,0.9993141449440351,1.200509842005005,1.0
ShareGPT,64,9,262144,32767.952606201172,123.96875,126.0,127.7,128.0,128.0,2.0,11.0,21.0,59.0,134.0,652.1000000000001,1240.8599999999997,1630.0,0.3581581115722656,6.3671875,48170,47392,47152,0.9949358541525996,1.2625975568374619,2.0
ShareGPT,256,9,1048576,131071.84014892578,126.41796875,127.0,128.0,128.0,128.0,3.0,10.0,18.0,59.0,702.5,2295.6000000000004,4054.6799999999985,5225.0,0.30309391021728516,5.1025390625,210863,209996,209841,0.99926189070268,1.2198235807111097,1.0
ShareGPT,64,10,262144,32767.9931640625,121.171875,124.0,126.7,127.37,128.0,2.0,10.0,24.0,64.0,130.0,618.4000000000001,1547.31,1847.0,0.36025238037109375,7.21484375,46551,45800,45534,0.9941921397379913,1.2899371897922431,2.0
ShareGPT,256,10,1048576,131072.14428710938,125.671875,127.0,128.0,128.0,128.0,3.0,10.0,18.0,64.0,670.0,2195.3,3892.0,6276.0,0.30716800689697266,6.12890625,207505,206628,206484,0.9993030954178523,1.236173262819395,1.0
ShareGPT,64,11,262144,32767.965087890625,120.59375,124.0,125.7,127.37,128.0,2.0,11.0,19.0,64.0,124.5,659.7,1062.77,1199.0,0.3378334045410156,4.68359375,46308,45553,45292,0.994270410291309,1.2827872471959727,2.0
ShareGPT,256,11,1048576,131071.9750366211,125.25390625,127.0,128.0,128.0,128.0,3.0,10.0,17.0,64.0,680.0,2370.7,3791.389999999998,4102.0,0.2980785369873047,4.005859375,207334,206466,206312,0.9992541144788972,1.2345428283376634,1.0
ShareGPT,64,12,262144,32768.001708984375,121.375,124.0,126.0,127.0,127.0,2.0,11.0,24.0,64.0,137.0,671.7,1250.6499999999992,2014.0,0.3652191162109375,7.8671875,46986,46214,45964,0.9945903838663609,1.2849839004438257,2.0
ShareGPT,256,12,1048576,131071.58135986328,125.83984375,127.0,128.0,128.0,128.0,3.0,10.0,18.0,64.0,734.5,2437.4000000000005,3735.199999999999,5660.0,0.3055906295776367,5.52734375,208306,207425,207282,0.9993105941906714,1.2367644079080673,1.0
ShareGPT,64,13,262144,32767.95751953125,120.84375,123.0,125.7,126.37,127.0,2.0,11.0,22.0,64.0,138.5,631.4000000000001,1239.509999999997,1758.0,0.3460693359375,6.8671875,46656,45882,45653,0.9950089359661741,1.2744178914857731,2.0
ShareGPT,256,13,1048576,131071.77954101562,125.40625,127.0,128.0,128.0,128.0,3.0,10.0,18.0,64.0,665.5,2325.9000000000005,4089.129999999995,5062.0,0.3050270080566406,4.943359375,206952,206092,205934,0.9992333520951808,1.231069177503472,1.0
ShareGPT,64,14,262144,32767.8583984375,120.546875,122.0,125.0,126.37,127.0,2.0,10.0,27.0,63.0,134.0,623.7,1602.5499999999997,2230.0,0.37311553955078125,8.7109375,46904,46142,45899,0.9947336483030644,1.2620100655787707,1.0
ShareGPT,256,14,1048576,131071.90368652344,124.5234375,126.0,127.0,128.0,128.0,3.0,10.0,22.0,63.0,702.5,2253.1000000000004,5786.179999999999,7307.0,0.3272237777709961,7.1357421875,205201,204344,204181,0.9992023254903496,1.243573104255538,1.0
ShareGPT,64,15,262144,32767.9560546875,121.234375,123.5,126.0,127.37,128.0,2.0,12.0,21.0,64.0,124.0,760.0,1176.77,1468.0,0.37487030029296875,5.734375,46390,45640,45371,0.9941060473269062,1.291706155914571,2.0
ShareGPT,256,15,1048576,131071.67419433594,125.81640625,127.0,128.0,128.0,128.0,2.0,11.0,18.0,64.0,607.5,2742.9000000000005,4068.6399999999994,5354.0,0.3309507369995117,5.228515625,204046,203183,203022,0.9992076108729568,1.2594053846381181,2.0
ShareGPT,64,16,262144,32767.9521484375,119.875,122.0,125.7,126.37,127.0,2.0,11.0,23.0,62.0,131.0,608.4000000000001,1411.9399999999996,1825.0,0.3717079162597656,7.12890625,45895,45149,44889,0.994241289951051,1.2613112343781328,1.0
ShareGPT,256,16,1048576,131071.70935058594,124.69921875,126.0,128.0,128.0,128.0,2.0,10.0,19.0,62.0,645.5,2391.3,4687.179999999999,5574.0,0.32952022552490234,5.443359375,201592,200756,200568,0.9990635398194824,1.2631725898448407,1.0
ShareGPT,64,17,262144,32767.973510742188,121.546875,123.0,126.0,126.37,127.0,2.0,11.0,20.0,59.0,125.0,664.4000000000001,1133.7099999999996,1367.0,0.3405418395996094,5.33984375,47457,46694,46447,0.9947102411444725,1.2652270329623012,2.0
ShareGPT,256,17,1048576,131072.0009765625,124.84765625,126.0,127.0,128.0,128.0,2.0,10.0,18.0,59.0,629.0,2458.4000000000005,4134.639999999999,4804.0,0.3052215576171875,4.69140625,205712,204862,204688,0.9991506477531216,1.2462577190651138,1.0
ShareGPT,64,18,262144,32768.027587890625,124.90625,126.0,127.0,128.0,128.0,2.0,10.0,25.0,64.0,144.0,610.0000000000005,1611.7899999999995,1903.0,0.4087409973144531,7.43359375,49885,49094,48872,0.9954780624923616,1.2188369618595514,1.0
ShareGPT,256,18,1048576,131071.89086914062,126.72265625,127.0,128.0,128.0,128.0,3.0,10.0,20.0,64.0,705.0,2433.300000000001,4822.4299999999985,6151.0,0.3436594009399414,6.0068359375,212018,211165,210997,0.9992044136102101,1.2108323815030546,1.0
ShareGPT,64,19,262144,32767.882690429688,123.71875,124.0,126.0,127.0,127.0,2.0,10.0,22.0,62.0,162.0,642.8000000000002,1331.2399999999998,1849.0,0.3751258850097656,7.22265625,51875,51055,50871,0.9963960434825189,1.1610937469285054,1.0
ShareGPT,256,19,1048576,131071.50146484375,126.01953125,126.0,128.0,128.0,128.0,3.0,10.0,18.0,62.0,735.5,2353.7,4034.969999999999,5977.0,0.32107067108154297,5.8369140625,218905,218039,217882,0.9992799453308812,1.167576945319026,1.0
ShareGPT,64,20,262144,32767.951293945312,122.953125,124.0,126.0,127.37,128.0,2.0,10.0,22.0,64.0,168.0,601.0,1272.0899999999997,1871.0,0.36019134521484375,7.30859375,50292,49487,49280,0.9958170832743953,1.2006696428571428,1.0
ShareGPT,256,20,1048576,131071.41638183594,125.5703125,126.0,128.0,128.0,128.0,3.0,10.0,18.0,64.0,753.5,2176.4000000000005,4345.8099999999995,5488.0,0.3173027038574219,5.359375,213906,213030,212882,0.9993052621696474,1.2003175468099698,1.0
ShareGPT,64,21,262144,32768.04751586914,121.328125,123.0,126.0,126.0,126.0,2.0,11.0,22.0,57.0,141.0,653.8000000000002,1255.0299999999993,1557.0,0.3652153015136719,6.08203125,47247,46474,46235,0.9948573395877265,1.2634151616740565,1.0
ShareGPT,256,21,1048576,131071.72817993164,125.33984375,126.0,128.0,128.0,128.0,3.0,10.0,18.0,57.0,692.0,2482.3,4010.93,5167.0,0.31176185607910156,5.0458984375,206300,205446,205276,0.9991725319548689,1.242064342641127,1.0
ShareGPT,64,22,262144,32768.05895996094,118.65625,121.0,124.0,126.0,126.0,2.0,10.0,28.0,64.0,142.0,591.4000000000001,1646.54,2158.0,0.38348388671875,8.4296875,45960,45204,44943,0.9942261746748076,1.2877645017021562,1.0
ShareGPT,256,22,1048576,131071.82601928711,124.4140625,126.0,128.0,128.0,128.0,3.0,10.0,20.0,64.0,679.0,2249.0,5321.8299999999945,6253.0,0.31757164001464844,6.1064453125,203502,202648,202478,0.9991611069440607,1.2601072709133831,1.0
ShareGPT,64,23,262144,32768.15881347656,118.84375,121.0,124.0,126.0,126.0,2.0,11.0,22.0,64.0,128.5,642.7,1258.9299999999998,1542.0,0.3637046813964844,6.0234375,45936,45200,44920,0.9938053097345133,1.2786064113980409,1.0
ShareGPT,256,23,1048576,131072.5269165039,124.328125,126.0,128.0,128.0,128.0,3.0,10.0,18.0,64.0,702.0,2369.8000000000006,3720.08,4012.0,0.3142251968383789,3.91796875,204386,203529,203362,0.9991794781087707,1.2523873683382343,1.0
ShareGPT,64,24,262144,32767.909301757812,119.734375,123.0,125.0,126.37,127.0,2.0,11.0,23.0,64.0,124.5,749.1000000000001,1219.1699999999996,1883.0,0.3789825439453125,7.35546875,44749,44010,43728,0.9935923653715065,1.3346825832418587,2.0
ShareGPT,256,24,1048576,131071.66400146484,125.34765625,127.0,128.0,128.0,128.0,2.0,10.0,19.0,64.0,656.5,2614.8,3909.3999999999996,6065.0,0.32651233673095703,5.9228515625,201662,200791,200638,0.9992380136559905,1.2750475981618636,2.0
ShareGPT,64,25,262144,32767.703186035156,119.078125,121.0,124.0,126.37,127.0,2.0,11.0,21.0,59.0,145.0,618.5000000000002,1100.85,1575.0,0.3417778015136719,6.15234375,45891,45147,44877,0.994019536181806,1.2933573991131315,1.0
ShareGPT,256,25,1048576,131071.52337646484,124.66015625,126.0,128.0,128.0,128.0,2.0,10.0,18.0,59.0,648.0,2270.300000000001,4266.069999999996,5305.0,0.31805896759033203,5.1806640625,202773,201918,201749,0.9991630265751443,1.2647448066657083,1.0
ShareGPT,64,26,262144,32767.903442382812,118.5,121.0,123.0,124.0,124.0,2.0,11.0,24.0,63.0,119.0,687.5000000000002,1351.8999999999987,2086.0,0.38597869873046875,8.1484375,45839,45097,44832,0.9941237776348759,1.280290863668808,2.0
ShareGPT,256,26,1048576,131071.66271972656,123.65234375,125.0,127.0,128.0,128.0,2.0,10.0,20.0,63.0,625.5,2491.4000000000015,5055.629999999997,6818.0,0.3387928009033203,6.658203125,202163,201308,201141,0.9991704254177678,1.2610308191765975,1.0
ShareGPT,64,27,262144,32767.92724609375,120.109375,122.0,125.0,126.37,127.0,2.0,12.0,20.0,64.0,133.0,745.8000000000002,1213.9399999999996,1485.0,0.3721275329589844,5.80078125,46042,45280,45021,0.9942800353356891,1.2905755092068145,2.0
ShareGPT,256,27,1048576,131071.67626953125,125.26953125,127.0,128.0,128.0,128.0,2.0,11.0,18.0,64.0,616.0,2802.8,3882.77,4982.0,0.3240222930908203,4.865234375,202088,201243,201064,0.999110528068057,1.2715951139935542,2.0
ShareGPT,64,28,262144,32767.900024414062,119.53125,121.0,124.0,125.0,125.0,2.0,11.0,23.0,50.0,138.0,620.3000000000004,1339.7799999999997,1613.0,0.37017822265625,6.30078125,45815,45064,44804,0.9942304278359666,1.2803990715114721,1.0
ShareGPT,256,28,1048576,131071.49938964844,124.6328125,126.0,128.0,128.0,128.0,2.0,10.0,19.0,50.0,661.5,2388.1000000000004,4359.359999999999,5463.0,0.32663726806640625,5.3349609375,201352,200513,200328,0.999077366554787,1.2695329659358652,1.0
ShareGPT,64,29,262144,32767.964416503906,122.1875,123.0,126.0,126.37,127.0,2.0,11.0,19.0,58.0,124.5,643.4000000000001,1104.62,1257.0,0.33152008056640625,4.91015625,47467,46702,46455,0.9947111472742066,1.270261543429125,2.0
ShareGPT,256,29,1048576,131071.4521484375,125.45703125,126.0,128.0,128.0,128.0,3.0,10.0,17.0,58.0,644.5,2427.5,4112.269999999999,4734.0,0.3047828674316406,4.623046875,205608,204761,204584,0.9991355775758078,1.2503568216478318,1.0
ShareGPT,64,30,262144,32767.83740234375,123.859375,125.0,126.7,127.0,127.0,2.0,10.0,24.0,61.0,158.5,599.2000000000003,1500.7799999999997,1661.0,0.4015617370605469,6.48828125,49624,48836,48613,0.9954336964534359,1.2125974533560981,1.0
ShareGPT,256,30,1048576,131071.36877441406,126.15625,127.0,128.0,128.0,128.0,3.0,10.0,20.0,61.0,709.5,2335.8,4601.32,5643.0,0.34616565704345703,5.5107421875,210540,209680,209518,0.99922739412438,1.2174514838820532,1.0
ShareGPT,64,31,262144,32767.802734375,124.15625,125.0,127.0,127.0,127.0,2.0,11.0,21.0,48.0,160.0,653.0,1220.77,1626.0,0.3718223571777344,6.3515625,51447,50624,50442,0.9964048672566371,1.1631180365568377,1.0
ShareGPT,256,31,1048576,131071.63659667969,126.17578125,127.0,128.0,128.0,128.0,3.0,10.0,18.0,48.0,763.5,2515.0,3861.0099999999998,5337.0,0.31821441650390625,5.2119140625,216440,215564,215418,0.9993227069455011,1.1830626967105813,1.0
ShareGPT,64,32,262144,32767.909545898438,123.53125,125.0,126.0,127.0,127.0,2.0,10.0,23.0,63.0,169.5,607.0,1313.039999999999,2147.0,0.366943359375,8.38671875,50305,49495,49289,0.9958379634306496,1.2122177362088904,1.0
ShareGPT,256,32,1048576,131072.1688232422,125.8515625,126.0,128.0,128.0,128.0,3.0,10.0,18.0,63.0,765.5,2265.4,4629.619999999998,5602.0,0.3231849670410156,5.470703125,213502,212645,212478,0.9992146535305321,1.2056824706557856,1.0
ShareGPT,64,33,262144,32767.98223876953,122.4375,124.0,127.0,128.0,128.0,2.0,11.0,21.0,57.0,141.0,665.0,1186.54,1534.0,0.35839080810546875,5.9921875,47700,46906,46683,0.9952458107704771,1.265578476104792,1.0
ShareGPT,256,33,1048576,131071.27282714844,125.8203125,127.0,128.0,128.0,128.0,3.0,10.0,18.0,57.0,756.0,2421.600000000001,3947.1299999999987,5111.0,0.31707191467285156,4.9912109375,207862,206994,206841,0.9992608481405258,1.2354900624150917,1.0
ShareGPT,64,34,262144,32767.910888671875,120.484375,122.0,126.0,127.37,128.0,2.0,10.0,21.0,63.0,156.0,629.3000000000004,1121.1899999999991,1775.0,0.3566741943359375,6.93359375,46611,45832,45592,0.9947634840286262,1.2843481312510967,1.0
ShareGPT,256,34,1048576,131071.88745117188,125.2421875,127.0,128.0,128.0,128.0,3.0,10.0,18.0,63.0,747.0,2169.1000000000004,4017.0899999999997,5875.0,0.30400848388671875,5.7373046875,205640,204763,204617,0.999286980558011,1.248689014109287,1.0
ShareGPT,64,35,262144,32767.8154296875,120.625,123.0,126.0,126.0,126.0,2.0,11.0,20.0,63.0,144.5,618.7,1072.08,1516.0,0.3354911804199219,5.921875,46663,45901,45651,0.9945534955665454,1.2692383518433332,1.0
ShareGPT,256,35,1048576,131071.18939208984,124.6796875,126.0,127.0,128.0,128.0,3.0,10.0,17.0,63.0,730.5,2344.1000000000004,3801.2499999999995,4310.0,0.3073587417602539,4.208984375,206661,205796,205641,0.9992468269548485,1.2347975355109146,1.0
ShareGPT,64,36,262144,32767.978637695312,121.5,123.0,126.0,127.37,128.0,2.0,11.0,20.0,59.0,141.0,662.8000000000002,1071.31,1280.0,0.3454742431640625,5.0,46298,45532,45280,0.9944654309057366,1.2933966431095407,1.0
ShareGPT,256,36,1048576,131071.75109863281,125.671875,127.0,128.0,128.0,128.0,3.0,10.0,17.0,59.0,715.5,2501.0,3705.7899999999995,4241.0,0.30259037017822266,4.1416015625,205449,204572,204425,0.9992814265881939,1.2518380824263178,1.0
ShareGPT,64,37,262144,32767.890380859375,121.140625,123.0,126.0,127.0,127.0,2.0,10.0,19.0,53.0,161.0,602.0,1115.3199999999997,1467.0,0.30934906005859375,5.73046875,46830,46061,45828,0.994941490631988,1.2576154316138606,1.0
ShareGPT,256,37,1048576,131071.88757324219,125.46484375,127.0,128.0,128.0,128.0,3.0,10.0,16.0,53.0,745.5,2295.3,3714.62,4430.0,0.2783546447753906,4.326171875,206392,205520,205374,0.9992896068509147,1.2338806275380525,1.0
ShareGPT,64,38,262144,32767.802368164062,121.140625,123.0,125.0,126.74,128.0,2.0,10.0,23.0,52.0,146.0,617.7,1377.1899999999991,1799.0,0.3527793884277344,7.02734375,48041,47255,47027,0.9951751137445773,1.2389903672358433,1.0
ShareGPT,256,38,1048576,131071.66125488281,125.1796875,126.0,128.0,128.0,128.0,3.0,10.0,19.0,52.0,754.5,2256.3,4693.389999999999,6196.0,0.30562591552734375,6.05078125,210090,209217,209070,0.9992973802320079,1.2151336872817717,1.0
ShareGPT,64,39,262144,32767.858032226562,123.125,125.0,127.0,128.0,128.0,2.0,11.0,21.0,54.0,141.0,698.5000000000002,1209.62,1537.0,0.36969757080078125,6.00390625,47495,46709,46479,0.99507589543771,1.2618817100195787,1.0
ShareGPT,256,39,1048576,131071.44104003906,126.34375,127.0,128.0,128.0,128.0,3.0,10.0,18.0,54.0,652.0,2536.1000000000004,3878.8699999999976,5042.0,0.3169670104980469,4.923828125,208385,207508,207363,0.9993012317597394,1.2292839127520339,1.0
ShareGPT,64,40,262144,32767.863159179688,122.375,124.0,126.0,127.37,128.0,2.0,11.0,23.0,54.0,143.5,638.4000000000001,1362.5499999999997,1672.0,0.35561370849609375,6.53125,47129,46366,46130,0.9949100634085322,1.2478647301105572,1.0
ShareGPT,256,40,1048576,131071.69830322266,125.453125,126.0,128.0,128.0,128.0,3.0,10.0,19.0,54.0,736.5,2457.0,4579.86,5591.0,0.3120555877685547,5.4599609375,205675,204824,204666,0.9992286060227317,1.225938846706341,1.0
ShareGPT,64,41,262144,32767.752807617188,121.296875,122.0,125.0,127.0,127.0,2.0,11.0,19.0,52.0,133.0,649.7,1131.1599999999999,1332.0,0.3309745788574219,5.203125,47321,46546,46338,0.9955313023675504,1.226423237947257,1.0
ShareGPT,256,41,1048576,131071.4478149414,124.4375,125.0,127.0,128.0,128.0,3.0,10.0,17.0,52.0,637.0,2364.2000000000007,3977.279999999999,4707.0,0.2964468002319336,4.5966796875,204432,203582,203434,0.9992730202080734,1.2160848235791462,1.0
ShareGPT,64,42,262144,32767.725708007812,121.421875,123.0,126.0,127.0,127.0,2.0,11.0,21.0,44.0,137.0,685.4000000000001,1211.9299999999998,1664.0,0.34912872314453125,6.5,46997,46235,46016,0.9952633286471289,1.2278337969401947,1.0
ShareGPT,256,42,1048576,131071.56823730469,124.60546875,125.0,127.0,128.0,128.0,2.0,10.0,18.0,44.0,663.0,2535.5,4291.079999999998,5311.0,0.3073549270629883,5.1865234375,203162,202332,202166,0.9991795662574383,1.221021338899716,1.0
ShareGPT,64,43,262144,32767.73553466797,124.3125,125.0,127.7,128.0,128.0,2.0,11.0,25.0,54.0,118.0,670.4000000000001,1567.3299999999995,2154.0,0.3798942565917969,8.4140625,47722,46940,46732,0.9955688112484022,1.2494864332791236,1.0
ShareGPT,256,43,1048576,131071.64569091797,125.08984375,125.0,127.0,128.0,128.0,2.0,10.0,22.0,54.0,611.0,2416.3,5395.779999999991,7465.0,0.33855152130126953,7.2900390625,205456,204618,204463,0.9992424908854548,1.216586864127006,1.0
ShareGPT,64,44,262144,32767.888305664062,123.4375,124.0,126.0,127.0,127.0,2.0,11.0,24.0,44.0,112.0,707.0,1448.2899999999986,1863.0,0.3810768127441406,7.27734375,47562,46784,46579,0.9956181600547196,1.2489533910131174,2.0
ShareGPT,256,44,1048576,131071.68914794922,124.40234375,125.0,127.0,127.44999999999999,128.0,2.0,11.0,20.0,44.0,554.5,2569.8,4957.899999999991,5830.0,0.33278846740722656,5.693359375,203985,203159,202994,0.9991878282527479,1.2204744967831562,1.0
ShareGPT,64,45,262144,32767.843719482422,122.96875,124.0,125.0,126.0,126.0,2.0,11.0,23.0,51.0,126.5,701.0,1436.7899999999995,1817.0,0.3878021240234375,7.09765625,48129,47345,47150,0.9958812968634492,1.2233085896076352,1.0
ShareGPT,256,45,1048576,131071.13122558594,124.17578125,124.0,126.0,127.0,128.0,2.0,10.0,20.0,51.0,602.0,2553.0,4672.029999999999,5861.0,0.34429168701171875,5.7236328125,205119,204286,204123,0.9992020990180434,1.2107258858629355,1.0
ShareGPT,64,46,262144,32767.845794677734,122.671875,123.0,126.0,126.37,127.0,2.0,11.0,22.0,45.0,147.5,662.7,1174.9799999999987,1856.0,0.35959625244140625,7.25,48766,47980,47793,0.9961025427261359,1.2093402799573159,1.0
ShareGPT,256,46,1048576,131071.29779052734,123.9453125,124.0,126.0,127.0,127.0,3.0,10.0,18.0,45.0,704.0,2409.6000000000004,3924.4099999999994,6115.0,0.3172893524169922,5.9716796875,208659,207820,207677,0.9993119045327687,1.184632867385411,1.0
ShareGPT,64,47,262144,32767.713439941406,122.953125,124.0,125.0,126.0,126.0,2.0,11.0,18.0,32.0,121.0,721.7,953.54,1070.0,0.3205070495605469,4.1796875,48323,47539,47363,0.9962977765624014,1.219116187741486,2.0
ShareGPT,256,47,1048576,131071.42541503906,123.55078125,124.0,126.0,127.0,127.0,2.0,11.0,16.0,32.0,605.0,2589.4,3400.0899999999997,3628.0,0.29160594940185547,3.54296875,206790,205939,205825,0.9994464380229097,1.1787975221668894,1.0
