mode,batch,source_policy,policy,rank,component,seconds,calls,repeats,minimum,maximum
physical,4,random,random,0,admission_policy,0.06736495,3120,1,,
physical,4,random,random,0,admission_prep,0.057500764,3120,1,,
physical,4,random,random,0,cache_keys_on_rank,0.239243605,45632,1,,
physical,4,random,random,0,cache_mutation_and_bookkeeping,2.509675813,3120,1,,
physical,4,random,random,0,coverage_rank_and_victim,42.773487842,91264,1,,
physical,4,random,random,0,coverage_sync,4.94686538,45632,1,,
physical,4,random,random,0,coverage_sync_dispatch,0.950285353,45632,1,,
physical,4,random,random,0,diagnostic_accounting,6.168333049,45632,1,,
physical,4,random,random,0,effective_route_merge,0.257961003,3120,1,,
physical,4,random,random,0,eviction_candidates,1.157505503,45632,1,,
physical,4,random,random,0,eviction_choose,0.779575985,45632,1,,
physical,4,random,random,0,history,0.221484102,3120,1,,
physical,4,random,random,0,substitution,1.168589469,3120,1,,
physical,4,random,random,1,admission_policy,0.068230975,3120,1,,
physical,4,random,random,1,admission_prep,0.058165376,3120,1,,
physical,4,random,random,1,cache_keys_on_rank,0.24395338,45632,1,,
physical,4,random,random,1,cache_mutation_and_bookkeeping,2.496527127,3120,1,,
physical,4,random,random,1,coverage_rank_and_victim,43.041250717,91264,1,,
physical,4,random,random,1,coverage_sync,4.98170931,45632,1,,
physical,4,random,random,1,coverage_sync_dispatch,0.956854724,45632,1,,
physical,4,random,random,1,diagnostic_accounting,6.232863076,45632,1,,
physical,4,random,random,1,effective_route_merge,0.259283552,3120,1,,
physical,4,random,random,1,eviction_candidates,1.168727612,45632,1,,
physical,4,random,random,1,eviction_choose,0.763431534,45632,1,,
physical,4,random,random,1,history,0.216323154,3120,1,,
physical,4,random,random,1,substitution,1.169910419,3120,1,,
physical,4,random,random,2,admission_policy,0.066847806,3120,1,,
physical,4,random,random,2,admission_prep,0.058151388,3120,1,,
physical,4,random,random,2,cache_keys_on_rank,0.241414128,45632,1,,
physical,4,random,random,2,cache_mutation_and_bookkeeping,2.502539776,3120,1,,
physical,4,random,random,2,coverage_rank_and_victim,42.855918313,91264,1,,
physical,4,random,random,2,coverage_sync,4.93013043,45632,1,,
physical,4,random,random,2,coverage_sync_dispatch,0.940084168,45632,1,,
physical,4,random,random,2,diagnostic_accounting,6.160780461,45632,1,,
physical,4,random,random,2,effective_route_merge,0.260869511,3120,1,,
physical,4,random,random,2,eviction_candidates,1.162255437,45632,1,,
physical,4,random,random,2,eviction_choose,0.762027434,45632,1,,
physical,4,random,random,2,history,0.218798091,3120,1,,
physical,4,random,random,2,substitution,1.163684262,3120,1,,
physical,4,random,random,3,admission_policy,0.067698697,3120,1,,
physical,4,random,random,3,admission_prep,0.057607423,3120,1,,
physical,4,random,random,3,cache_keys_on_rank,0.238147014,45632,1,,
physical,4,random,random,3,cache_mutation_and_bookkeeping,2.481061795,3120,1,,
physical,4,random,random,3,coverage_rank_and_victim,42.397076034,91264,1,,
physical,4,random,random,3,coverage_sync,4.911543838,45632,1,,
physical,4,random,random,3,coverage_sync_dispatch,0.947221681,45632,1,,
physical,4,random,random,3,diagnostic_accounting,6.147322469,45632,1,,
physical,4,random,random,3,effective_route_merge,0.257773944,3120,1,,
physical,4,random,random,3,eviction_candidates,1.150405854,45632,1,,
physical,4,random,random,3,eviction_choose,0.755097749,45632,1,,
physical,4,random,random,3,history,0.21875537,3120,1,,
physical,4,random,random,3,substitution,1.164172177,3120,1,,
physical,4,hungarian_current,hungarian_current,0,admission_assignment,0.0377094,3120,1,,
physical,4,hungarian_current,hungarian_current,0,admission_cost_build,0.342381949,3120,1,,
physical,4,hungarian_current,hungarian_current,0,admission_policy,0.043340359,3120,1,,
physical,4,hungarian_current,hungarian_current,0,admission_prep,0.177386058,6240,1,,
physical,4,hungarian_current,hungarian_current,0,admission_result,0.014858529,3120,1,,
physical,4,hungarian_current,hungarian_current,0,cache_keys_on_rank,0.259244321,46527,1,,
physical,4,hungarian_current,hungarian_current,0,cache_mutation_and_bookkeeping,2.615603994,3120,1,,
physical,4,hungarian_current,hungarian_current,0,coverage_rank_and_victim,43.688552028,93054,1,,
physical,4,hungarian_current,hungarian_current,0,coverage_sync,5.034732236,46527,1,,
physical,4,hungarian_current,hungarian_current,0,coverage_sync_dispatch,0.968947111,46527,1,,
physical,4,hungarian_current,hungarian_current,0,diagnostic_accounting,6.250514054,46527,1,,
physical,4,hungarian_current,hungarian_current,0,effective_route_merge,0.257821636,3120,1,,
physical,4,hungarian_current,hungarian_current,0,eviction_candidates,1.223797456,46527,1,,
physical,4,hungarian_current,hungarian_current,0,eviction_choose,0.790108197,46527,1,,
physical,4,hungarian_current,hungarian_current,0,history,0.230530615,3120,1,,
physical,4,hungarian_current,hungarian_current,0,substitution,1.181468216,3120,1,,
physical,4,hungarian_current,hungarian_current,1,admission_assignment,0.037689206,3120,1,,
physical,4,hungarian_current,hungarian_current,1,admission_cost_build,0.345225002,3120,1,,
physical,4,hungarian_current,hungarian_current,1,admission_policy,0.043130636,3120,1,,
physical,4,hungarian_current,hungarian_current,1,admission_prep,0.175837264,6240,1,,
physical,4,hungarian_current,hungarian_current,1,admission_result,0.014616091,3120,1,,
physical,4,hungarian_current,hungarian_current,1,cache_keys_on_rank,0.269066111,46527,1,,
physical,4,hungarian_current,hungarian_current,1,cache_mutation_and_bookkeeping,2.613703279,3120,1,,
physical,4,hungarian_current,hungarian_current,1,coverage_rank_and_victim,44.11646681,93054,1,,
physical,4,hungarian_current,hungarian_current,1,coverage_sync,5.03194303,46527,1,,
physical,4,hungarian_current,hungarian_current,1,coverage_sync_dispatch,0.978753928,46527,1,,
physical,4,hungarian_current,hungarian_current,1,diagnostic_accounting,6.313690913,46527,1,,
physical,4,hungarian_current,hungarian_current,1,effective_route_merge,0.264436536,3120,1,,
physical,4,hungarian_current,hungarian_current,1,eviction_candidates,1.234291783,46527,1,,
physical,4,hungarian_current,hungarian_current,1,eviction_choose,0.783202145,46527,1,,
physical,4,hungarian_current,hungarian_current,1,history,0.222481335,3120,1,,
physical,4,hungarian_current,hungarian_current,1,substitution,1.175732374,3120,1,,
physical,4,hungarian_current,hungarian_current,2,admission_assignment,0.037608506,3120,1,,
physical,4,hungarian_current,hungarian_current,2,admission_cost_build,0.341383398,3120,1,,
physical,4,hungarian_current,hungarian_current,2,admission_policy,0.041998134,3120,1,,
physical,4,hungarian_current,hungarian_current,2,admission_prep,0.175149074,6240,1,,
physical,4,hungarian_current,hungarian_current,2,admission_result,0.014411563,3120,1,,
physical,4,hungarian_current,hungarian_current,2,cache_keys_on_rank,0.262097475,46527,1,,
physical,4,hungarian_current,hungarian_current,2,cache_mutation_and_bookkeeping,2.567055972,3120,1,,
physical,4,hungarian_current,hungarian_current,2,coverage_rank_and_victim,43.292784462,93054,1,,
physical,4,hungarian_current,hungarian_current,2,coverage_sync,4.934435624,46527,1,,
physical,4,hungarian_current,hungarian_current,2,coverage_sync_dispatch,0.95396022,46527,1,,
physical,4,hungarian_current,hungarian_current,2,diagnostic_accounting,6.187359483,46527,1,,
physical,4,hungarian_current,hungarian_current,2,effective_route_merge,0.258848433,3120,1,,
physical,4,hungarian_current,hungarian_current,2,eviction_candidates,1.21668253,46527,1,,
physical,4,hungarian_current,hungarian_current,2,eviction_choose,0.771340003,46527,1,,
physical,4,hungarian_current,hungarian_current,2,history,0.226060419,3120,1,,
physical,4,hungarian_current,hungarian_current,2,substitution,1.170755993,3120,1,,
physical,4,hungarian_current,hungarian_current,3,admission_assignment,0.037614509,3120,1,,
physical,4,hungarian_current,hungarian_current,3,admission_cost_build,0.341817723,3120,1,,
physical,4,hungarian_current,hungarian_current,3,admission_policy,0.040546556,3120,1,,
physical,4,hungarian_current,hungarian_current,3,admission_prep,0.174677845,6240,1,,
physical,4,hungarian_current,hungarian_current,3,admission_result,0.014137128,3120,1,,
physical,4,hungarian_current,hungarian_current,3,cache_keys_on_rank,0.27735908,46527,1,,
physical,4,hungarian_current,hungarian_current,3,cache_mutation_and_bookkeeping,2.603414,3120,1,,
physical,4,hungarian_current,hungarian_current,3,coverage_rank_and_victim,43.720073317,93054,1,,
physical,4,hungarian_current,hungarian_current,3,coverage_sync,5.009474489,46527,1,,
physical,4,hungarian_current,hungarian_current,3,coverage_sync_dispatch,0.978599513,46527,1,,
physical,4,hungarian_current,hungarian_current,3,diagnostic_accounting,6.282030227,46527,1,,
physical,4,hungarian_current,hungarian_current,3,effective_route_merge,0.258004855,3120,1,,
physical,4,hungarian_current,hungarian_current,3,eviction_candidates,1.213172404,46527,1,,
physical,4,hungarian_current,hungarian_current,3,eviction_choose,0.77605416,46527,1,,
physical,4,hungarian_current,hungarian_current,3,history,0.228221169,3120,1,,
physical,4,hungarian_current,hungarian_current,3,substitution,1.179976848,3120,1,,
replay,4,random,random,single_process,admission_policy,0.064966024,,5,0.064114452,0.075323376
replay,4,random,random,single_process,admission_prep,0.056806785,,5,0.056247023,0.073452523
replay,4,random,random,single_process,cache_keys_on_rank,0.225152077,,5,0.222177839,0.281179062
replay,4,random,random,single_process,cache_mutation_and_bookkeeping,2.362464202,,5,2.341202336,3.050828971
replay,4,random,random,single_process,coverage_rank_and_victim,41.966223947,,5,41.390560779,54.934441889
replay,4,random,random,single_process,coverage_sync,4.726715827,,5,4.669531925,5.940988963
replay,4,random,random,single_process,coverage_sync_dispatch,0.921772237,,5,0.915785872,1.159062189
replay,4,random,random,single_process,diagnostic_accounting,6.009252788,,5,5.975650236,7.265714172
replay,4,random,random,single_process,effective_route_merge,0.25214934,,5,0.250775253,0.333317056
replay,4,random,random,single_process,eviction_candidates,1.097969824,,5,1.092637352,1.369040956
replay,4,random,random,single_process,eviction_choose,0.734132225,,5,0.730273948,1.033486051
replay,4,random,random,single_process,history,0.20294936,,5,0.198705304,0.258521048
replay,4,random,random,single_process,substitution,1.000777385,,5,0.991788862,1.293366715
replay,4,random,hungarian_current,single_process,admission_assignment,0.036451353,,5,0.036200757,0.040602054
replay,4,random,hungarian_current,single_process,admission_cost_build,0.326821852,,5,0.325129553,0.391729784
replay,4,random,hungarian_current,single_process,admission_policy,0.03867462,,5,0.038264078,0.04651126
replay,4,random,hungarian_current,single_process,admission_prep,0.170513419,,5,0.169689105,0.193530556
replay,4,random,hungarian_current,single_process,admission_result,0.012437892,,5,0.012337625,0.014200593
replay,4,random,hungarian_current,single_process,cache_keys_on_rank,0.22515819,,5,0.220162334,0.263167844
replay,4,random,hungarian_current,single_process,cache_mutation_and_bookkeeping,2.387422818,,5,2.362278171,2.887719858
replay,4,random,hungarian_current,single_process,coverage_rank_and_victim,41.555785347,,5,41.291507613,49.005441138
replay,4,random,hungarian_current,single_process,coverage_sync,4.716442401,,5,4.672879822,5.597448979
replay,4,random,hungarian_current,single_process,coverage_sync_dispatch,0.920864729,,5,0.910964582,1.07760602
replay,4,random,hungarian_current,single_process,diagnostic_accounting,6.015623996,,5,5.977109412,6.824211642
replay,4,random,hungarian_current,single_process,effective_route_merge,0.25246733,,5,0.251038956,0.290612392
replay,4,random,hungarian_current,single_process,eviction_candidates,1.104810755,,5,1.081120671,1.292228356
replay,4,random,hungarian_current,single_process,eviction_choose,0.73774496,,5,0.717356948,0.955294769
replay,4,random,hungarian_current,single_process,history,0.204399017,,5,0.201030037,0.243374028
replay,4,random,hungarian_current,single_process,substitution,0.997460078,,5,0.99354176,1.195443914
replay,4,hungarian_current,random,single_process,admission_policy,0.064365104,,5,0.064118301,0.065391416
replay,4,hungarian_current,random,single_process,admission_prep,0.057003009,,5,0.05679219,0.059662129
replay,4,hungarian_current,random,single_process,cache_keys_on_rank,0.227577786,,5,0.223507429,0.240107839
replay,4,hungarian_current,random,single_process,cache_mutation_and_bookkeeping,2.435674112,,5,2.412179319,2.518914697
replay,4,hungarian_current,random,single_process,coverage_rank_and_victim,42.778225521,,5,42.574730664,43.090928076
replay,4,hungarian_current,random,single_process,coverage_sync,4.770569404,,5,4.752853145,4.943758005
replay,4,hungarian_current,random,single_process,coverage_sync_dispatch,0.934125791,,5,0.93047027,0.955845023
replay,4,hungarian_current,random,single_process,diagnostic_accounting,6.054403307,,5,6.03938375,6.150069618
replay,4,hungarian_current,random,single_process,effective_route_merge,0.252855617,,5,0.251443033,0.253910923
replay,4,hungarian_current,random,single_process,eviction_candidates,1.126600961,,5,1.116253001,1.193553401
replay,4,hungarian_current,random,single_process,eviction_choose,0.73192588,,5,0.728507763,0.758633283
replay,4,hungarian_current,random,single_process,history,0.204105076,,5,0.203929725,0.222960273
replay,4,hungarian_current,random,single_process,substitution,1.012364116,,5,1.006916183,1.057127901
replay,4,hungarian_current,hungarian_current,single_process,admission_assignment,0.036103757,,5,0.035383072,0.041408822
replay,4,hungarian_current,hungarian_current,single_process,admission_cost_build,0.327972972,,5,0.325011729,0.363997499
replay,4,hungarian_current,hungarian_current,single_process,admission_policy,0.038386814,,5,0.038115268,0.045817561
replay,4,hungarian_current,hungarian_current,single_process,admission_prep,0.171778692,,5,0.170705674,0.195053599
replay,4,hungarian_current,hungarian_current,single_process,admission_result,0.012592173,,5,0.012411591,0.014686996
replay,4,hungarian_current,hungarian_current,single_process,cache_keys_on_rank,0.22496168,,5,0.223405229,0.276094868
replay,4,hungarian_current,hungarian_current,single_process,cache_mutation_and_bookkeeping,2.456616412,,5,2.435300459,3.111730909
replay,4,hungarian_current,hungarian_current,single_process,coverage_rank_and_victim,42.585760273,,5,42.398757498,51.926118529
replay,4,hungarian_current,hungarian_current,single_process,coverage_sync,4.777388798,,5,4.745627396,5.910470735
replay,4,hungarian_current,hungarian_current,single_process,coverage_sync_dispatch,0.931794485,,5,0.929772832,1.147945817
replay,4,hungarian_current,hungarian_current,single_process,diagnostic_accounting,6.050000163,,5,6.041277877,7.147364363
replay,4,hungarian_current,hungarian_current,single_process,effective_route_merge,0.254433966,,5,0.250304264,0.280657645
replay,4,hungarian_current,hungarian_current,single_process,eviction_candidates,1.130199396,,5,1.118307129,1.362538863
replay,4,hungarian_current,hungarian_current,single_process,eviction_choose,0.742802473,,5,0.731923677,1.048205439
replay,4,hungarian_current,hungarian_current,single_process,history,0.204711477,,5,0.202723144,0.254439809
replay,4,hungarian_current,hungarian_current,single_process,substitution,1.018203687,,5,1.004693878,1.251259706
physical,8,random,random,0,admission_policy,0.085025166,3120,1,,
physical,8,random,random,0,admission_prep,0.067905406,3120,1,,
physical,8,random,random,0,cache_keys_on_rank,0.37036709,68131,1,,
physical,8,random,random,0,cache_mutation_and_bookkeeping,3.133590077,3120,1,,
physical,8,random,random,0,coverage_rank_and_victim,65.73679628,136262,1,,
physical,8,random,random,0,coverage_sync,7.453699162,68131,1,,
physical,8,random,random,0,coverage_sync_dispatch,1.432735301,68131,1,,
physical,8,random,random,0,diagnostic_accounting,9.306817573,68131,1,,
physical,8,random,random,0,effective_route_merge,0.524260955,3120,1,,
physical,8,random,random,0,eviction_candidates,1.886449152,68131,1,,
physical,8,random,random,0,eviction_choose,1.169762688,68131,1,,
physical,8,random,random,0,history,0.376336532,3120,1,,
physical,8,random,random,0,substitution,1.708608262,3120,1,,
physical,8,random,random,1,admission_policy,0.085205516,3120,1,,
physical,8,random,random,1,admission_prep,0.067371872,3120,1,,
physical,8,random,random,1,cache_keys_on_rank,0.364931964,68131,1,,
physical,8,random,random,1,cache_mutation_and_bookkeeping,3.112653462,3120,1,,
physical,8,random,random,1,coverage_rank_and_victim,65.527651022,136262,1,,
physical,8,random,random,1,coverage_sync,7.453888636,68131,1,,
physical,8,random,random,1,coverage_sync_dispatch,1.430821851,68131,1,,
physical,8,random,random,1,diagnostic_accounting,9.280698377,68131,1,,
physical,8,random,random,1,effective_route_merge,0.816682646,3120,1,,
physical,8,random,random,1,eviction_candidates,1.87293903,68131,1,,
physical,8,random,random,1,eviction_choose,1.139303966,68131,1,,
physical,8,random,random,1,history,0.370777868,3120,1,,
physical,8,random,random,1,substitution,1.672503176,3120,1,,
physical,8,random,random,2,admission_policy,0.083257058,3120,1,,
physical,8,random,random,2,admission_prep,0.06717671,3120,1,,
physical,8,random,random,2,cache_keys_on_rank,0.368893806,68131,1,,
physical,8,random,random,2,cache_mutation_and_bookkeeping,3.096726523,3120,1,,
physical,8,random,random,2,coverage_rank_and_victim,65.225978165,136262,1,,
physical,8,random,random,2,coverage_sync,7.367723444,68131,1,,
physical,8,random,random,2,coverage_sync_dispatch,1.41554356,68131,1,,
physical,8,random,random,2,diagnostic_accounting,9.228685387,68131,1,,
physical,8,random,random,2,effective_route_merge,0.505308375,3120,1,,
physical,8,random,random,2,eviction_candidates,1.85821612,68131,1,,
physical,8,random,random,2,eviction_choose,1.157784695,68131,1,,
physical,8,random,random,2,history,0.373974316,3120,1,,
physical,8,random,random,2,substitution,1.666781478,3120,1,,
physical,8,random,random,3,admission_policy,0.0853841,3120,1,,
physical,8,random,random,3,admission_prep,0.067107187,3120,1,,
physical,8,random,random,3,cache_keys_on_rank,0.364493115,68131,1,,
physical,8,random,random,3,cache_mutation_and_bookkeeping,3.127233927,3120,1,,
physical,8,random,random,3,coverage_rank_and_victim,65.47223499,136262,1,,
physical,8,random,random,3,coverage_sync,7.383730535,68131,1,,
physical,8,random,random,3,coverage_sync_dispatch,1.438755371,68131,1,,
physical,8,random,random,3,diagnostic_accounting,9.307113863,68131,1,,
physical,8,random,random,3,effective_route_merge,0.515724468,3120,1,,
physical,8,random,random,3,eviction_candidates,1.885321239,68131,1,,
physical,8,random,random,3,eviction_choose,1.132179178,68131,1,,
physical,8,random,random,3,history,0.371701144,3120,1,,
physical,8,random,random,3,substitution,1.702508153,3120,1,,
physical,8,hungarian_current,hungarian_current,0,admission_assignment,0.051854221,3119,1,,
physical,8,hungarian_current,hungarian_current,0,admission_cost_build,0.612647304,3119,1,,
physical,8,hungarian_current,hungarian_current,0,admission_policy,0.051319368,3120,1,,
physical,8,hungarian_current,hungarian_current,0,admission_prep,0.27814873,6240,1,,
physical,8,hungarian_current,hungarian_current,0,admission_result,0.018111069,3119,1,,
physical,8,hungarian_current,hungarian_current,0,cache_keys_on_rank,0.352517507,64117,1,,
physical,8,hungarian_current,hungarian_current,0,cache_mutation_and_bookkeeping,3.241480721,3120,1,,
physical,8,hungarian_current,hungarian_current,0,coverage_rank_and_victim,64.610495902,128234,1,,
physical,8,hungarian_current,hungarian_current,0,coverage_sync,7.294319702,64117,1,,
physical,8,hungarian_current,hungarian_current,0,coverage_sync_dispatch,1.404937702,64117,1,,
physical,8,hungarian_current,hungarian_current,0,diagnostic_accounting,9.041988156,64117,1,,
physical,8,hungarian_current,hungarian_current,0,effective_route_merge,0.515469665,3120,1,,
physical,8,hungarian_current,hungarian_current,0,eviction_candidates,1.818544702,64117,1,,
physical,8,hungarian_current,hungarian_current,0,eviction_choose,1.198589349,64117,1,,
physical,8,hungarian_current,hungarian_current,0,history,0.39168538,3120,1,,
physical,8,hungarian_current,hungarian_current,0,substitution,1.681711462,3120,1,,
physical,8,hungarian_current,hungarian_current,1,admission_assignment,0.050344507,3119,1,,
physical,8,hungarian_current,hungarian_current,1,admission_cost_build,0.600457226,3119,1,,
physical,8,hungarian_current,hungarian_current,1,admission_policy,0.04864757,3120,1,,
physical,8,hungarian_current,hungarian_current,1,admission_prep,0.268533583,6240,1,,
physical,8,hungarian_current,hungarian_current,1,admission_result,0.017274215,3119,1,,
physical,8,hungarian_current,hungarian_current,1,cache_keys_on_rank,0.35589414,64117,1,,
physical,8,hungarian_current,hungarian_current,1,cache_mutation_and_bookkeeping,3.049100748,3120,1,,
physical,8,hungarian_current,hungarian_current,1,coverage_rank_and_victim,61.63022093,128234,1,,
physical,8,hungarian_current,hungarian_current,1,coverage_sync,6.931078108,64117,1,,
physical,8,hungarian_current,hungarian_current,1,coverage_sync_dispatch,1.346603498,64117,1,,
physical,8,hungarian_current,hungarian_current,1,diagnostic_accounting,8.723032567,64117,1,,
physical,8,hungarian_current,hungarian_current,1,effective_route_merge,0.75424798,3120,1,,
physical,8,hungarian_current,hungarian_current,1,eviction_candidates,1.737458903,64117,1,,
physical,8,hungarian_current,hungarian_current,1,eviction_choose,1.06954866,64117,1,,
physical,8,hungarian_current,hungarian_current,1,history,0.371787647,3120,1,,
physical,8,hungarian_current,hungarian_current,1,substitution,1.621672914,3120,1,,
physical,8,hungarian_current,hungarian_current,2,admission_assignment,0.051098537,3119,1,,
physical,8,hungarian_current,hungarian_current,2,admission_cost_build,0.596980693,3119,1,,
physical,8,hungarian_current,hungarian_current,2,admission_policy,0.049272264,3120,1,,
physical,8,hungarian_current,hungarian_current,2,admission_prep,0.270086514,6240,1,,
physical,8,hungarian_current,hungarian_current,2,admission_result,0.016739856,3119,1,,
physical,8,hungarian_current,hungarian_current,2,cache_keys_on_rank,0.343706652,64117,1,,
physical,8,hungarian_current,hungarian_current,2,cache_mutation_and_bookkeeping,3.025423007,3120,1,,
physical,8,hungarian_current,hungarian_current,2,coverage_rank_and_victim,61.07326238,128234,1,,
physical,8,hungarian_current,hungarian_current,2,coverage_sync,6.91464054,64117,1,,
physical,8,hungarian_current,hungarian_current,2,coverage_sync_dispatch,1.334808033,64117,1,,
physical,8,hungarian_current,hungarian_current,2,diagnostic_accounting,8.678273961,64117,1,,
physical,8,hungarian_current,hungarian_current,2,effective_route_merge,0.503157265,3120,1,,
physical,8,hungarian_current,hungarian_current,2,eviction_candidates,1.740723763,64117,1,,
physical,8,hungarian_current,hungarian_current,2,eviction_choose,1.082785647,64117,1,,
physical,8,hungarian_current,hungarian_current,2,history,0.369341959,3120,1,,
physical,8,hungarian_current,hungarian_current,2,substitution,1.613711336,3120,1,,
physical,8,hungarian_current,hungarian_current,3,admission_assignment,0.051653663,3119,1,,
physical,8,hungarian_current,hungarian_current,3,admission_cost_build,0.613712804,3119,1,,
physical,8,hungarian_current,hungarian_current,3,admission_policy,0.048473542,3120,1,,
physical,8,hungarian_current,hungarian_current,3,admission_prep,0.276002904,6240,1,,
physical,8,hungarian_current,hungarian_current,3,admission_result,0.017116209,3119,1,,
physical,8,hungarian_current,hungarian_current,3,cache_keys_on_rank,0.353689857,64117,1,,
physical,8,hungarian_current,hungarian_current,3,cache_mutation_and_bookkeeping,3.141859609,3120,1,,
physical,8,hungarian_current,hungarian_current,3,coverage_rank_and_victim,63.218592265,128234,1,,
physical,8,hungarian_current,hungarian_current,3,coverage_sync,7.108307777,64117,1,,
physical,8,hungarian_current,hungarian_current,3,coverage_sync_dispatch,1.39758898,64117,1,,
physical,8,hungarian_current,hungarian_current,3,diagnostic_accounting,8.905969068,64117,1,,
physical,8,hungarian_current,hungarian_current,3,effective_route_merge,0.516103967,3120,1,,
physical,8,hungarian_current,hungarian_current,3,eviction_candidates,1.78797659,64117,1,,
physical,8,hungarian_current,hungarian_current,3,eviction_choose,1.136853402,64117,1,,
physical,8,hungarian_current,hungarian_current,3,history,0.376634231,3120,1,,
physical,8,hungarian_current,hungarian_current,3,substitution,1.675383579,3120,1,,
replay,8,random,random,single_process,admission_policy,0.078658723,,5,0.078083248,0.079315371
replay,8,random,random,single_process,admission_prep,0.066362482,,5,0.065192657,0.06743935
replay,8,random,random,single_process,cache_keys_on_rank,0.325392971,,5,0.32217399,0.333462698
replay,8,random,random,single_process,cache_mutation_and_bookkeeping,2.855351107,,5,2.810743978,2.896756807
replay,8,random,random,single_process,coverage_rank_and_victim,63.617198048,,5,62.49860584,64.083198153
replay,8,random,random,single_process,coverage_sync,6.989250152,,5,6.918998738,7.135332914
replay,8,random,random,single_process,coverage_sync_dispatch,1.381991487,,5,1.372005372,1.388512445
replay,8,random,random,single_process,diagnostic_accounting,9.030530567,,5,8.918682852,9.041823443
replay,8,random,random,single_process,effective_route_merge,0.491968065,,5,0.488056235,0.510548392
replay,8,random,random,single_process,eviction_candidates,1.702440888,,5,1.687363055,1.760097685
replay,8,random,random,single_process,eviction_choose,1.121104696,,5,1.087010206,1.129458806
replay,8,random,random,single_process,history,0.330273493,,5,0.325295296,0.345538491
replay,8,random,random,single_process,substitution,1.494684889,,5,1.468205348,1.519519402
replay,8,random,hungarian_current,single_process,admission_assignment,0.051519482,,5,0.0508978,0.053170792
replay,8,random,hungarian_current,single_process,admission_cost_build,0.594507095,,5,0.583038717,0.599942592
replay,8,random,hungarian_current,single_process,admission_policy,0.045954501,,5,0.045718802,0.048729905
replay,8,random,hungarian_current,single_process,admission_prep,0.260859051,,5,0.258578196,0.263736341
replay,8,random,hungarian_current,single_process,admission_result,0.014859969,,5,0.014699052,0.015223791
replay,8,random,hungarian_current,single_process,cache_keys_on_rank,0.328308543,,5,0.31988186,0.343687169
replay,8,random,hungarian_current,single_process,cache_mutation_and_bookkeeping,2.889853766,,5,2.864396809,2.976010297
replay,8,random,hungarian_current,single_process,coverage_rank_and_victim,62.642564198,,5,61.679625434,64.295348551
replay,8,random,hungarian_current,single_process,coverage_sync,6.97670433,,5,6.835630171,7.144877981
replay,8,random,hungarian_current,single_process,coverage_sync_dispatch,1.378442983,,5,1.359998937,1.399679019
replay,8,random,hungarian_current,single_process,diagnostic_accounting,8.940066943,,5,8.86128412,9.068662065
replay,8,random,hungarian_current,single_process,effective_route_merge,0.491646789,,5,0.484970403,0.494897162
replay,8,random,hungarian_current,single_process,eviction_candidates,1.713045144,,5,1.670642446,1.777197914
replay,8,random,hungarian_current,single_process,eviction_choose,1.107245342,,5,1.076949184,1.146720444
replay,8,random,hungarian_current,single_process,history,0.328326161,,5,0.322799602,0.351989159
replay,8,random,hungarian_current,single_process,substitution,1.477310201,,5,1.454913881,1.52633394
replay,8,hungarian_current,random,single_process,admission_policy,0.076402259,,5,0.07393055,0.077512356
replay,8,hungarian_current,random,single_process,admission_prep,0.065211412,,5,0.062257796,0.066547055
replay,8,hungarian_current,random,single_process,cache_keys_on_rank,0.31820829,,5,0.296963971,0.328863235
replay,8,hungarian_current,random,single_process,cache_mutation_and_bookkeeping,2.890711191,,5,2.682930897,2.917045174
replay,8,hungarian_current,random,single_process,coverage_rank_and_victim,60.381790935,,5,57.949543025,60.726267462
replay,8,hungarian_current,random,single_process,coverage_sync,6.770051152,,5,6.351818111,6.84356988
replay,8,hungarian_current,random,single_process,coverage_sync_dispatch,1.309904041,,5,1.267841934,1.32185047
replay,8,hungarian_current,random,single_process,diagnostic_accounting,8.5417395,,5,8.274930184,8.599757841
replay,8,hungarian_current,random,single_process,effective_route_merge,0.492011368,,5,0.483392815,0.511265416
replay,8,hungarian_current,random,single_process,eviction_candidates,1.63407556,,5,1.551855353,1.691596577
replay,8,hungarian_current,random,single_process,eviction_choose,1.056533766,,5,1.010938061,1.086001267
replay,8,hungarian_current,random,single_process,history,0.34842136,,5,0.312518586,0.358409912
replay,8,hungarian_current,random,single_process,substitution,1.449067249,,5,1.379229545,1.472263124
replay,8,hungarian_current,hungarian_current,single_process,admission_assignment,0.048359795,,5,0.045834053,0.051707957
replay,8,hungarian_current,hungarian_current,single_process,admission_cost_build,0.583746547,,5,0.57252322,0.62080465
replay,8,hungarian_current,hungarian_current,single_process,admission_policy,0.046998657,,5,0.04601993,0.050020831
replay,8,hungarian_current,hungarian_current,single_process,admission_prep,0.261374016,,5,0.258606944,0.277733124
replay,8,hungarian_current,hungarian_current,single_process,admission_result,0.014511444,,5,0.014001707,0.015617805
replay,8,hungarian_current,hungarian_current,single_process,cache_keys_on_rank,0.306778185,,5,0.299384562,0.342445445
replay,8,hungarian_current,hungarian_current,single_process,cache_mutation_and_bookkeeping,2.846028215,,5,2.71608197,3.021154647
replay,8,hungarian_current,hungarian_current,single_process,coverage_rank_and_victim,59.56677622,,5,58.056526497,61.680744055
replay,8,hungarian_current,hungarian_current,single_process,coverage_sync,6.718432965,,5,6.316399202,7.038829391
replay,8,hungarian_current,hungarian_current,single_process,coverage_sync_dispatch,1.30360749,,5,1.276805679,1.355126926
replay,8,hungarian_current,hungarian_current,single_process,diagnostic_accounting,8.493911379,,5,8.273955029,8.749957155
replay,8,hungarian_current,hungarian_current,single_process,effective_route_merge,0.494970738,,5,0.486590711,0.529249451
replay,8,hungarian_current,hungarian_current,single_process,eviction_candidates,1.621493021,,5,1.561239571,1.719985644
replay,8,hungarian_current,hungarian_current,single_process,eviction_choose,1.046414398,,5,1.016376466,1.111446159
replay,8,hungarian_current,hungarian_current,single_process,history,0.337950081,,5,0.312922099,0.373730078
replay,8,hungarian_current,hungarian_current,single_process,substitution,1.434219989,,5,1.402721793,1.535714353
physical,16,random,random,0,admission_policy,0.099392874,3120,1,,
physical,16,random,random,0,admission_prep,0.071915992,3120,1,,
physical,16,random,random,0,cache_keys_on_rank,0.507650348,92791,1,,
physical,16,random,random,0,cache_mutation_and_bookkeeping,3.650702266,3120,1,,
physical,16,random,random,0,coverage_rank_and_victim,88.754946709,185582,1,,
physical,16,random,random,0,coverage_sync,10.110376576,92791,1,,
physical,16,random,random,0,coverage_sync_dispatch,1.93236997,92791,1,,
physical,16,random,random,0,diagnostic_accounting,12.569274979,92791,1,,
physical,16,random,random,0,effective_route_merge,1.185207695,3120,1,,
physical,16,random,random,0,eviction_candidates,2.510576239,92791,1,,
physical,16,random,random,0,eviction_choose,1.575721141,92791,1,,
physical,16,random,random,0,history,0.64361742,3120,1,,
physical,16,random,random,0,substitution,2.299025175,3120,1,,
physical,16,random,random,1,admission_policy,0.104720783,3120,1,,
physical,16,random,random,1,admission_prep,0.074626036,3120,1,,
physical,16,random,random,1,cache_keys_on_rank,0.523269424,92791,1,,
physical,16,random,random,1,cache_mutation_and_bookkeeping,3.730509486,3120,1,,
physical,16,random,random,1,coverage_rank_and_victim,93.655286873,185582,1,,
physical,16,random,random,1,coverage_sync,10.291977113,92791,1,,
physical,16,random,random,1,coverage_sync_dispatch,1.982937922,92791,1,,
physical,16,random,random,1,diagnostic_accounting,12.898940305,92791,1,,
physical,16,random,random,1,effective_route_merge,0.990390185,3120,1,,
physical,16,random,random,1,eviction_candidates,2.564264647,92791,1,,
physical,16,random,random,1,eviction_choose,1.598087169,92791,1,,
physical,16,random,random,1,history,0.677731633,3120,1,,
physical,16,random,random,1,substitution,2.429464824,3120,1,,
physical,16,random,random,2,admission_policy,0.100226762,3120,1,,
physical,16,random,random,2,admission_prep,0.07288023,3120,1,,
physical,16,random,random,2,cache_keys_on_rank,0.526196599,92791,1,,
physical,16,random,random,2,cache_mutation_and_bookkeeping,3.643866403,3120,1,,
physical,16,random,random,2,coverage_rank_and_victim,88.136809148,185582,1,,
physical,16,random,random,2,coverage_sync,9.914300652,92791,1,,
physical,16,random,random,2,coverage_sync_dispatch,1.900058826,92791,1,,
physical,16,random,random,2,diagnostic_accounting,12.404730623,92791,1,,
physical,16,random,random,2,effective_route_merge,0.973447297,3120,1,,
physical,16,random,random,2,eviction_candidates,2.505140228,92791,1,,
physical,16,random,random,2,eviction_choose,1.537423103,92791,1,,
physical,16,random,random,2,history,0.652929447,3120,1,,
physical,16,random,random,2,substitution,2.296058801,3120,1,,
physical,16,random,random,3,admission_policy,0.101315467,3120,1,,
physical,16,random,random,3,admission_prep,0.072189034,3120,1,,
physical,16,random,random,3,cache_keys_on_rank,0.505804192,92791,1,,
physical,16,random,random,3,cache_mutation_and_bookkeeping,3.632378237,3120,1,,
physical,16,random,random,3,coverage_rank_and_victim,88.297275068,185582,1,,
physical,16,random,random,3,coverage_sync,10.023574519,92791,1,,
physical,16,random,random,3,coverage_sync_dispatch,1.938680133,92791,1,,
physical,16,random,random,3,diagnostic_accounting,12.542659043,92791,1,,
physical,16,random,random,3,effective_route_merge,0.948109095,3120,1,,
physical,16,random,random,3,eviction_candidates,2.506930968,92791,1,,
physical,16,random,random,3,eviction_choose,1.538718153,92791,1,,
physical,16,random,random,3,history,0.646012422,3120,1,,
physical,16,random,random,3,substitution,2.309396085,3120,1,,
physical,16,hungarian_current,hungarian_current,0,admission_assignment,0.081923046,3120,1,,
physical,16,hungarian_current,hungarian_current,0,admission_cost_build,1.132823947,3120,1,,
physical,16,hungarian_current,hungarian_current,0,admission_policy,0.06379948,3120,1,,
physical,16,hungarian_current,hungarian_current,0,admission_prep,0.454920746,6240,1,,
physical,16,hungarian_current,hungarian_current,0,admission_result,0.022117447,3120,1,,
physical,16,hungarian_current,hungarian_current,0,cache_keys_on_rank,0.545057137,94024,1,,
physical,16,hungarian_current,hungarian_current,0,cache_mutation_and_bookkeeping,4.0543451,3120,1,,
physical,16,hungarian_current,hungarian_current,0,coverage_rank_and_victim,97.765266449,188048,1,,
physical,16,hungarian_current,hungarian_current,0,coverage_sync,11.06856292,94024,1,,
physical,16,hungarian_current,hungarian_current,0,coverage_sync_dispatch,2.134043202,94024,1,,
physical,16,hungarian_current,hungarian_current,0,diagnostic_accounting,13.635866561,94024,1,,
physical,16,hungarian_current,hungarian_current,0,effective_route_merge,0.984637934,3120,1,,
physical,16,hungarian_current,hungarian_current,0,eviction_candidates,2.696915213,94024,1,,
physical,16,hungarian_current,hungarian_current,0,eviction_choose,1.828209296,94024,1,,
physical,16,hungarian_current,hungarian_current,0,history,0.687136652,3120,1,,
physical,16,hungarian_current,hungarian_current,0,substitution,2.465521076,3120,1,,
physical,16,hungarian_current,hungarian_current,1,admission_assignment,0.081853376,3120,1,,
physical,16,hungarian_current,hungarian_current,1,admission_cost_build,1.164720434,3120,1,,
physical,16,hungarian_current,hungarian_current,1,admission_policy,0.063393195,3120,1,,
physical,16,hungarian_current,hungarian_current,1,admission_prep,0.697441692,6240,1,,
physical,16,hungarian_current,hungarian_current,1,admission_result,0.021159838,3120,1,,
physical,16,hungarian_current,hungarian_current,1,cache_keys_on_rank,0.544317352,94024,1,,
physical,16,hungarian_current,hungarian_current,1,cache_mutation_and_bookkeeping,4.03126091,3120,1,,
physical,16,hungarian_current,hungarian_current,1,coverage_rank_and_victim,97.097402795,188048,1,,
physical,16,hungarian_current,hungarian_current,1,coverage_sync,10.947040488,94024,1,,
physical,16,hungarian_current,hungarian_current,1,coverage_sync_dispatch,2.127830749,94024,1,,
physical,16,hungarian_current,hungarian_current,1,diagnostic_accounting,13.587453084,94024,1,,
physical,16,hungarian_current,hungarian_current,1,effective_route_merge,0.99015278,3120,1,,
physical,16,hungarian_current,hungarian_current,1,eviction_candidates,2.685579691,94024,1,,
physical,16,hungarian_current,hungarian_current,1,eviction_choose,1.787221723,94024,1,,
physical,16,hungarian_current,hungarian_current,1,history,0.681797528,3120,1,,
physical,16,hungarian_current,hungarian_current,1,substitution,2.45831482,3120,1,,
physical,16,hungarian_current,hungarian_current,2,admission_assignment,0.082671111,3120,1,,
physical,16,hungarian_current,hungarian_current,2,admission_cost_build,1.493535816,3120,1,,
physical,16,hungarian_current,hungarian_current,2,admission_policy,0.06427999,3120,1,,
physical,16,hungarian_current,hungarian_current,2,admission_prep,0.499822569,6240,1,,
physical,16,hungarian_current,hungarian_current,2,admission_result,0.021334937,3120,1,,
physical,16,hungarian_current,hungarian_current,2,cache_keys_on_rank,0.543550218,94024,1,,
physical,16,hungarian_current,hungarian_current,2,cache_mutation_and_bookkeeping,4.085826122,3120,1,,
physical,16,hungarian_current,hungarian_current,2,coverage_rank_and_victim,96.71672643,188048,1,,
physical,16,hungarian_current,hungarian_current,2,coverage_sync,10.896976506,94024,1,,
physical,16,hungarian_current,hungarian_current,2,coverage_sync_dispatch,2.116649219,94024,1,,
physical,16,hungarian_current,hungarian_current,2,diagnostic_accounting,13.501239135,94024,1,,
physical,16,hungarian_current,hungarian_current,2,effective_route_merge,1.171442491,3120,1,,
physical,16,hungarian_current,hungarian_current,2,eviction_candidates,2.692782045,94024,1,,
physical,16,hungarian_current,hungarian_current,2,eviction_choose,1.819259945,94024,1,,
physical,16,hungarian_current,hungarian_current,2,history,0.687351705,3120,1,,
physical,16,hungarian_current,hungarian_current,2,substitution,2.572532937,3120,1,,
physical,16,hungarian_current,hungarian_current,3,admission_assignment,0.077844381,3120,1,,
physical,16,hungarian_current,hungarian_current,3,admission_cost_build,1.084979975,3120,1,,
physical,16,hungarian_current,hungarian_current,3,admission_policy,0.056570798,3120,1,,
physical,16,hungarian_current,hungarian_current,3,admission_prep,0.434888527,6240,1,,
physical,16,hungarian_current,hungarian_current,3,admission_result,0.019428678,3120,1,,
physical,16,hungarian_current,hungarian_current,3,cache_keys_on_rank,0.494907612,94024,1,,
physical,16,hungarian_current,hungarian_current,3,cache_mutation_and_bookkeeping,3.650885364,3120,1,,
physical,16,hungarian_current,hungarian_current,3,coverage_rank_and_victim,88.17480569,188048,1,,
physical,16,hungarian_current,hungarian_current,3,coverage_sync,10.10899758,94024,1,,
physical,16,hungarian_current,hungarian_current,3,coverage_sync_dispatch,1.956878523,94024,1,,
physical,16,hungarian_current,hungarian_current,3,diagnostic_accounting,12.646753267,94024,1,,
physical,16,hungarian_current,hungarian_current,3,effective_route_merge,0.94192583,3120,1,,
physical,16,hungarian_current,hungarian_current,3,eviction_candidates,2.511144645,94024,1,,
physical,16,hungarian_current,hungarian_current,3,eviction_choose,1.541427666,94024,1,,
physical,16,hungarian_current,hungarian_current,3,history,0.656399105,3120,1,,
physical,16,hungarian_current,hungarian_current,3,substitution,2.288505469,3120,1,,
replay,16,random,random,single_process,admission_policy,0.095488925,,5,0.092242868,0.10562415
replay,16,random,random,single_process,admission_prep,0.073233522,,5,0.068888836,0.08298606
replay,16,random,random,single_process,cache_keys_on_rank,0.447908259,,5,0.423695724,0.51765603
replay,16,random,random,single_process,cache_mutation_and_bookkeeping,3.428328596,,5,3.221651442,4.000573878
replay,16,random,random,single_process,coverage_rank_and_victim,87.103485779,,5,83.271699442,100.13350917
replay,16,random,random,single_process,coverage_sync,9.653768341,,5,9.085363008,11.280276883
replay,16,random,random,single_process,coverage_sync_dispatch,1.881676649,,5,1.835736836,2.199210999
replay,16,random,random,single_process,diagnostic_accounting,12.212024605,,5,11.882876821,13.741627416
replay,16,random,random,single_process,effective_route_merge,0.937135745,,5,0.908949313,1.095524265
replay,16,random,random,single_process,eviction_candidates,2.273831586,,5,2.189775875,2.577289897
replay,16,random,random,single_process,eviction_choose,1.508442034,,5,1.431009798,1.97930845
replay,16,random,random,single_process,history,0.591818789,,5,0.536866449,0.659722602
replay,16,random,random,single_process,substitution,2.100592696,,5,2.024609879,2.358021654
replay,16,random,hungarian_current,single_process,admission_assignment,0.076372165,,5,0.070996215,0.085644038
replay,16,random,hungarian_current,single_process,admission_cost_build,1.107750337,,5,1.039080808,1.942740587
replay,16,random,hungarian_current,single_process,admission_policy,0.061157551,,5,0.054754764,0.070098639
replay,16,random,hungarian_current,single_process,admission_prep,0.442392784,,5,0.41202887,0.573925487
replay,16,random,hungarian_current,single_process,admission_result,0.017923746,,5,0.016620717,0.019644148
replay,16,random,hungarian_current,single_process,cache_keys_on_rank,0.45728584,,5,0.428986253,0.496969616
replay,16,random,hungarian_current,single_process,cache_mutation_and_bookkeeping,3.552919799,,5,3.264827164,3.926655083
replay,16,random,hungarian_current,single_process,coverage_rank_and_victim,89.423366675,,5,83.47415857,96.819008095
replay,16,random,hungarian_current,single_process,coverage_sync,9.72126905,,5,9.163726763,10.868426542
replay,16,random,hungarian_current,single_process,coverage_sync_dispatch,1.953972496,,5,1.839940045,2.094698415
replay,16,random,hungarian_current,single_process,diagnostic_accounting,12.539816474,,5,11.948854486,13.363995856
replay,16,random,hungarian_current,single_process,effective_route_merge,0.992566354,,5,0.907698809,1.411532363
replay,16,random,hungarian_current,single_process,eviction_candidates,2.318109917,,5,2.213078318,2.534955701
replay,16,random,hungarian_current,single_process,eviction_choose,1.623806036,,5,1.468018432,1.815521265
replay,16,random,hungarian_current,single_process,history,0.59264669,,5,0.533353973,0.659875527
replay,16,random,hungarian_current,single_process,substitution,2.277553282,,5,2.016277287,2.645350258
replay,16,hungarian_current,random,single_process,admission_policy,0.095708283,,5,0.095425954,0.112390128
replay,16,hungarian_current,random,single_process,admission_prep,0.073365744,,5,0.07020098,0.08918329
replay,16,hungarian_current,random,single_process,cache_keys_on_rank,0.472416202,,5,0.448022967,0.552561249
replay,16,hungarian_current,random,single_process,cache_mutation_and_bookkeeping,3.512168725,,5,3.380886671,4.358026761
replay,16,hungarian_current,random,single_process,coverage_rank_and_victim,87.57784676,,5,86.175327734,107.108686795
replay,16,hungarian_current,random,single_process,coverage_sync,9.774914244,,5,9.430690469,11.838483322
replay,16,hungarian_current,random,single_process,coverage_sync_dispatch,1.910240309,,5,1.888188369,2.315309919
replay,16,hungarian_current,random,single_process,diagnostic_accounting,12.446299466,,5,12.215369099,14.472753776
replay,16,hungarian_current,random,single_process,effective_route_merge,0.94731979,,5,0.925831439,1.443846413
replay,16,hungarian_current,random,single_process,eviction_candidates,2.333092712,,5,2.272751726,2.696237811
replay,16,hungarian_current,random,single_process,eviction_choose,1.515467276,,5,1.478069249,2.087853785
replay,16,hungarian_current,random,single_process,history,0.613511034,,5,0.595179726,0.734208544
replay,16,hungarian_current,random,single_process,substitution,2.13357587,,5,2.090910252,2.815526931
replay,16,hungarian_current,hungarian_current,single_process,admission_assignment,0.076245255,,5,0.075507949,0.086425969
replay,16,hungarian_current,hungarian_current,single_process,admission_cost_build,1.084250239,,5,1.065917001,1.164310483
replay,16,hungarian_current,hungarian_current,single_process,admission_policy,0.057765753,,5,0.055953268,0.06562848
replay,16,hungarian_current,hungarian_current,single_process,admission_prep,0.431633678,,5,0.427804569,0.475225062
replay,16,hungarian_current,hungarian_current,single_process,admission_result,0.018008066,,5,0.017525506,0.02295551
replay,16,hungarian_current,hungarian_current,single_process,cache_keys_on_rank,0.46868305,,5,0.451141858,0.619949748
replay,16,hungarian_current,hungarian_current,single_process,cache_mutation_and_bookkeeping,3.601392501,,5,3.446347137,4.336274274
replay,16,hungarian_current,hungarian_current,single_process,coverage_rank_and_victim,89.718323185,,5,86.5509756,104.974632842
replay,16,hungarian_current,hungarian_current,single_process,coverage_sync,9.916006812,,5,9.591882358,11.583349313
replay,16,hungarian_current,hungarian_current,single_process,coverage_sync_dispatch,1.964715746,,5,1.890650409,2.266959201
replay,16,hungarian_current,hungarian_current,single_process,diagnostic_accounting,12.657396334,,5,12.299626563,14.197358265
replay,16,hungarian_current,hungarian_current,single_process,effective_route_merge,0.937018591,,5,0.926633822,1.05594806
replay,16,hungarian_current,hungarian_current,single_process,eviction_candidates,2.378884721,,5,2.288902181,2.746197117
replay,16,hungarian_current,hungarian_current,single_process,eviction_choose,1.62427241,,5,1.513997182,2.065336662
replay,16,hungarian_current,hungarian_current,single_process,history,0.612668966,,5,0.600029679,0.724053415
replay,16,hungarian_current,hungarian_current,single_process,substitution,2.147678,,5,2.090598529,2.497828713
