batch,metric,random_on_random,current_on_random,random_on_current,current_on_current,own_trajectory_delta,policy_delta_random_demand,raw_stream_delta_current_policy,raw_stream_delta_random_policy,policy_delta_current_demand
4,miss,47475,47476,48408,48370,895,1,894,933,-38
4,reloads,42568,42569,43435,43397,829,1,828,867,-38
4,remote_pairs,272230,239100,272440,239421,-32809,-33130,321,210,-33019
4,candidate_count,20627789,20626746,21046559,21027595,399806,-1043,400849,418770,-18964
4,controller_seconds_median,59.719368684,59.790788483,60.789441451,61.047705321,1.3283366369999996,0.0714197989999974,1.2569168380000022,1.0700727669999992,0.2582638700000004
8,miss,69974,69993,65958,65960,-4014,19,-4033,-4016,2
8,reloads,64848,64867,60956,60958,-3890,19,-3909,-3892,2
8,remote_pairs,561980,464556,563116,465948,-96032,-97424,1392,1136,-97168
8,candidate_count,30646150,30655198,28864937,28866280,-1779870,9048,-1788918,-1781213,1343
8,controller_seconds_median,89.792588224,89.464308807,85.598162087,85.252571362,-4.540016862000002,-0.3282794170000045,-4.211737444999997,-4.194426136999994,-0.3455907250000081
16,miss,94634,94750,95841,95867,1233,116,1117,1207,26
16,reloads,89381,89497,90609,90635,1254,116,1138,1228,26
16,remote_pairs,1114684,930969,1114910,935948,-178736,-183715,4979,226,-178962
16,candidate_count,41596348,41647001,42135008,42145596,549248,50653,498595,538660,10588
16,controller_seconds_median,122.637658372,128.689742998,123.531103425,127.85258023,5.214921857999997,6.05208462600001,-0.8371627680000131,0.8934450529999935,4.321476805000003
