mode,batch,source_policy,policy,admissions,later_demand,right_censored,next_use_survival,next_exact_hit,next_substitution_covered,next_reload,median_next_demand_distance,owner_changes_on_readmission,next_use_owner_changed
physical,4,random,random,47475,45358,2117,0.09623440186957097,4365,5793,35200,48.0,31880,0
physical,4,hungarian_current,hungarian_current,48370,46200,2170,0.09041125541125541,4177,6036,35987,48.0,25770,0
replay,4,random,random,47475,45358,2117,0.09623440186957097,4365,5793,35200,48.0,31880,0
replay,4,random,hungarian_current,47476,45361,2115,0.09633826414761579,4370,5755,35236,48,25613,0
replay,4,hungarian_current,random,48408,46240,2168,0.0907006920415225,4194,6029,36017,48.0,32448,0
replay,4,hungarian_current,hungarian_current,48370,46200,2170,0.09041125541125541,4177,6036,35987,48.0,25770,0
physical,8,random,random,69974,67647,2327,0.08338876816414623,5641,7734,54272,48,48728,0
physical,8,hungarian_current,hungarian_current,65960,63757,2203,0.08359866367614537,5330,7491,50936,48,37152,0
replay,8,random,random,69974,67647,2327,0.08338876816414623,5641,7734,54272,48,48728,0
replay,8,random,hungarian_current,69993,67669,2324,0.08274098922697247,5599,7753,54317,48,38697,0
replay,8,hungarian_current,random,65958,63752,2206,0.08347973396913037,5322,7501,50929,48.0,45632,0
replay,8,hungarian_current,hungarian_current,65960,63757,2203,0.08359866367614537,5330,7491,50936,48,37152,0
physical,16,random,random,94634,92177,2457,0.07863132885643924,7248,8936,75993,48,66998,0
physical,16,hungarian_current,hungarian_current,95867,93384,2483,0.08007795768011651,7478,9328,76578,48.0,52127,0
replay,16,random,random,94634,92177,2457,0.07863132885643924,7248,8936,75993,48,66998,0
replay,16,random,hungarian_current,94750,92293,2457,0.07838080894542382,7234,8962,76097,48,51625,0
replay,16,hungarian_current,random,95841,93354,2487,0.08003941984274911,7472,9305,76577,48.0,67816,0
replay,16,hungarian_current,hungarian_current,95867,93384,2483,0.08007795768011651,7478,9328,76578,48.0,52127,0
