batch,source_policy,policy,victim_selections,candidate_entries,mean_candidates_per_victim,coverage_sync_calls,coverage_added,coverage_removed,coverage_changed_layers,cache_key_list_calls,cache_keys_materialized,rank_cost_elements,assignment_elements,admission_fraction_percent,cost_and_solver_fraction_percent,coverage_ranking_fraction_percent,coverage_rank_ns_per_candidate,coverage_sync_ns_per_call,diagnostic_accounting_fraction_percent
4,random,random,45632,20627789,452.04656819775596,45632,47474,45631,90675,45632,21026118,0,0,0.2022175797587673,0.0,70.24685180683946,2034.4509024694794,103583.35876139552,10.062485455593903
4,random,hungarian_current,45633,20626746,452.0138057984353,45633,47475,45632,90699,45633,21026596,189904,1086388,0.9755146319175059,0.6075114732820038,69.55377919972364,2014.6554064804986,103355.95733350865,10.043913552095784
4,hungarian_current,random,46565,21046559,451.9823687318802,46565,48407,46564,92593,46565,21455996,0,0,0.20031773479329334,0.0,70.35511392342482,2032.5519967895939,102449.68117684957,9.98688407645937
4,hungarian_current,hungarian_current,46527,21027595,451.9439250327767,46527,48369,46526,92532,46527,21438476,193480,1106796,0.9544276615483481,0.590881235327861,69.71750420703339,2025.2320949209836,102679.92344230232,9.918320571501544
8,random,random,68131,30646150,449.81212663838784,68131,69973,68130,135610,68131,31392509,0,0,0.16216530664951792,0.0,70.85178328521478,2075.862646629348,102585.46259412015,10.060827838733177
8,random,hungarian_current,68150,30655198,449.8194864269993,68150,69992,68149,135681,68150,31401288,279972,2017519,1.0825261022127555,0.720473250620034,70.07743303248978,2043.4565191195306,102372.77079970653,10.031646678633686
8,hungarian_current,random,64115,28864937,450.2056772986041,64115,65957,64114,127699,64115,29542181,0,0,0.16700044780717324,0.0,70.70265228251257,2091.873297177125,105592.31306246588,10.024880633523777
8,hungarian_current,hungarian_current,64117,28866280,450.2125801269554,64117,65959,64116,127690,64117,29543108,263840,1818342,1.1217037960655474,0.7427898275466904,69.87094379484131,2063.541828735812,104783.95690690457,9.964299999240096
16,random,random,92791,41596348,448.2799840501773,92791,94633,92790,185041,92791,42754637,0,0,0.13788228770209757,0.0,71.0250725065108,2094.0176233500115,104037.7659579054,10.016705051345532
16,random,hungarian_current,92907,41647001,448.26548053429775,92907,94749,92906,185267,92907,42808074,379000,3356206,1.3750327911859386,0.9622649087954781,70.07982964806338,2147.1742148972503,104634.40914032311,9.74422372899982
16,hungarian_current,random,93998,42135008,448.25430328304856,93998,95840,93997,187441,93998,43310729,0,0,0.13684041240043918,0.0,70.99667439211701,2078.5055211096674,103990.66197153131,10.050959691588611
16,hungarian_current,hungarian_current,94024,42145596,448.24295924444823,94024,95866,94023,187482,94024,43322730,383468,3433887,1.2941846562841166,0.8973154682808704,70.17325972115815,2128.7710152443924,105462.50757253467,9.899992875568108
