src,dst,bytes,repeat,start_ns,ready_ns
1,0,4096,0,4943596579744175,4943596579825657
1,0,4096,1,4943596590140128,4943596590223093
1,0,4096,2,4943596600498090,4943596600589593
1,0,4096,3,4943596610853603,4943596610933835
1,0,4096,4,4943596621290069,4943596621376753
1,0,4096,5,4943596631718471,4943596631795476
1,0,4096,6,4943596642183868,4943596642367275
1,0,4096,7,4943596652769936,4943596652885613
1,0,4096,8,4943596663616015,4943596663707017
1,0,4096,9,4943596674065429,4943596674144082
1,0,4096,10,4943596684536923,4943596684612052
1,0,4096,11,4943596694936554,4943596695008371
1,0,4096,12,4943596705402923,4943596705701009
1,0,4096,13,4943596715999082,4943596716083237
1,0,4096,14,4943596726394695,4943596726475943
1,0,4096,15,4943596736830990,4943596736909791
1,0,4096,16,4943596747284007,4943596747363440
1,0,4096,17,4943596757711147,4943596757795596
1,0,4096,18,4943596768172467,4943596768260672
1,0,4096,19,4943596778702213,4943596778983784
1,0,4096,20,4943596789352250,4943596789521906
1,0,4096,21,4943596799851022,4943596800025768
1,0,4096,22,4943596810488593,4943596810591288
1,0,4096,23,4943596820969383,4943596821070982
1,0,4096,24,4943596831375196,4943596831474829
1,0,4096,25,4943596841879002,4943596841977564
1,0,4096,26,4943596852315288,4943596852872695
1,0,4096,27,4943596863192056,4943596863296886
1,0,4096,28,4943596873658048,4943596873757460
1,0,4096,29,4943596884103077,4943596884201970
1,0,1048576,0,4943596947372052,4943596947674316
1,0,1048576,1,4943596958009743,4943596958159986
1,0,1048576,2,4943596968800219,4943596968964811
1,0,1048576,3,4943596979284387,4943596979457039
1,0,1048576,4,4943596989801621,4943596989958530
1,0,1048576,5,4943597000256437,4943597000408152
1,0,1048576,6,4943597010708106,4943597011027241
1,0,1048576,7,4943597021356127,4943597021527728
1,0,1048576,8,4943597031810022,4943597031959514
1,0,1048576,9,4943597042254736,4943597042406833
1,0,1048576,10,4943597052712460,4943597052861864
1,0,1048576,11,4943597063172468,4943597063321893
1,0,1048576,12,4943597073602738,4943597073754427
1,0,1048576,13,4943597084233808,4943597084382052
1,0,1048576,14,4943597094706803,4943597094860904
1,0,1048576,15,4943597105175987,4943597105479158
1,0,1048576,16,4943597115922548,4943597116081226
1,0,1048576,17,4943597126641908,4943597126797399
1,0,1048576,18,4943597137127270,4943597137281856
1,0,1048576,19,4943597147562590,4943597147716529
1,0,1048576,20,4943597158148344,4943597158566237
1,0,1048576,21,4943597168879088,4943597169030757
1,0,1048576,22,4943597179873500,4943597180028230
1,0,1048576,23,4943597190338742,4943597190497594
1,0,1048576,24,4943597200866917,4943597201041779
1,0,1048576,25,4943597211305206,4943597211472842
1,0,1048576,26,4943597221820024,4943597222006929
1,0,1048576,27,4943597232319988,4943597232483117
1,0,1048576,28,4943597242773341,4943597242935522
1,0,1048576,29,4943597253259726,4943597253565407
1,0,9437184,0,4943597320839394,4943597321725753
1,0,9437184,1,4943597332060662,4943597332933450
1,0,9437184,2,4943597343238608,4943597344090630
1,0,9437184,3,4943597354411522,4943597355267209
1,0,9437184,4,4943597365588534,4943597366439097
1,0,9437184,5,4943597376754583,4943597377609887
1,0,9437184,6,4943597387867436,4943597388768939
1,0,9437184,7,4943597399130273,4943597400045550
1,0,9437184,8,4943597410342965,4943597411366940
1,0,9437184,9,4943597421752703,4943597422645804
1,0,9437184,10,4943597432961502,4943597433803052
1,0,9437184,11,4943597444212703,4943597445084434
1,0,9437184,12,4943597455384757,4943597456483483
1,0,9437184,13,4943597466946666,4943597467799808
1,0,9437184,14,4943597478133765,4943597478982545
1,0,9437184,15,4943597489320169,4943597490203557
1,0,9437184,16,4943597500527443,4943597501394384
1,0,9437184,17,4943597511709691,4943597512569367
1,0,9437184,18,4943597522887035,4943597523730354
1,0,9437184,19,4943597534043870,4943597534903551
1,0,9437184,20,4943597545209451,4943597546065795
1,0,9437184,21,4943597556338500,4943597557695529
1,0,9437184,22,4943597568069893,4943597568940370
1,0,9437184,23,4943597579240562,4943597580100916
1,0,9437184,24,4943597590413589,4943597591255767
1,0,9437184,25,4943597601559422,4943597602437855
1,0,9437184,26,4943597612767139,4943597613623971
1,0,9437184,27,4943597623960091,4943597624838673
1,0,9437184,28,4943597635126524,4943597635995103
1,0,9437184,29,4943597646309920,4943597647160421
2,0,4096,0,4943601823783743,4943601823881921
2,0,4096,1,4943601834285069,4943601834397922
2,0,4096,2,4943601844856661,4943601844954827
2,0,4096,3,4943601855257173,4943601855416653
2,0,4096,4,4943601865770307,4943601865902610
2,0,4096,5,4943601876224920,4943601876377352
2,0,4096,6,4943601886724323,4943601886930839
2,0,4096,7,4943601897449248,4943601897632511
2,0,4096,8,4943601907958557,4943601908118002
2,0,4096,9,4943601918404476,4943601918568412
2,0,4096,10,4943601928889187,4943601929041939
2,0,4096,11,4943601939353909,4943601939505703
2,0,4096,12,4943601949844485,4943601949993799
2,0,4096,13,4943601960335587,4943601960762493
2,0,4096,14,4943601971001063,4943601971107816
2,0,4096,15,4943601981447757,4943601981573953
2,0,4096,16,4943601991904351,4943601992030103
2,0,4096,17,4943602002516329,4943602002606494
2,0,4096,18,4943602012913041,4943602013003746
2,0,4096,19,4943602023303550,4943602023395937
2,0,4096,20,4943602033873665,4943602034098254
2,0,4096,21,4943602044564433,4943602044657612
2,0,4096,22,4943602054945026,4943602055034884
2,0,4096,23,4943602065383115,4943602065473798
2,0,4096,24,4943602075800433,4943602075890144
2,0,4096,25,4943602086271251,4943602086376321
2,0,4096,26,4943602096704141,4943602096796961
2,0,4096,27,4943602107059385,4943602107367643
2,0,4096,28,4943602117648608,4943602117747219
2,0,4096,29,4943602128114644,4943602128212537
2,0,1048576,0,4943602191756463,4943602192117321
2,0,1048576,1,4943602202493284,4943602202727325
2,0,1048576,2,4943602213057029,4943602213290442
2,0,1048576,3,4943602223571788,4943602223803804
2,0,1048576,4,4943602234084789,4943602234318044
2,0,1048576,5,4943602244566456,4943602244810223
2,0,1048576,6,4943602255043801,4943602255459412
2,0,1048576,7,4943602265702605,4943602265948143
2,0,1048576,8,4943602276191627,4943602276430767
2,0,1048576,9,4943602286720917,4943602286960040
2,0,1048576,10,4943602297208504,4943602297443591
2,0,1048576,11,4943602307862584,4943602308097817
2,0,1048576,12,4943602318336536,4943602318583548
2,0,1048576,13,4943602328829240,4943602329065092
2,0,1048576,14,4943602339459245,4943602339858122
2,0,1048576,15,4943602350172378,4943602350409915
2,0,1048576,16,4943602360668859,4943602360899602
2,0,1048576,17,4943602371176693,4943602371406950
2,0,1048576,18,4943602381722640,4943602381960781
2,0,1048576,19,4943602392262270,4943602392494489
2,0,1048576,20,4943602402768617,4943602403005662
2,0,1048576,21,4943602413291224,4943602413598558
2,0,1048576,22,4943602423909784,4943602424176673
2,0,1048576,23,4943602434461599,4943602434765383
2,0,1048576,24,4943602445012164,4943602445246585
2,0,1048576,25,4943602455516898,4943602455767025
2,0,1048576,26,4943602466151279,4943602466404281
2,0,1048576,27,4943602476688923,4943602476927249
2,0,1048576,28,4943602487213919,4943602487466104
2,0,1048576,29,4943602497763853,4943602498151448
2,0,9437184,0,4943602565367930,4943602566312054
2,0,9437184,1,4943602576601435,4943602577542350
2,0,9437184,2,4943602587790221,4943602588749521
2,0,9437184,3,4943602599037584,4943602599983699
2,0,9437184,4,4943602610300396,4943602611231758
2,0,9437184,5,4943602621481499,4943602622428820
2,0,9437184,6,4943602632644454,4943602633582934
2,0,9437184,7,4943602643884044,4943602644813706
2,0,9437184,8,4943602655177123,4943602656174660
2,0,9437184,9,4943602666405703,4943602667350126
2,0,9437184,10,4943602677631833,4943602678568596
2,0,9437184,11,4943602688832083,4943602689763661
2,0,9437184,12,4943602700061776,4943602701002247
2,0,9437184,13,4943602711297069,4943602712280988
2,0,9437184,14,4943602722593096,4943602723528255
2,0,9437184,15,4943602733799743,4943602734740308
2,0,9437184,16,4943602745047676,4943602746012633
2,0,9437184,17,4943602756302646,4943602757237110
2,0,9437184,18,4943602767520923,4943602768449409
2,0,9437184,19,4943602778738206,4943602779683000
2,0,9437184,20,4943602789978081,4943602790912338
2,0,9437184,21,4943602801213452,4943602802318628
2,0,9437184,22,4943602812569310,4943602813522996
2,0,9437184,23,4943602823785520,4943602824730016
2,0,9437184,24,4943602835032799,4943602835998165
2,0,9437184,25,4943602846310223,4943602847270782
2,0,9437184,26,4943602857557883,4943602858540275
2,0,9437184,27,4943602868865433,4943602869809965
2,0,9437184,28,4943602880105491,4943602881039551
2,0,9437184,29,4943602891333163,4943602892288129
3,0,4096,0,4943607024446425,4943607024562353
3,0,4096,1,4943607034826216,4943607034944501
3,0,4096,2,4943607045225624,4943607045325331
3,0,4096,3,4943607055631953,4943607055724745
3,0,4096,4,4943607066119922,4943607066208602
3,0,4096,5,4943607076516848,4943607076622836
3,0,4096,6,4943607086891666,4943607087102876
3,0,4096,7,4943607097568865,4943607097648185
3,0,4096,8,4943607107965100,4943607108047504
3,0,4096,9,4943607118337749,4943607118426093
3,0,4096,10,4943607128731814,4943607128817308
3,0,4096,11,4943607139102886,4943607139180526
3,0,4096,12,4943607149503489,4943607149589291
3,0,4096,13,4943607159893116,4943607160214063
3,0,4096,14,4943607170432001,4943607170522606
3,0,4096,15,4943607181011280,4943607181092584
3,0,4096,16,4943607191384107,4943607191473094
3,0,4096,17,4943607201718180,4943607201801103
3,0,4096,18,4943607212224513,4943607212323229
3,0,4096,19,4943607222539263,4943607222639723
3,0,4096,20,4943607232992902,4943607233090665
3,0,4096,21,4943607243398320,4943607243609071
3,0,4096,22,4943607254195468,4943607254319767
3,0,4096,23,4943607264647626,4943607264778696
3,0,4096,24,4943607275019944,4943607275137872
3,0,4096,25,4943607285412335,4943607285518842
3,0,4096,26,4943607295875239,4943607295976321
3,0,4096,27,4943607306319140,4943607306724718
3,0,4096,28,4943607316955610,4943607317043815
3,0,4096,29,4943607327504140,4943607327599755
3,0,1048576,0,4943607390736537,4943607390994164
3,0,1048576,1,4943607401221231,4943607401583232
3,0,1048576,2,4943607411881130,4943607412123609
3,0,1048576,3,4943607422343358,4943607422600583
3,0,1048576,4,4943607432822377,4943607433054190
3,0,1048576,5,4943607443278768,4943607443509879
3,0,1048576,6,4943607453769684,4943607454032982
3,0,1048576,7,4943607464292010,4943607464677573
3,0,1048576,8,4943607474916523,4943607475169833
3,0,1048576,9,4943607485600406,4943607485859919
3,0,1048576,10,4943607496087416,4943607496358327
3,0,1048576,11,4943607506529665,4943607506762985
3,0,1048576,12,4943607516957421,4943607517191201
3,0,1048576,13,4943607527576647,4943607527846334
3,0,1048576,14,4943607538049090,4943607538291074
3,0,1048576,15,4943607548505343,4943607548881920
3,0,1048576,16,4943607559197117,4943607559453781
3,0,1048576,17,4943607569659921,4943607569890884
3,0,1048576,18,4943607580098885,4943607580337939
3,0,1048576,19,4943607590528341,4943607590754928
3,0,1048576,20,4943607600966536,4943607601190560
3,0,1048576,21,4943607611388543,4943607611823469
3,0,1048576,22,4943607622062401,4943607622287175
3,0,1048576,23,4943607632839729,4943607633063085
3,0,1048576,24,4943607643342923,4943607643565474
3,0,1048576,25,4943607653798094,4943607654024340
3,0,1048576,26,4943607664312181,4943607664549967
3,0,1048576,27,4943607674983524,4943607675265407
3,0,1048576,28,4943607685989468,4943607686230223
3,0,1048576,29,4943607696433511,4943607696972738
3,0,9437184,0,4943607763963781,4943607764971151
3,0,9437184,1,4943607775245890,4943607776206647
3,0,9437184,2,4943607786399855,4943607787348560
3,0,9437184,3,4943607797522283,4943607798461572
3,0,9437184,4,4943607808633950,4943607809585926
3,0,9437184,5,4943607819761317,4943607820728345
3,0,9437184,6,4943607830898001,4943607831855243
3,0,9437184,7,4943607842076616,4943607843038044
3,0,9437184,8,4943607853282487,4943607854390686
3,0,9437184,9,4943607864633078,4943607865613221
3,0,9437184,10,4943607875852111,4943607876842216
3,0,9437184,11,4943607887086119,4943607888053882
3,0,9437184,12,4943607898299868,4943607899274245
3,0,9437184,13,4943607909517946,4943607910517042
3,0,9437184,14,4943607920790051,4943607921782077
3,0,9437184,15,4943607932021245,4943607932988100
3,0,9437184,16,4943607943241025,4943607944218370
3,0,9437184,17,4943607954453538,4943607955431250
3,0,9437184,18,4943607965681947,4943607966653544
3,0,9437184,19,4943607976884135,4943607977866814
3,0,9437184,20,4943607988105354,4943607989077597
3,0,9437184,21,4943607999315927,4943608000284005
3,0,9437184,22,4943608010525047,4943608011637314
3,0,9437184,23,4943608021875751,4943608022839356
3,0,9437184,24,4943608033102058,4943608034062437
3,0,9437184,25,4943608044293820,4943608045240948
3,0,9437184,26,4943608055483423,4943608056766689
3,0,9437184,27,4943608067205095,4943608068170192
3,0,9437184,28,4943608078412665,4943608079375996
3,0,9437184,29,4943608089628418,4943608090590851
0,1,4096,0,4943591005329271,4943591005415858
0,1,4096,1,4943591015792273,4943591015869149
0,1,4096,2,4943591026422027,4943591026499776
0,1,4096,3,4943591036856799,4943591036946483
0,1,4096,4,4943591047282680,4943591047357955
0,1,4096,5,4943591057697890,4943591057806991
0,1,4096,6,4943591068239299,4943591068315287
0,1,4096,7,4943591078612575,4943591078686651
0,1,4096,8,4943591089055078,4943591089127545
0,1,4096,9,4943591099524945,4943591099600778
0,1,4096,10,4943591109991106,4943591110073839
0,1,4096,11,4943591120443673,4943591120629374
0,1,4096,12,4943591131060366,4943591131163007
0,1,4096,13,4943591141479913,4943591141567574
0,1,4096,14,4943591151949246,4943591152033489
0,1,4096,15,4943591162434972,4943591162552645
0,1,4096,16,4943591172962590,4943591173035201
0,1,4096,17,4943591183454634,4943591183533006
0,1,4096,18,4943591193914684,4943591193993729
0,1,4096,19,4943591204373306,4943591204799812
0,1,4096,20,4943591215067562,4943591215163981
0,1,4096,21,4943591225566906,4943591225650569
0,1,4096,22,4943591236029900,4943591236107053
0,1,4096,23,4943591246422683,4943591246499222
0,1,4096,24,4943591256873566,4943591256949059
0,1,4096,25,4943591267279118,4943591267384270
0,1,4096,26,4943591277747986,4943591277823425
0,1,4096,27,4943591288166368,4943591288247608
0,1,4096,28,4943591298626194,4943591298764838
0,1,4096,29,4943591309227779,4943591309323138
0,1,1048576,0,4943591374893043,4943591375060738
0,1,1048576,1,4943591385388410,4943591385551221
0,1,1048576,2,4943591395866587,4943591396030356
0,1,1048576,3,4943591406376345,4943591406539807
0,1,1048576,4,4943591416869602,4943591417162651
0,1,1048576,5,4943591427550484,4943591427711807
0,1,1048576,6,4943591438081798,4943591438243178
0,1,1048576,7,4943591448551391,4943591448713112
0,1,1048576,8,4943591458959615,4943591459118787
0,1,1048576,9,4943591469420158,4943591469582177
0,1,1048576,10,4943591479903263,4943591480075727
0,1,1048576,11,4943591490375276,4943591490540981
0,1,1048576,12,4943591500845512,4943591501010039
0,1,1048576,13,4943591511296853,4943591511465176
0,1,1048576,14,4943591521782849,4943591521951639
0,1,1048576,15,4943591532369943,4943591532533990
0,1,1048576,16,4943591542808876,4943591542983547
0,1,1048576,17,4943591553290768,4943591553461501
0,1,1048576,18,4943591563782967,4943591563949644
0,1,1048576,19,4943591574298034,4943591574616390
0,1,1048576,20,4943591584986167,4943591585156508
0,1,1048576,21,4943591595469860,4943591595636212
0,1,1048576,22,4943591605992972,4943591606156220
0,1,1048576,23,4943591616470601,4943591616636810
0,1,1048576,24,4943591626941635,4943591627103053
0,1,1048576,25,4943591637695727,4943591637859980
0,1,1048576,26,4943591648159597,4943591648328968
0,1,1048576,27,4943591658651341,4943591658849320
0,1,1048576,28,4943591669251773,4943591669415852
0,1,1048576,29,4943591679730778,4943591679899194
0,1,9437184,0,4943591747057782,4943591747934941
0,1,9437184,1,4943591758263790,4943591759152308
0,1,9437184,2,4943591769458176,4943591770315154
0,1,9437184,3,4943591780602698,4943591781463632
0,1,9437184,4,4943591791767638,4943591792633951
0,1,9437184,5,4943591802959210,4943591803823823
0,1,9437184,6,4943591814229881,4943591815092716
0,1,9437184,7,4943591825411836,4943591826278858
0,1,9437184,8,4943591836594156,4943591837469310
0,1,9437184,9,4943591847775532,4943591848670488
0,1,9437184,10,4943591858991449,4943591859882553
0,1,9437184,11,4943591871738283,4943591872665975
0,1,9437184,12,4943591882988291,4943591883860751
0,1,9437184,13,4943591894185945,4943591895075528
0,1,9437184,14,4943591905429034,4943591906303162
0,1,9437184,15,4943591916594860,4943591917457138
0,1,9437184,16,4943591927749181,4943591928634521
0,1,9437184,17,4943591938899415,4943591939756766
0,1,9437184,18,4943591950107588,4943591950963827
0,1,9437184,19,4943591961260121,4943591962143185
0,1,9437184,20,4943591972482062,4943591973397719
0,1,9437184,21,4943591983719414,4943591984594339
0,1,9437184,22,4943591994899635,4943591995812352
0,1,9437184,23,4943592006233251,4943592007098769
0,1,9437184,24,4943592017428398,4943592018449767
0,1,9437184,25,4943592028785428,4943592029667685
0,1,9437184,26,4943592039997427,4943592040896943
0,1,9437184,27,4943592051154744,4943592052029608
0,1,9437184,28,4943592062342094,4943592063198216
0,1,9437184,29,4943592073542038,4943592074427787
2,1,4096,0,4943603553433627,4943603553525476
2,1,4096,1,4943603563840726,4943603563933186
2,1,4096,2,4943603574311514,4943603574397710
2,1,4096,3,4943603584955302,4943603585046007
2,1,4096,4,4943603595319050,4943603595403035
2,1,4096,5,4943603605743240,4943603605827421
2,1,4096,6,4943603616601612,4943603616682617
2,1,4096,7,4943603626991980,4943603627076756
2,1,4096,8,4943603637379971,4943603637464541
2,1,4096,9,4943603647770987,4943603647863759
2,1,4096,10,4943603658236235,4943603658352200
2,1,4096,11,4943603668739932,4943603668851059
2,1,4096,12,4943603679221111,4943603679549485
2,1,4096,13,4943603689929149,4943603690144989
2,1,4096,14,4943603700691243,4943603700818685
2,1,4096,15,4943603711126244,4943603711228439
2,1,4096,16,4943603721587645,4943603721682668
2,1,4096,17,4943603732029926,4943603732120861
2,1,4096,18,4943603742620207,4943603742705803
2,1,4096,19,4943603753056989,4943603753149761
2,1,4096,20,4943603763443050,4943603763527761
2,1,4096,21,4943603774115681,4943603774213402
2,1,4096,22,4943603784562200,4943603784651984
2,1,4096,23,4943603794948326,4943603795036025
2,1,4096,24,4943603805338382,4943603805430959
2,1,4096,25,4943603815720001,4943603815812793
2,1,4096,26,4943603826145011,4943603826274623
2,1,4096,27,4943603836611332,4943603837039988
2,1,4096,28,4943603847367774,4943603847596500
2,1,4096,29,4943603858076685,4943603858165274
2,1,1048576,0,4943603921981167,4943603922225603
2,1,1048576,1,4943603932540979,4943603932802602
2,1,1048576,2,4943603943069868,4943603943305429
2,1,1048576,3,4943603953583534,4943603953833819
2,1,1048576,4,4943603964095444,4943603964338857
2,1,1048576,5,4943603974597349,4943603974850434
2,1,1048576,6,4943603985127353,4943603985469046
2,1,1048576,7,4943603995783311,4943603996038088
2,1,1048576,8,4943604006291858,4943604006688958
2,1,1048576,9,4943604017109112,4943604017354801
2,1,1048576,10,4943604027671543,4943604027908836
2,1,1048576,11,4943604038243656,4943604038505036
2,1,1048576,12,4943604048795694,4943604049029046
2,1,1048576,13,4943604059277030,4943604059515823
2,1,1048576,14,4943604069799513,4943604070038552
2,1,1048576,15,4943604080556123,4943604080794063
2,1,1048576,16,4943604091064657,4943604091308508
2,1,1048576,17,4943604101638114,4943604101874716
2,1,1048576,18,4943604112200444,4943604112447766
2,1,1048576,19,4943604122731774,4943604122982225
2,1,1048576,20,4943604133287523,4943604133700726
2,1,1048576,21,4943604144035119,4943604144275013
2,1,1048576,22,4943604154555072,4943604154959719
2,1,1048576,23,4943604165291196,4943604165530063
2,1,1048576,24,4943604175866458,4943604176105584
2,1,1048576,25,4943604186364753,4943604186606092
2,1,1048576,26,4943604196895305,4943604197129883
2,1,1048576,27,4943604207642775,4943604207879313
2,1,1048576,28,4943604218186106,4943604218419181
2,1,1048576,29,4943604228710617,4943604228958403
2,1,9437184,0,4943604296297837,4943604297247566
2,1,9437184,1,4943604307468479,4943604308567561
2,1,9437184,2,4943604318844357,4943604319813732
2,1,9437184,3,4943604330135736,4943604331091062
2,1,9437184,4,4943604341473732,4943604342448086
2,1,9437184,5,4943604352854514,4943604353807071
2,1,9437184,6,4943604364195384,4943604365153463
2,1,9437184,7,4943604375564672,4943604376518759
2,1,9437184,8,4943604386901505,4943604387870418
2,1,9437184,9,4943604398187101,4943604399152716
2,1,9437184,10,4943604409501483,4943604410480720
2,1,9437184,11,4943604420857964,4943604421795590
2,1,9437184,12,4943604432166872,4943604433130194
2,1,9437184,13,4943604443488031,4943604444465772
2,1,9437184,14,4943604454764234,4943604455745208
2,1,9437184,15,4943604466077520,4943604467200997
2,1,9437184,16,4943604477661057,4943604478625865
2,1,9437184,17,4943604488964658,4943604489908589
2,1,9437184,18,4943604500261907,4943604501219138
2,1,9437184,19,4943604511587645,4943604512551342
2,1,9437184,20,4943604522796559,4943604523755332
2,1,9437184,21,4943604534115861,4943604535063094
2,1,9437184,22,4943604545436223,4943604546389931
2,1,9437184,23,4943604556741758,4943604557697387
2,1,9437184,24,4943604567991940,4943604568986197
2,1,9437184,25,4943604579213972,4943604580175468
2,1,9437184,26,4943604590444302,4943604591449198
2,1,9437184,27,4943604601767940,4943604602723842
2,1,9437184,28,4943604612940620,4943604614026558
2,1,9437184,29,4943604624309088,4943604625254682
3,1,4096,0,4943608756928965,4943608757014895
3,1,4096,1,4943608767322175,4943608767410031
3,1,4096,2,4943608777794822,4943608777875679
3,1,4096,3,4943608788264586,4943608788342968
3,1,4096,4,4943608798676747,4943608798764781
3,1,4096,5,4943608809140380,4943608809224099
3,1,4096,6,4943608819768289,4943608819851060
3,1,4096,7,4943608830227257,4943608830302676
3,1,4096,8,4943608840647592,4943608840728315
3,1,4096,9,4943608851024231,4943608851112232
3,1,4096,10,4943608861438456,4943608861526773
3,1,4096,11,4943608871865738,4943608871956341
3,1,4096,12,4943608882312713,4943608882394464
3,1,4096,13,4943608892731397,4943608892830904
3,1,4096,14,4943608903137202,4943608903471557
3,1,4096,15,4943608913894470,4943608913987887
3,1,4096,16,4943608924343915,4943608924421236
3,1,4096,17,4943608934725332,4943608934796082
3,1,4096,18,4943608945152146,4943608945258479
3,1,4096,19,4943608955558363,4943608955634193
3,1,4096,20,4943608966031874,4943608966131351
3,1,4096,21,4943608976566062,4943608976658753
3,1,4096,22,4943608987015770,4943608987110638
3,1,4096,23,4943608997481756,4943608997560727
3,1,4096,24,4943609007933745,4943609008009931
3,1,4096,25,4943609018346604,4943609018436772
3,1,4096,26,4943609029103780,4943609029207511
3,1,4096,27,4943609039577501,4943609039662122
3,1,4096,28,4943609050040240,4943609050467390
3,1,4096,29,4943609060853839,4943609060949103
3,1,1048576,0,4943609124402628,4943609124630730
3,1,1048576,1,4943609135046493,4943609135334820
3,1,1048576,2,4943609145654836,4943609145882720
3,1,1048576,3,4943609156145798,4943609156378453
3,1,1048576,4,4943609166585456,4943609166815245
3,1,1048576,5,4943609177241784,4943609177464547
3,1,1048576,6,4943609187774935,4943609187998778
3,1,1048576,7,4943609198269079,4943609198522633
3,1,1048576,8,4943609208809533,4943609209190290
3,1,1048576,9,4943609219569666,4943609219800334
3,1,1048576,10,4943609230091429,4943609230339477
3,1,1048576,11,4943609240608336,4943609240842676
3,1,1048576,12,4943609251119504,4943609251355319
3,1,1048576,13,4943609261629629,4943609261862029
3,1,1048576,14,4943609272130552,4943609272399010
3,1,1048576,15,4943609282642343,4943609282902868
3,1,1048576,16,4943609293214843,4943609293479103
3,1,1048576,17,4943609303784475,4943609304055001
3,1,1048576,18,4943609314292880,4943609314530501
3,1,1048576,19,4943609324783185,4943609325015478
3,1,1048576,20,4943609335506066,4943609335740567
3,1,1048576,21,4943609346065416,4943609346468883
3,1,1048576,22,4943609356802708,4943609357329666
3,1,1048576,23,4943609367745373,4943609367995705
3,1,1048576,24,4943609378282710,4943609378518950
3,1,1048576,25,4943609388818747,4943609389060070
3,1,1048576,26,4943609399316731,4943609399558094
3,1,1048576,27,4943609409854982,4943609410094057
3,1,1048576,28,4943609420381247,4943609420619701
3,1,1048576,29,4943609430893627,4943609431126667
3,1,9437184,0,4943609498868444,4943609499874523
3,1,9437184,1,4943609510216542,4943609511617097
3,1,9437184,2,4943609522116928,4943609523072809
3,1,9437184,3,4943609533394413,4943609534326502
3,1,9437184,4,4943609544570495,4943609545514095
3,1,9437184,5,4943609555882243,4943609556833297
3,1,9437184,6,4943609567229279,4943609568169071
3,1,9437184,7,4943609578435041,4943609579387610
3,1,9437184,8,4943609589687112,4943609590622891
3,1,9437184,9,4943609601009064,4943609601941480
3,1,9437184,10,4943609612309899,4943609613267839
3,1,9437184,11,4943609623604676,4943609624549249
3,1,9437184,12,4943609634849138,4943609635790836
3,1,9437184,13,4943609646119279,4943609647050245
3,1,9437184,14,4943609657343254,4943609658339078
3,1,9437184,15,4943609668729957,4943609669826078
3,1,9437184,16,4943609680112876,4943609681056138
3,1,9437184,17,4943609691393985,4943609692340544
3,1,9437184,18,4943609702652133,4943609703608314
3,1,9437184,19,4943609713844583,4943609714783051
3,1,9437184,20,4943609725109980,4943609726059289
3,1,9437184,21,4943609736425241,4943609737374868
3,1,9437184,22,4943609747746043,4943609748697149
3,1,9437184,23,4943609758988563,4943609759931633
3,1,9437184,24,4943609770252162,4943609771188738
3,1,9437184,25,4943609781471614,4943609782414270
3,1,9437184,26,4943609792750022,4943609793696687
3,1,9437184,27,4943609804039205,4943609805046739
3,1,9437184,28,4943609815395674,4943609816472339
3,1,9437184,29,4943609826831543,4943609827771059
0,2,4096,0,4943592954428769,4943592954639062
0,2,4096,1,4943592965091865,4943592965202800
0,2,4096,2,4943592975578355,4943592975674090
0,2,4096,3,4943592986090862,4943592986210834
0,2,4096,4,4943592996579468,4943592996667776
0,2,4096,5,4943593006998299,4943593007162176
0,2,4096,6,4943593017473232,4943593017613389
0,2,4096,7,4943593027907898,4943593028038840
0,2,4096,8,4943593038365971,4943593038484666
0,2,4096,9,4943593048799367,4943593048899943
0,2,4096,10,4943593059220294,4943593059301528
0,2,4096,11,4943593069667846,4943593069754300
0,2,4096,12,4943593080138604,4943593080213328
0,2,4096,13,4943593090730482,4943593090812428
0,2,4096,14,4943593101126969,4943593101220203
0,2,4096,15,4943593111551568,4943593111628325
0,2,4096,16,4943593122059730,4943593122194359
0,2,4096,17,4943593132573922,4943593132676822
0,2,4096,18,4943593143182001,4943593143274630
0,2,4096,19,4943593153654774,4943593153755040
0,2,4096,20,4943593164137058,4943593165050448
0,2,4096,21,4943593175342205,4943593175452450
0,2,4096,22,4943593185811088,4943593185920780
0,2,4096,23,4943593196229179,4943593196332837
0,2,4096,24,4943593206627859,4943593206719974
0,2,4096,25,4943593217085894,4943593217191043
0,2,4096,26,4943593227482637,4943593227610951
0,2,4096,27,4943593237962273,4943593238063398
0,2,4096,28,4943593248608737,4943593248811661
0,2,4096,29,4943593259283902,4943593259384595
0,2,1048576,0,4943593322707842,4943593322930906
0,2,1048576,1,4943593333135446,4943593333376441
0,2,1048576,2,4943593343596541,4943593343836872
0,2,1048576,3,4943593354093564,4943593354353220
0,2,1048576,4,4943593364565614,4943593364817650
0,2,1048576,5,4943593375092253,4943593375433760
0,2,1048576,6,4943593385750467,4943593386028732
0,2,1048576,7,4943593396260420,4943593396505189
0,2,1048576,8,4943593406741272,4943593407139139
0,2,1048576,9,4943593417437140,4943593417683547
0,2,1048576,10,4943593427865541,4943593428110082
0,2,1048576,11,4943593438341936,4943593438586750
0,2,1048576,12,4943593448983878,4943593449231035
0,2,1048576,13,4943593459458694,4943593459704410
0,2,1048576,14,4943593469946964,4943593470203376
0,2,1048576,15,4943593480434422,4943593480684889
0,2,1048576,16,4943593490941456,4943593491184152
0,2,1048576,17,4943593501483065,4943593501728235
0,2,1048576,18,4943593512055699,4943593512300686
0,2,1048576,19,4943593522553466,4943593522794707
0,2,1048576,20,4943593533094596,4943593533337606
0,2,1048576,21,4943593543628501,4943593543867915
0,2,1048576,22,4943593554254989,4943593554631341
0,2,1048576,23,4943593564985033,4943593565229388
0,2,1048576,24,4943593575526837,4943593575769893
0,2,1048576,25,4943593586102200,4943593586472271
0,2,1048576,26,4943593596739128,4943593596984414
0,2,1048576,27,4943593607301536,4943593607549899
0,2,1048576,28,4943593617820008,4943593618060893
0,2,1048576,29,4943593628315902,4943593628558881
0,2,9437184,0,4943593695914950,4943593696861881
0,2,9437184,1,4943593707050928,4943593708142070
0,2,9437184,2,4943593718377512,4943593719327820
0,2,9437184,3,4943593729545389,4943593730503987
0,2,9437184,4,4943593740688843,4943593741653809
0,2,9437184,5,4943593751854441,4943593752862123
0,2,9437184,6,4943593763094950,4943593764049599
0,2,9437184,7,4943593774275927,4943593775241603
0,2,9437184,8,4943593785428612,4943593786398966
0,2,9437184,9,4943593796592170,4943593797537695
0,2,9437184,10,4943593807721557,4943593808672161
0,2,9437184,11,4943593818879119,4943593819835544
0,2,9437184,12,4943593830046366,4943593830989156
0,2,9437184,13,4943593841179792,4943593842127345
0,2,9437184,14,4943593852317262,4943593853271140
0,2,9437184,15,4943593863494863,4943593864591422
0,2,9437184,16,4943593874795401,4943593875751752
0,2,9437184,17,4943593885940058,4943593886888869
0,2,9437184,18,4943593897077309,4943593898056733
0,2,9437184,19,4943593908263813,4943593909215458
0,2,9437184,20,4943593919412214,4943593920356340
0,2,9437184,21,4943593930556063,4943593931491209
0,2,9437184,22,4943593941680106,4943593942636155
0,2,9437184,23,4943593952850050,4943593953798100
0,2,9437184,24,4943593963999870,4943593964979911
0,2,9437184,25,4943593975165608,4943593976144851
0,2,9437184,26,4943593986328623,4943593987272819
0,2,9437184,27,4943593997458997,4943593998424620
0,2,9437184,28,4943594008603076,4943594009876622
0,2,9437184,29,4943594020178463,4943594021133143
1,2,4096,0,4943598335509766,4943598335634129
1,2,4096,1,4943598345927138,4943598346046519
1,2,4096,2,4943598356404778,4943598356528477
1,2,4096,3,4943598366759987,4943598367204765
1,2,4096,4,4943598377452355,4943598377570006
1,2,4096,5,4943598387883647,4943598387988585
1,2,4096,6,4943598398443801,4943598398551758
1,2,4096,7,4943598408892726,4943598409009518
1,2,4096,8,4943598419268689,4943598419401302
1,2,4096,9,4943598429711344,4943598429823481
1,2,4096,10,4943598440143898,4943598440265594
1,2,4096,11,4943598450529345,4943598450637728
1,2,4096,12,4943598460973476,4943598461107149
1,2,4096,13,4943598471426139,4943598471531654
1,2,4096,14,4943598481880947,4943598482092739
1,2,4096,15,4943598492533335,4943598492649761
1,2,4096,16,4943598503083299,4943598503212232
1,2,4096,17,4943598513471540,4943598513580001
1,2,4096,18,4943598523908484,4943598524254115
1,2,4096,19,4943598534504358,4943598534617144
1,2,4096,20,4943598544881554,4943598544994695
1,2,4096,21,4943598555402011,4943598555518821
1,2,4096,22,4943598565806945,4943598565926976
1,2,4096,23,4943598576194543,4943598576314895
1,2,4096,24,4943598586542516,4943598586653765
1,2,4096,25,4943598596985868,4943598597101541
1,2,4096,26,4943598607371395,4943598607490101
1,2,4096,27,4943598617797889,4943598617906668
1,2,4096,28,4943598628227146,4943598628521891
1,2,4096,29,4943598638995799,4943598639111252
1,2,1048576,0,4943598703786298,4943598704029373
1,2,1048576,1,4943598714328186,4943598714557823
1,2,1048576,2,4943598724808449,4943598725033494
1,2,1048576,3,4943598735238019,4943598735461144
1,2,1048576,4,4943598745663739,4943598745891620
1,2,1048576,5,4943598756159114,4943598756455624
1,2,1048576,6,4943598766679580,4943598766910246
1,2,1048576,7,4943598777165384,4943598777392886
1,2,1048576,8,4943598787688770,4943598788067836
1,2,1048576,9,4943598798397749,4943598798627330
1,2,1048576,10,4943598808941285,4943598809169126
1,2,1048576,11,4943598819449511,4943598819755166
1,2,1048576,12,4943598830081536,4943598830312789
1,2,1048576,13,4943598840639860,4943598840868815
1,2,1048576,14,4943598851172847,4943598851407004
1,2,1048576,15,4943598861981633,4943598862217232
1,2,1048576,16,4943598872506783,4943598872735164
1,2,1048576,17,4943598883018655,4943598883256414
1,2,1048576,18,4943598893524329,4943598893777974
1,2,1048576,19,4943598904091570,4943598904318925
1,2,1048576,20,4943598914549598,4943598914781313
1,2,1048576,21,4943598925034217,4943598925255559
1,2,1048576,22,4943598935546890,4943598935765252
1,2,1048576,23,4943598946080313,4943598946455768
1,2,1048576,24,4943598956838164,4943598957068346
1,2,1048576,25,4943598967425643,4943598967660619
1,2,1048576,26,4943598977926876,4943598978521987
1,2,1048576,27,4943598988852716,4943598989079603
1,2,1048576,28,4943598999332722,4943598999562058
1,2,1048576,29,4943599009788806,4943599010016114
1,2,9437184,0,4943599077580460,4943599078522380
1,2,9437184,1,4943599088889724,4943599089989116
1,2,9437184,2,4943599100241052,4943599101172443
1,2,9437184,3,4943599111361368,4943599112287829
1,2,9437184,4,4943599122467506,4943599123505266
1,2,9437184,5,4943599133781575,4943599134726212
1,2,9437184,6,4943599144916381,4943599145842354
1,2,9437184,7,4943599156014146,4943599156973220
1,2,9437184,8,4943599167147691,4943599168107906
1,2,9437184,9,4943599178296927,4943599179224281
1,2,9437184,10,4943599189394677,4943599190327458
1,2,9437184,11,4943599200498621,4943599201442290
1,2,9437184,12,4943599211621018,4943599212576547
1,2,9437184,13,4943599222752502,4943599223708365
1,2,9437184,14,4943599233892072,4943599234862734
1,2,9437184,15,4943599245041477,4943599246112627
1,2,9437184,16,4943599256388928,4943599257339025
1,2,9437184,17,4943599267666539,4943599268643054
1,2,9437184,18,4943599279018040,4943599279951068
1,2,9437184,19,4943599290151387,4943599291089837
1,2,9437184,20,4943599301266612,4943599302222856
1,2,9437184,21,4943599312413063,4943599313365960
1,2,9437184,22,4943599323545143,4943599324494750
1,2,9437184,23,4943599334669576,4943599335617860
1,2,9437184,24,4943599345809278,4943599346740096
1,2,9437184,25,4943599356903528,4943599357847484
1,2,9437184,26,4943599368013271,4943599368945272
1,2,9437184,27,4943599379115936,4943599380067054
1,2,9437184,28,4943599390253397,4943599391196806
1,2,9437184,29,4943599401400542,4943599402483376
3,2,4096,0,4943610542771690,4943610542898646
3,2,4096,1,4943610553220642,4943610553328585
3,2,4096,2,4943610563677833,4943610563785802
3,2,4096,3,4943610574319516,4943610574435626
3,2,4096,4,4943610584762174,4943610584886760
3,2,4096,5,4943610595225198,4943610595662078
3,2,4096,6,4943610606036319,4943610606150008
3,2,4096,7,4943610616628531,4943610616846020
3,2,4096,8,4943610627245887,4943610627359302
3,2,4096,9,4943610637664683,4943610637777868
3,2,4096,10,4943610648151807,4943610648257523
3,2,4096,11,4943610658552816,4943610658666205
3,2,4096,12,4943610668930274,4943610669044843
3,2,4096,13,4943610679366051,4943610679506185
3,2,4096,14,4943610689813913,4943610689933658
3,2,4096,15,4943610700239557,4943610700356803
3,2,4096,16,4943610710646593,4943610710755773
3,2,4096,17,4943610721061304,4943610721184616
3,2,4096,18,4943610731574471,4943610731701621
3,2,4096,19,4943610742009706,4943610742123580
3,2,4096,20,4943610752429511,4943610752778737
3,2,4096,21,4943610763074500,4943610763276455
3,2,4096,22,4943610773809577,4943610773922448
3,2,4096,23,4943610784272319,4943610784385261
3,2,4096,24,4943610794688514,4943610794798626
3,2,4096,25,4943610805238637,4943610805360229
3,2,4096,26,4943610815667996,4943610815786741
3,2,4096,27,4943610826156484,4943610826268921
3,2,4096,28,4943610836585753,4943610836693330
3,2,4096,29,4943610846977167,4943610847080420
3,2,1048576,0,4943610911025603,4943610911331817
3,2,1048576,1,4943610921629036,4943610921969190
3,2,1048576,2,4943610932362512,4943610932534743
3,2,1048576,3,4943610942807782,4943610942967377
3,2,1048576,4,4943610953250201,4943610953414474
3,2,1048576,5,4943610963671133,4943610963849248
3,2,1048576,6,4943610974162244,4943610974363453
3,2,1048576,7,4943610984681245,4943610984853768
3,2,1048576,8,4943610995164874,4943610995328835
3,2,1048576,9,4943611005625500,4943611005801645
3,2,1048576,10,4943611016094284,4943611016270975
3,2,1048576,11,4943611026528100,4943611026717593
3,2,1048576,12,4943611037218536,4943611037380285
3,2,1048576,13,4943611047650528,4943611047975178
3,2,1048576,14,4943611058289192,4943611058444377
3,2,1048576,15,4943611068750559,4943611069036916
3,2,1048576,16,4943611079387108,4943611079547712
3,2,1048576,17,4943611089807900,4943611089969491
3,2,1048576,18,4943611100254278,4943611100412403
3,2,1048576,19,4943611110672659,4943611110832273
3,2,1048576,20,4943611121038748,4943611121204578
3,2,1048576,21,4943611131474666,4943611131629396
3,2,1048576,22,4943611141901181,4943611142054930
3,2,1048576,23,4943611152283961,4943611152450108
3,2,1048576,24,4943611162652406,4943611162811912
3,2,1048576,25,4943611173101119,4943611173256811
3,2,1048576,26,4943611183522499,4943611183681900
3,2,1048576,27,4943611193911016,4943611194066176
3,2,1048576,28,4943611204346955,4943611204764836
3,2,1048576,29,4943611215005455,4943611215172649
3,2,9437184,0,4943611281970853,4943611282843505
3,2,9437184,1,4943611293119558,4943611294001268
3,2,9437184,2,4943611304310342,4943611305176130
3,2,9437184,3,4943611315424530,4943611316275486
3,2,9437184,4,4943611326560539,4943611327447329
3,2,9437184,5,4943611337743097,4943611338603285
3,2,9437184,6,4943611348873415,4943611349761259
3,2,9437184,7,4943611360070570,4943611360965972
3,2,9437184,8,4943611371223002,4943611372115292
3,2,9437184,9,4943611382846589,4943611383757706
3,2,9437184,10,4943611394085971,4943611394949172
3,2,9437184,11,4943611405307603,4943611406171573
3,2,9437184,12,4943611416478623,4943611417387421
3,2,9437184,13,4943611427678215,4943611428564708
3,2,9437184,14,4943611438844772,4943611439737012
3,2,9437184,15,4943611450080766,4943611450944788
3,2,9437184,16,4943611461223676,4943611462086323
3,2,9437184,17,4943611472374165,4943611473233978
3,2,9437184,18,4943611483700430,4943611484583763
3,2,9437184,19,4943611494864548,4943611495750473
3,2,9437184,20,4943611506056427,4943611506979122
3,2,9437184,21,4943611517324620,4943611518213694
3,2,9437184,22,4943611528529240,4943611529585148
3,2,9437184,23,4943611540026839,4943611540902290
3,2,9437184,24,4943611551160277,4943611552023413
3,2,9437184,25,4943611562275924,4943611563151814
3,2,9437184,26,4943611573547114,4943611574427483
3,2,9437184,27,4943611584733801,4943611585624343
3,2,9437184,28,4943611595988271,4943611596849905
3,2,9437184,29,4943611607108798,4943611607996895
0,3,4096,0,4943594860829013,4943594860955315
0,3,4096,1,4943594871193275,4943594871307456
0,3,4096,2,4943594881605781,4943594881726015
0,3,4096,3,4943594891983839,4943594892090402
0,3,4096,4,4943594902385685,4943594902488753
0,3,4096,5,4943594912796545,4943594912992597
0,3,4096,6,4943594923376752,4943594923516548
0,3,4096,7,4943594933837299,4943594933948443
0,3,4096,8,4943594944233607,4943594944352523
0,3,4096,9,4943594954601962,4943594954690511
0,3,4096,10,4943594965054322,4943594965139201
0,3,4096,11,4943594975632660,4943594975940682
0,3,4096,12,4943594986327427,4943594986434590
0,3,4096,13,4943594996772220,4943594996880104
0,3,4096,14,4943595007162564,4943595007307830
0,3,4096,15,4943595017549159,4943595017657634
0,3,4096,16,4943595027947436,4943595028072833
0,3,4096,17,4943595038292832,4943595038401620
0,3,4096,18,4943595048661267,4943595048761259
0,3,4096,19,4943595058998235,4943595059099779
0,3,4096,20,4943595069379347,4943595069578941
0,3,4096,21,4943595079899230,4943595080041744
0,3,4096,22,4943595090297374,4943595090402502
0,3,4096,23,4943595100664586,4943595100771237
0,3,4096,24,4943595111007012,4943595111111130
0,3,4096,25,4943595121863009,4943595121965131
0,3,4096,26,4943595132286454,4943595132424580
0,3,4096,27,4943595142666245,4943595142772554
0,3,4096,28,4943595153061268,4943595153166325
0,3,4096,29,4943595163415408,4943595163506374
0,3,1048576,0,4943595227081637,4943595227309848
0,3,1048576,1,4943595237650183,4943595237880649
0,3,1048576,2,4943595248101254,4943595248333945
0,3,1048576,3,4943595258542454,4943595258776047
0,3,1048576,4,4943595268985860,4943595269215054
0,3,1048576,5,4943595279639779,4943595279880039
0,3,1048576,6,4943595290210854,4943595290454089
0,3,1048576,7,4943595300737011,4943595300968559
0,3,1048576,8,4943595311214389,4943595311442280
0,3,1048576,9,4943595321749436,4943595321979760
0,3,1048576,10,4943595332237203,4943595332467968
0,3,1048576,11,4943595342723103,4943595342950680
0,3,1048576,12,4943595353207125,4943595353442402
0,3,1048576,13,4943595363734906,4943595363968820
0,3,1048576,14,4943595374213470,4943595374648049
0,3,1048576,15,4943595384908312,4943595385162373
0,3,1048576,16,4943595395425399,4943595395666580
0,3,1048576,17,4943595405929560,4943595406161632
0,3,1048576,18,4943595416485449,4943595416730497
0,3,1048576,19,4943595426957535,4943595427186979
0,3,1048576,20,4943595437668162,4943595437896910
0,3,1048576,21,4943595448120895,4943595448349886
0,3,1048576,22,4943595458606615,4943595458847005
0,3,1048576,23,4943595469109742,4943595469338871
0,3,1048576,24,4943595479646231,4943595479882208
0,3,1048576,25,4943595490228710,4943595490465101
0,3,1048576,26,4943595500733392,4943595500963723
0,3,1048576,27,4943595511206262,4943595511436893
0,3,1048576,28,4943595521730005,4943595522098253
0,3,1048576,29,4943595532401836,4943595532637813
0,3,9437184,0,4943595599772516,4943595600707890
0,3,9437184,1,4943595610980339,4943595611922298
0,3,9437184,2,4943595622281362,4943595623215961
0,3,9437184,3,4943595633525105,4943595634471867
0,3,9437184,4,4943595644854374,4943595645803308
0,3,9437184,5,4943595656095230,4943595657069528
0,3,9437184,6,4943595667358317,4943595668325431
0,3,9437184,7,4943595678597079,4943595679694469
0,3,9437184,8,4943595689967800,4943595690925694
0,3,9437184,9,4943595701230960,4943595702199195
0,3,9437184,10,4943595712513753,4943595713622140
0,3,9437184,11,4943595723967253,4943595724913734
0,3,9437184,12,4943595735152987,4943595736103432
0,3,9437184,13,4943595746427075,4943595747460367
0,3,9437184,14,4943595757742218,4943595758730111
0,3,9437184,15,4943595769064645,4943595770028627
0,3,9437184,16,4943595780352479,4943595781315657
0,3,9437184,17,4943595791609269,4943595792567871
0,3,9437184,18,4943595802847079,4943595803787138
0,3,9437184,19,4943595814175064,4943595815121605
0,3,9437184,20,4943595825470731,4943595826569777
0,3,9437184,21,4943595836869954,4943595837811567
0,3,9437184,22,4943595848185267,4943595849153852
0,3,9437184,23,4943595859407607,4943595860367604
0,3,9437184,24,4943595870629746,4943595871636063
0,3,9437184,25,4943595881940815,4943595882893086
0,3,9437184,26,4943595893171958,4943595894138242
0,3,9437184,27,4943595904380787,4943595905361611
0,3,9437184,28,4943595915649902,4943595916599536
0,3,9437184,29,4943595926849065,4943595927828400
1,3,4096,0,4943600081687412,4943600081797859
1,3,4096,1,4943600092156069,4943600092258938
1,3,4096,2,4943600102602393,4943600102711105
1,3,4096,3,4943600113169075,4943600113283900
1,3,4096,4,4943600123662918,4943600123756968
1,3,4096,5,4943600134144537,4943600134250394
1,3,4096,6,4943600144594082,4943600144691671
1,3,4096,7,4943600155037456,4943600155236763
1,3,4096,8,4943600165798106,4943600165893149
1,3,4096,9,4943600176226587,4943600176321984
1,3,4096,10,4943600186615683,4943600186726945
1,3,4096,11,4943600197195342,4943600197589110
1,3,4096,12,4943600207907128,4943600208008562
1,3,4096,13,4943600218313526,4943600218411826
1,3,4096,14,4943600228782836,4943600228898762
1,3,4096,15,4943600239208092,4943600239343462
1,3,4096,16,4943600249674499,4943600249768752
1,3,4096,17,4943600260141338,4943600260248407
1,3,4096,18,4943600270608233,4943600270717156
1,3,4096,19,4943600281034215,4943600281134868
1,3,4096,20,4943600291462438,4943600291552561
1,3,4096,21,4943600301905220,4943600302007275
1,3,4096,22,4943600312373879,4943600312591486
1,3,4096,23,4943600323021211,4943600323106595
1,3,4096,24,4943600333472084,4943600333561411
1,3,4096,25,4943600343947413,4943600344042424
1,3,4096,26,4943600354459533,4943600354773729
1,3,4096,27,4943600365121829,4943600365204627
1,3,4096,28,4943600375571181,4943600375649625
1,3,4096,29,4943600386085948,4943600386164659
1,3,1048576,0,4943600449899761,4943600450128976
1,3,1048576,1,4943600460431475,4943600460799711
1,3,1048576,2,4943600471130262,4943600471356339
1,3,1048576,3,4943600481656124,4943600481882287
1,3,1048576,4,4943600492190091,4943600492416978
1,3,1048576,5,4943600502902500,4943600503134577
1,3,1048576,6,4943600513425261,4943600513816252
1,3,1048576,7,4943600524073224,4943600524300346
1,3,1048576,8,4943600534551171,4943600534785258
1,3,1048576,9,4943600545032529,4943600545272373
1,3,1048576,10,4943600555529645,4943600555755609
1,3,1048576,11,4943600566066967,4943600566296867
1,3,1048576,12,4943600576533245,4943600576758908
1,3,1048576,13,4943600587005411,4943600587238007
1,3,1048576,14,4943600597472016,4943600597701593
1,3,1048576,15,4943600607949007,4943600608181550
1,3,1048576,16,4943600619327001,4943600619578619
1,3,1048576,17,4943600629875780,4943600630101957
1,3,1048576,18,4943600640400143,4943600640625480
1,3,1048576,19,4943600650931717,4943600651172618
1,3,1048576,20,4943600661689282,4943600661996680
1,3,1048576,21,4943600672333726,4943600672564670
1,3,1048576,22,4943600682842434,4943600683069632
1,3,1048576,23,4943600693323804,4943600693558318
1,3,1048576,24,4943600703814404,4943600704044687
1,3,1048576,25,4943600714322740,4943600714548786
1,3,1048576,26,4943600724819283,4943600725059049
1,3,1048576,27,4943600735519409,4943600735764273
1,3,1048576,28,4943600746069520,4943600746303001
1,3,1048576,29,4943600756563130,4943600756793722
1,3,9437184,0,4943600824228036,4943600825173488
1,3,9437184,1,4943600835443721,4943600836389665
1,3,9437184,2,4943600846674146,4943600847647041
1,3,9437184,3,4943600857928397,4943600858875926
1,3,9437184,4,4943600869167926,4943600870119093
1,3,9437184,5,4943600880464063,4943600881389525
1,3,9437184,6,4943600891687775,4943600892624497
1,3,9437184,7,4943600902897435,4943600903834786
1,3,9437184,8,4943600914127579,4943600915084825
1,3,9437184,9,4943600925425782,4943600926520407
1,3,9437184,10,4943600936811865,4943600937751386
1,3,9437184,11,4943600948093849,4943600949035341
1,3,9437184,12,4943600959415687,4943600960425449
1,3,9437184,13,4943600970738925,4943600971759809
1,3,9437184,14,4943600982080268,4943600983105392
1,3,9437184,15,4943600993430713,4943600994384919
1,3,9437184,16,4943601004643830,4943601005598170
1,3,9437184,17,4943601015859987,4943601016841146
1,3,9437184,18,4943601027241221,4943601028204723
1,3,9437184,19,4943601038495257,4943601039441863
1,3,9437184,20,4943601049786534,4943601050746512
1,3,9437184,21,4943601061078122,4943601062017953
1,3,9437184,22,4943601072313741,4943601073380039
1,3,9437184,23,4943601083843731,4943601084787419
1,3,9437184,24,4943601095072537,4943601096011915
1,3,9437184,25,4943601106311362,4943601107249717
1,3,9437184,26,4943601117542276,4943601118534102
1,3,9437184,27,4943601128871530,4943601129807258
1,3,9437184,28,4943601140043770,4943601140988387
1,3,9437184,29,4943601151244473,4943601152166068
2,3,4096,0,4943605306190398,4943605306296552
2,3,4096,1,4943605316522748,4943605316624535
2,3,4096,2,4943605326876516,4943605326971342
2,3,4096,3,4943605337249850,4943605337354744
2,3,4096,4,4943605347623156,4943605347710008
2,3,4096,5,4943605357990457,4943605358088537
2,3,4096,6,4943605368566359,4943605368665813
2,3,4096,7,4943605378939918,4943605379159284
2,3,4096,8,4943605389541624,4943605389639304
2,3,4096,9,4943605399896138,4943605399978780
2,3,4096,10,4943605410271751,4943605410364399
2,3,4096,11,4943605420697858,4943605420793798
2,3,4096,12,4943605431035855,4943605431135050
2,3,4096,13,4943605441429244,4943605441849096
2,3,4096,14,4943605452096555,4943605452205023
2,3,4096,15,4943605462426897,4943605462529594
2,3,4096,16,4943605472808669,4943605472911050
2,3,4096,17,4943605483130446,4943605483242835
2,3,4096,18,4943605493642362,4943605493751611
2,3,4096,19,4943605504015801,4943605504121660
2,3,4096,20,4943605514350109,4943605514450188
2,3,4096,21,4943605524850721,4943605525050999
2,3,4096,22,4943605535582055,4943605535661085
2,3,4096,23,4943605545950719,4943605546025096
2,3,4096,24,4943605556311599,4943605556405764
2,3,4096,25,4943605566614608,4943605566715346
2,3,4096,26,4943605576966193,4943605577070169
2,3,4096,27,4943605587330714,4943605587425423
2,3,4096,28,4943605597721470,4943605598026345
2,3,4096,29,4943605608341699,4943605608431532
2,3,1048576,0,4943605671689974,4943605671852787
2,3,1048576,1,4943605682127069,4943605682449729
2,3,1048576,2,4943605692726047,4943605692890063
2,3,1048576,3,4943605703106929,4943605703274972
2,3,1048576,4,4943605713549903,4943605713721139
2,3,1048576,5,4943605723930874,4943605724104753
2,3,1048576,6,4943605734323132,4943605734489850
2,3,1048576,7,4943605744763803,4943605745168986
2,3,1048576,8,4943605755405628,4943605755572873
2,3,1048576,9,4943605765851908,4943605766024514
2,3,1048576,10,4943605776313921,4943605776478394
2,3,1048576,11,4943605786704494,4943605786867664
2,3,1048576,12,4943605797338727,4943605797508744
2,3,1048576,13,4943605807727451,4943605807891503
2,3,1048576,14,4943605818180609,4943605818345961
2,3,1048576,15,4943605828599369,4943605828913304
2,3,1048576,16,4943605839302865,4943605839463765
2,3,1048576,17,4943605849731923,4943605849894479
2,3,1048576,18,4943605860152943,4943605860312963
2,3,1048576,19,4943605870585049,4943605870750567
2,3,1048576,20,4943605881009309,4943605881171257
2,3,1048576,21,4943605891437491,4943605891603766
2,3,1048576,22,4943605901870353,4943605902218087
2,3,1048576,23,4943605912468971,4943605912636510
2,3,1048576,24,4943605922851940,4943605923020400
2,3,1048576,25,4943605933269233,4943605933438337
2,3,1048576,26,4943605943686508,4943605943900264
2,3,1048576,27,4943605955837269,4943605956017951
2,3,1048576,28,4943605966268344,4943605966441545
2,3,1048576,29,4943605976692447,4943605977003310
2,3,9437184,0,4943606044107439,4943606044987226
2,3,9437184,1,4943606055229765,4943606056113898
2,3,9437184,2,4943606066406179,4943606067268501
2,3,9437184,3,4943606077590091,4943606078451058
2,3,9437184,4,4943606088843732,4943606089713307
2,3,9437184,5,4943606100039204,4943606100906689
2,3,9437184,6,4943606111222602,4943606112120000
2,3,9437184,7,4943606122418536,4943606123291426
2,3,9437184,8,4943606133730414,4943606134750074
2,3,9437184,9,4943606145150542,4943606146028396
2,3,9437184,10,4943606156321996,4943606157186865
2,3,9437184,11,4943606167432120,4943606168433133
2,3,9437184,12,4943606178750185,4943606179698211
2,3,9437184,13,4943606190021436,4943606190925997
2,3,9437184,14,4943606201177313,4943606202068996
2,3,9437184,15,4943606212461989,4943606213398558
2,3,9437184,16,4943606223848598,4943606224748327
2,3,9437184,17,4943606234968512,4943606235864870
2,3,9437184,18,4943606246185610,4943606247067407
2,3,9437184,19,4943606257443788,4943606258329238
2,3,9437184,20,4943606268647287,4943606269552928
2,3,9437184,21,4943606279858357,4943606281750807
2,3,9437184,22,4943606292216580,4943606293165768
2,3,9437184,23,4943606303556137,4943606304449483
2,3,9437184,24,4943606314768126,4943606315668106
2,3,9437184,25,4943606325945119,4943606326823064
2,3,9437184,26,4943606337226142,4943606338111386
2,3,9437184,27,4943606348367357,4943606349247700
2,3,9437184,28,4943606359508465,4943606360425653
2,3,9437184,29,4943606370748615,4943606371641900
