step,hit,miss,eviction,reload,cumulative_hit,cumulative_miss,cumulative_eviction,cumulative_reload
0,0,6112,2426,0,0,0,0,0
1,7,3825,3825,3825,7,3825,3825,3825
2,0,4740,4740,4740,7,8565,8565,8565
3,0,4857,4857,4857,7,13422,13422,13422
4,0,5053,5053,5053,7,18475,18475,18475
5,0,5083,5083,5083,7,23558,23558,23558
6,0,5147,5147,5147,7,28705,28705,28705
7,0,5171,5171,5171,7,33876,33876,33876
8,0,5225,5225,5225,7,39101,39101,39101
9,0,5298,5298,5298,7,44399,44399,44399
10,0,5324,5324,5324,7,49723,49723,49723
11,0,5335,5335,5335,7,55058,55058,55058
12,0,5402,5402,5402,7,60460,60460,60460
13,0,5431,5431,5431,7,65891,65891,65891
14,0,5426,5426,5426,7,71317,71317,71317
15,0,5527,5527,5527,7,76844,76844,76844
16,0,5447,5447,5447,7,82291,82291,82291
17,0,5488,5488,5488,7,87779,87779,87779
18,0,5519,5519,5519,7,93298,93298,93298
19,0,5524,5524,5524,7,98822,98822,98822
20,0,5527,5527,5527,7,104349,104349,104349
21,0,5469,5469,5469,7,109818,109818,109818
22,0,5521,5521,5521,7,115339,115339,115339
23,0,5512,5512,5509,7,120851,120851,120848
24,0,5510,5510,5509,7,126361,126361,126357
25,0,5505,5505,5505,7,131866,131866,131862
26,0,5555,5555,5554,7,137421,137421,137416
27,0,5603,5603,5603,7,143024,143024,143019
28,0,5552,5552,5552,7,148576,148576,148571
29,0,5555,5555,5555,7,154131,154131,154126
30,0,5486,5486,5486,7,159617,159617,159612
31,0,5557,5557,5557,7,165174,165174,165169
32,0,5573,5573,5573,7,170747,170747,170742
33,0,5556,5556,5556,7,176303,176303,176298
34,0,5607,5607,5607,7,181910,181910,181905
35,0,5537,5537,5537,7,187447,187447,187442
36,0,5577,5577,5577,7,193024,193024,193019
37,0,5548,5548,5548,7,198572,198572,198567
38,0,5518,5518,5518,7,204090,204090,204085
39,0,5539,5539,5539,7,209629,209629,209624
40,0,5642,5642,5642,7,215271,215271,215266
41,0,5688,5688,5688,7,220959,220959,220954
42,0,5603,5603,5603,7,226562,226562,226557
43,0,5615,5615,5615,7,232177,232177,232172
44,0,5558,5558,5558,7,237735,237735,237730
45,0,5601,5601,5601,7,243336,243336,243331
46,0,5614,5614,5614,7,248950,248950,248945
47,0,5590,5590,5590,7,254540,254540,254535
48,0,5699,5699,5699,7,260239,260239,260234
49,0,5663,5663,5663,7,265902,265902,265897
50,0,5566,5566,5566,7,271468,271468,271463
51,0,5610,5610,5610,7,277078,277078,277073
52,0,5592,5592,5592,7,282670,282670,282665
53,0,5627,5627,5627,7,288297,288297,288292
54,0,5675,5675,5675,7,293972,293972,293967
55,0,5677,5677,5677,7,299649,299649,299644
56,0,5635,5635,5635,7,305284,305284,305279
57,0,5638,5638,5638,7,310922,310922,310917
58,0,5715,5715,5715,7,316637,316637,316632
59,0,5768,5768,5768,7,322405,322405,322400
60,0,5752,5752,5752,7,328157,328157,328152
61,0,5787,5787,5787,7,333944,333944,333939
62,0,5756,5756,5756,7,339700,339700,339695
63,0,5791,5791,5791,7,345491,345491,345486
64,0,5732,5732,5732,7,351223,351223,351218
65,0,5790,5790,5790,7,357013,357013,357008
66,0,5765,5765,5765,7,362778,362778,362773
67,0,5788,5788,5788,7,368566,368566,368561
68,0,5786,5786,5786,7,374352,374352,374347
69,0,5797,5797,5797,7,380149,380149,380144
70,0,5601,5601,5601,7,385750,385750,385745
71,0,5729,5729,5729,7,391479,391479,391474
72,0,5694,5694,5694,7,397173,397173,397168
73,0,5764,5764,5764,7,402937,402937,402932
74,0,5734,5734,5734,7,408671,408671,408666
75,0,5760,5760,5760,7,414431,414431,414426
76,0,5743,5743,5743,7,420174,420174,420169
77,0,5746,5746,5746,7,425920,425920,425915
78,0,5700,5700,5700,7,431620,431620,431615
79,0,5765,5765,5765,7,437385,437385,437380
80,0,5759,5759,5759,7,443144,443144,443139
81,0,5801,5801,5801,7,448945,448945,448940
82,0,5794,5794,5794,7,454739,454739,454734
83,0,5834,5834,5834,7,460573,460573,460568
84,0,5863,5863,5863,7,466436,466436,466431
85,0,5824,5824,5824,7,472260,472260,472255
86,0,5792,5792,5792,7,478052,478052,478047
87,0,5769,5769,5769,7,483821,483821,483816
88,0,5707,5707,5707,7,489528,489528,489523
89,0,5793,5793,5793,7,495321,495321,495316
90,0,5783,5783,5783,7,501104,501104,501099
91,0,5815,5815,5815,7,506919,506919,506914
92,0,5825,5825,5825,7,512744,512744,512739
93,0,5805,5805,5805,7,518549,518549,518544
94,0,5788,5788,5788,7,524337,524337,524332
95,0,5789,5789,5789,7,530126,530126,530121
96,0,5829,5829,5829,7,535955,535955,535950
97,0,5838,5838,5838,7,541793,541793,541788
98,0,5798,5798,5798,7,547591,547591,547586
99,0,5866,5866,5866,7,553457,553457,553452
100,0,5863,5863,5863,7,559320,559320,559315
101,0,5894,5894,5894,7,565214,565214,565209
102,0,5910,5910,5910,7,571124,571124,571119
103,0,5840,5840,5840,7,576964,576964,576959
104,0,5833,5833,5833,7,582797,582797,582792
105,0,5843,5843,5843,7,588640,588640,588635
106,0,5891,5891,5891,7,594531,594531,594526
107,0,5856,5856,5856,7,600387,600387,600382
108,0,5850,5850,5850,7,606237,606237,606232
109,0,5849,5849,5849,7,612086,612086,612081
110,0,5841,5841,5840,7,617927,617927,617921
111,0,5842,5842,5842,7,623769,623769,623763
112,0,5813,5813,5813,7,629582,629582,629576
113,0,5836,5836,5836,7,635418,635418,635412
114,0,5852,5852,5852,7,641270,641270,641264
115,0,5804,5804,5804,7,647074,647074,647068
116,0,5833,5833,5833,7,652907,652907,652901
117,0,5881,5881,5881,7,658788,658788,658782
118,0,5852,5852,5852,7,664640,664640,664634
119,0,5855,5855,5855,7,670495,670495,670489
120,0,5860,5860,5860,7,676355,676355,676349
121,0,5862,5862,5862,7,682217,682217,682211
122,0,5861,5861,5861,7,688078,688078,688072
123,0,5856,5856,5856,7,693934,693934,693928
124,0,5886,5886,5886,7,699820,699820,699814
125,0,5802,5802,5802,7,705622,705622,705616
126,0,5831,5831,5831,7,711453,711453,711447
127,0,5869,5869,5869,7,717322,717322,717316
128,0,5849,5849,5849,7,723171,723171,723165
129,0,5860,5860,5860,7,729031,729031,729025
130,0,5852,5852,5852,7,734883,734883,734877
131,0,5895,5895,5895,7,740778,740778,740772
132,0,5827,5827,5827,7,746605,746605,746599
133,0,5873,5873,5873,7,752478,752478,752472
134,0,5881,5881,5881,7,758359,758359,758353
135,0,5871,5871,5871,7,764230,764230,764224
136,0,5917,5917,5917,7,770147,770147,770141
137,0,5858,5858,5858,7,776005,776005,775999
138,0,5839,5839,5839,7,781844,781844,781838
139,0,5860,5860,5860,7,787704,787704,787698
140,0,5864,5864,5864,7,793568,793568,793562
141,0,5905,5905,5905,7,799473,799473,799467
142,0,5915,5915,5915,7,805388,805388,805382
143,0,5907,5907,5907,7,811295,811295,811289
144,0,5877,5877,5877,7,817172,817172,817166
145,0,5873,5873,5873,7,823045,823045,823039
146,0,5902,5902,5902,7,828947,828947,828941
147,0,5905,5905,5905,7,834852,834852,834846
148,0,5902,5902,5902,7,840754,840754,840748
149,0,5911,5911,5911,7,846665,846665,846659
150,0,5879,5879,5879,7,852544,852544,852538
151,0,5876,5876,5876,7,858420,858420,858414
152,0,5885,5885,5885,7,864305,864305,864299
153,0,5918,5918,5918,7,870223,870223,870217
154,0,5902,5902,5902,7,876125,876125,876119
155,0,5898,5898,5898,7,882023,882023,882017
156,0,5868,5868,5868,7,887891,887891,887885
157,0,5876,5876,5876,7,893767,893767,893761
158,0,5929,5929,5929,7,899696,899696,899690
159,0,5915,5915,5915,7,905611,905611,905605
160,0,5892,5892,5892,7,911503,911503,911497
161,0,5831,5831,5831,7,917334,917334,917328
162,0,5897,5897,5897,7,923231,923231,923225
163,0,5892,5892,5892,7,929123,929123,929117
164,0,5874,5874,5874,7,934997,934997,934991
165,0,5813,5813,5813,7,940810,940810,940804
166,0,5863,5863,5863,7,946673,946673,946667
167,0,5831,5831,5831,7,952504,952504,952498
168,0,5854,5854,5854,7,958358,958358,958352
169,0,5861,5861,5861,7,964219,964219,964213
170,0,5912,5912,5912,7,970131,970131,970125
171,0,5881,5881,5881,7,976012,976012,976006
172,0,5888,5888,5888,7,981900,981900,981894
173,0,5890,5890,5890,7,987790,987790,987784
174,0,5868,5868,5868,7,993658,993658,993652
175,0,5867,5867,5867,7,999525,999525,999519
176,0,5894,5894,5894,7,1005419,1005419,1005413
177,0,5880,5880,5880,7,1011299,1011299,1011293
178,0,5882,5882,5882,7,1017181,1017181,1017175
179,0,5831,5831,5831,7,1023012,1023012,1023006
180,0,5851,5851,5851,7,1028863,1028863,1028857
181,0,5835,5835,5835,7,1034698,1034698,1034692
182,0,5868,5868,5868,7,1040566,1040566,1040560
183,0,5841,5841,5841,7,1046407,1046407,1046401
184,0,5902,5902,5902,7,1052309,1052309,1052303
185,0,5867,5867,5867,7,1058176,1058176,1058170
186,0,5849,5849,5849,7,1064025,1064025,1064019
187,0,5862,5862,5862,7,1069887,1069887,1069881
188,0,5894,5894,5894,7,1075781,1075781,1075775
189,0,5871,5871,5871,7,1081652,1081652,1081646
190,0,5887,5887,5887,7,1087539,1087539,1087533
191,0,5891,5891,5891,7,1093430,1093430,1093424
192,0,5814,5814,5814,7,1099244,1099244,1099238
193,0,5862,5862,5862,7,1105106,1105106,1105100
194,0,5917,5917,5917,7,1111023,1111023,1111017
195,0,5886,5886,5886,7,1116909,1116909,1116903
196,0,5881,5881,5881,7,1122790,1122790,1122784
197,0,5880,5880,5880,7,1128670,1128670,1128664
198,0,5872,5872,5872,7,1134542,1134542,1134536
199,0,5925,5925,5925,7,1140467,1140467,1140461
200,0,5865,5865,5865,7,1146332,1146332,1146326
201,0,5898,5898,5898,7,1152230,1152230,1152224
202,0,5881,5881,5881,7,1158111,1158111,1158105
203,0,5834,5834,5834,7,1163945,1163945,1163939
204,0,5865,5865,5865,7,1169810,1169810,1169804
205,0,5945,5945,5945,7,1175755,1175755,1175749
206,0,5905,5905,5905,7,1181660,1181660,1181654
207,0,5883,5883,5883,7,1187543,1187543,1187537
208,0,5912,5912,5912,7,1193455,1193455,1193449
209,0,5852,5852,5852,7,1199307,1199307,1199301
210,0,5941,5941,5941,7,1205248,1205248,1205242
211,0,5915,5915,5915,7,1211163,1211163,1211157
212,0,5919,5919,5919,7,1217082,1217082,1217076
213,0,5939,5939,5939,7,1223021,1223021,1223015
214,0,5902,5902,5902,7,1228923,1228923,1228917
215,0,5929,5929,5929,7,1234852,1234852,1234846
216,0,5933,5933,5933,7,1240785,1240785,1240779
217,0,5935,5935,5935,7,1246720,1246720,1246714
218,0,5950,5950,5950,7,1252670,1252670,1252664
219,0,5901,5901,5901,7,1258571,1258571,1258565
220,0,5904,5904,5904,7,1264475,1264475,1264469
221,0,5913,5913,5913,7,1270388,1270388,1270382
222,0,5874,5874,5874,7,1276262,1276262,1276256
223,0,5907,5907,5907,7,1282169,1282169,1282163
224,0,5925,5925,5925,7,1288094,1288094,1288088
225,0,5919,5919,5919,7,1294013,1294013,1294007
226,0,5897,5897,5897,7,1299910,1299910,1299904
227,0,5923,5923,5923,7,1305833,1305833,1305827
228,0,5879,5879,5879,7,1311712,1311712,1311706
229,0,5885,5885,5885,7,1317597,1317597,1317591
230,0,5897,5897,5897,7,1323494,1323494,1323488
231,0,5894,5894,5894,7,1329388,1329388,1329382
232,0,5883,5883,5883,7,1335271,1335271,1335265
233,0,5895,5895,5895,7,1341166,1341166,1341160
234,0,5883,5883,5883,7,1347049,1347049,1347043
235,0,5919,5919,5919,7,1352968,1352968,1352962
236,0,5910,5910,5910,7,1358878,1358878,1358872
237,0,5898,5898,5898,7,1364776,1364776,1364770
238,0,5910,5910,5910,7,1370686,1370686,1370680
239,0,5909,5909,5909,7,1376595,1376595,1376589
240,0,5891,5891,5891,7,1382486,1382486,1382480
241,0,5878,5878,5878,7,1388364,1388364,1388358
242,0,5892,5892,5892,7,1394256,1394256,1394250
243,0,5932,5932,5932,7,1400188,1400188,1400182
244,0,5903,5903,5903,7,1406091,1406091,1406085
245,0,5906,5906,5906,7,1411997,1411997,1411991
246,0,5920,5920,5920,7,1417917,1417917,1417911
247,0,5894,5894,5894,7,1423811,1423811,1423805
248,0,5902,5902,5902,7,1429713,1429713,1429707
249,0,5858,5858,5858,7,1435571,1435571,1435565
250,0,5892,5892,5892,7,1441463,1441463,1441457
251,0,5871,5871,5871,7,1447334,1447334,1447328
252,0,5873,5873,5873,7,1453207,1453207,1453201
253,0,5940,5940,5940,7,1459147,1459147,1459141
254,0,5851,5851,5851,7,1464998,1464998,1464992
255,0,5905,5905,5905,7,1470903,1470903,1470897
256,0,5901,5901,5901,7,1476804,1476804,1476798
