kind,mode,pass_id,case,samples,median_ms,p90_ms
pair,T0,0,1,30,0.06651200354099274,0.07602240070700646
pair,T0,0,2,30,0.06639999896287918,0.07756160125136376
pair,T0,0,4,30,0.0652959980070591,0.06969279944896699
pair,T0,0,8,30,0.06680000200867653,0.08098559752106667
pair,T0,0,16,30,0.0650239996612072,0.0825599990785122
pair,T0,0,32,30,0.06601599976420403,0.07057280093431473
pair,T0,0,64,30,0.06617600098252296,0.07705600187182428
pair,T0,0,128,30,0.06857600063085556,0.07882239893078805
pair,T0,0,256,30,0.06831999868154526,0.07908160313963891
pair,T0,0,512,30,0.07015999779105186,0.07560959905385972
pair,R3,0,1,30,0.09656000137329102,0.12050559744238853
pair,R3,0,2,30,0.09531199932098389,0.11396800130605698
pair,R3,0,4,30,0.09353599697351456,0.11078400239348413
pair,R3,0,8,30,0.09243199974298477,0.10332160219550134
pair,R3,0,16,30,0.0756320022046566,0.09105600342154503
pair,R3,0,32,30,0.07342400029301643,0.09388479962944986
pair,R3,0,64,30,0.0822560004889965,0.08508799970149994
pair,R3,0,128,30,0.11083200201392174,0.11487680152058602
pair,R3,0,256,30,0.16500800102949142,0.1713152050971985
pair,R3,0,512,30,0.2643519937992096,0.27253439128398893
pair,R3,1,1,30,0.20217599719762802,0.2632064014673233
pair,R3,1,2,30,0.1400960013270378,0.170448000729084
pair,R3,1,4,30,0.13332799822092056,0.15272639840841293
pair,R3,1,8,30,0.10328000038862228,0.1165023997426033
pair,R3,1,16,30,0.08118399977684021,0.09223999679088593
pair,R3,1,32,30,0.0750880017876625,0.08970239758491516
pair,R3,1,64,30,0.08374399691820145,0.08608639985322952
pair,R3,1,128,30,0.1114719994366169,0.11999359726905823
pair,R3,1,256,30,0.1682879999279976,0.17334399968385697
pair,R3,1,512,30,0.2663999944925308,0.2727199912071228
pair,T0,1,1,30,0.08873599767684937,0.10642239749431612
pair,T0,1,2,30,0.07372799888253212,0.08873600140213966
pair,T0,1,4,30,0.07262400165200233,0.08065279945731163
pair,T0,1,8,30,0.0732639990746975,0.0829567976295948
pair,T0,1,16,30,0.07043199986219406,0.07682560086250306
pair,T0,1,32,30,0.0713759995996952,0.07654720097780228
pair,T0,1,64,30,0.07331199944019318,0.07883840128779412
pair,T0,1,128,30,0.07460800185799599,0.08618879914283753
pair,T0,1,256,30,0.07332799956202507,0.08590719774365425
pair,T0,1,512,30,0.07396799698472023,0.08303359672427178
h2d,T0,,single-rank,30,0.1812959983944893,0.18238399624824525
h2d,T0,,four-rank-concurrent,30,0.18876799941062927,0.24464640468359
pair-pooled,T0,,1,60,0.08124800026416779,0.09612480029463769
pair-pooled,T0,,2,60,0.07129599899053574,0.08304959833621979
pair-pooled,T0,,4,60,0.06937599927186966,0.07742720022797585
pair-pooled,T0,,8,60,0.07148800045251846,0.0824000008404255
pair-pooled,T0,,16,60,0.06913599744439125,0.08066560178995133
pair-pooled,T0,,32,60,0.06912000104784966,0.07552640065550804
pair-pooled,T0,,64,60,0.07177600264549255,0.07881280183792115
pair-pooled,T0,,128,60,0.0724640004336834,0.08477119654417038
pair-pooled,T0,,256,60,0.07199999690055847,0.08452160209417343
pair-pooled,T0,,512,60,0.07264000177383423,0.0796832025051117
pair-pooled,R3,,1,60,0.15385600179433823,0.22878719717264176
pair-pooled,R3,,2,60,0.1268479973077774,0.1652191996574402
pair-pooled,R3,,4,60,0.11777599900960922,0.1449055999517441
pair-pooled,R3,,8,60,0.09756800159811974,0.11187520176172257
pair-pooled,R3,,16,60,0.07859200239181519,0.09200639724731446
pair-pooled,R3,,32,60,0.07467200234532356,0.09007039815187455
pair-pooled,R3,,64,60,0.08316799998283386,0.08566399663686752
pair-pooled,R3,,128,60,0.11108800023794174,0.11693120151758195
pair-pooled,R3,,256,60,0.16635199636220932,0.1733024001121521
pair-pooled,R3,,512,60,0.26531200110912323,0.27264959216117857
