batch,n,occurrences,remote_routes,dispatch_bytes_saved,combine_bytes_saved,peer_bytes_saved,shared_owner_routes
8,1,13148,13148,8884224,53854208,62738432,10979
8,2,6921,13842,7512064,56696832,64208896,12008
8,3,3205,9615,6041600,39383040,45424640,8140
8,4,1652,6608,4132864,27066368,31199232,5599
8,5,1239,6195,4206592,25374720,29581312,5168
8,6,623,3738,2625536,15310848,17936384,3097
8,7,369,2583,1605632,10579968,12185600,2191
8,8,359,2872,417792,11763712,12181504,2770
16,1,14281,14281,10227712,58494976,68722688,11784
16,2,6685,13370,8654848,54763520,63418368,11257
16,3,3431,10293,7122944,42160128,49283072,8554
16,4,2621,10484,6713344,42942464,49655808,8845
16,5,2622,13110,6934528,53698560,60633088,11417
16,6,1623,9738,6651904,39886848,46538752,8114
16,7,1323,9261,5423104,37933056,43356160,7937
16,8,882,7056,4616192,28901376,33517568,5929
16,9,753,6777,4481024,27758592,32239616,5683
16,10,607,6070,3076096,24862720,27938816,5319
16,11,660,7260,2977792,29736960,32714752,6533
16,12,415,4980,2236416,20398080,22634496,4434
16,13,265,3445,1966080,14110720,16076800,2965
16,14,251,3514,1241088,14393344,15634432,3211
16,15,238,3570,831488,14622720,15454208,3367
16,16,206,3296,258048,13500416,13758464,3233
32,1,13942,13942,10502144,57106432,67608576,11378
32,2,6338,12676,9687040,51920896,61607936,10311
32,3,5010,15030,8855552,61562880,70418432,12868
32,4,3137,12548,7168000,51396608,58564608,10798
32,5,2124,10620,6356992,43499520,49856512,9068
32,6,1644,9864,6062080,40402944,46465024,8384
32,7,1309,9163,5369856,37531648,42901504,7852
32,8,998,7984,5079040,32702464,37781504,6744
32,9,963,8667,4313088,35500032,39813120,7614
32,10,1127,11270,4460544,46161920,50622464,10181
32,11,827,9097,4292608,37261312,41553920,8049
32,12,939,11268,4902912,46153728,51056640,10071
32,13,852,11076,4681728,45367296,50049024,9933
32,14,621,8694,4792320,35610624,40402944,7524
32,15,593,8895,4673536,36433920,41107456,7754
32,16,544,8704,4325376,35651584,39976960,7648
32,17,424,7208,4222976,29523968,33746944,6177
32,18,390,7020,4628480,28753920,33382400,5890
32,19,322,6118,3829760,25059328,28889088,5183
32,20,347,6940,4268032,28426240,32694272,5898
32,21,353,7413,4755456,30363648,35119104,6252
32,22,320,7040,3788800,28835840,32624640,6115
32,23,260,5980,3481600,24494080,27975680,5130
32,24,285,6840,4435968,28016640,32452608,5757
32,25,247,6175,3428352,25292800,28721152,5338
32,26,180,4680,3272704,19169280,22441984,3881
32,27,175,4725,1961984,19353600,21315584,4246
32,28,131,3668,1515520,15024128,16539648,3298
32,29,100,2900,1871872,11878400,13750272,2443
32,30,107,3210,1261568,13148160,14409728,2902
32,31,237,7347,1437696,30093312,31531008,6996
32,32,102,3264,225280,13369344,13594624,3209
