batch,mode,h2d_condition,metric,n_star,remote_occurrences,crossing_occurrences,candidate_fraction,remote_route_fraction,marginal_peer_fraction,distinct_pairs,layer_distribution
8,T0,single-rank,median,>512,27516,0,0.0,0.0,0.0,0,"{'0': 0, '1': 0, '2': 0, '3': 0, '4': 0, '5': 0, '6': 0, '7': 0, '8': 0, '9': 0, '10': 0, '11': 0, '12': 0, '13': 0, '14': 0, '15': 0, '16': 0, '17': 0, '18': 0, '19': 0, '20': 0, '21': 0, '22': 0, '23': 0, '24': 0, '25': 0, '26': 0, '27': 0, '28': 0, '29': 0, '30': 0, '31': 0, '32': 0, '33': 0, '34': 0, '35': 0, '36': 0, '37': 0, '38': 0, '39': 0, '40': 0, '41': 0, '42': 0, '43': 0, '44': 0, '45': 0, '46': 0, '47': 0}"
8,T0,single-rank,p90,>512,27516,0,0.0,0.0,0.0,0,"{'0': 0, '1': 0, '2': 0, '3': 0, '4': 0, '5': 0, '6': 0, '7': 0, '8': 0, '9': 0, '10': 0, '11': 0, '12': 0, '13': 0, '14': 0, '15': 0, '16': 0, '17': 0, '18': 0, '19': 0, '20': 0, '21': 0, '22': 0, '23': 0, '24': 0, '25': 0, '26': 0, '27': 0, '28': 0, '29': 0, '30': 0, '31': 0, '32': 0, '33': 0, '34': 0, '35': 0, '36': 0, '37': 0, '38': 0, '39': 0, '40': 0, '41': 0, '42': 0, '43': 0, '44': 0, '45': 0, '46': 0, '47': 0}"
8,T0,four-rank-concurrent,median,>512,27516,0,0.0,0.0,0.0,0,"{'0': 0, '1': 0, '2': 0, '3': 0, '4': 0, '5': 0, '6': 0, '7': 0, '8': 0, '9': 0, '10': 0, '11': 0, '12': 0, '13': 0, '14': 0, '15': 0, '16': 0, '17': 0, '18': 0, '19': 0, '20': 0, '21': 0, '22': 0, '23': 0, '24': 0, '25': 0, '26': 0, '27': 0, '28': 0, '29': 0, '30': 0, '31': 0, '32': 0, '33': 0, '34': 0, '35': 0, '36': 0, '37': 0, '38': 0, '39': 0, '40': 0, '41': 0, '42': 0, '43': 0, '44': 0, '45': 0, '46': 0, '47': 0}"
8,T0,four-rank-concurrent,p90,>512,27516,0,0.0,0.0,0.0,0,"{'0': 0, '1': 0, '2': 0, '3': 0, '4': 0, '5': 0, '6': 0, '7': 0, '8': 0, '9': 0, '10': 0, '11': 0, '12': 0, '13': 0, '14': 0, '15': 0, '16': 0, '17': 0, '18': 0, '19': 0, '20': 0, '21': 0, '22': 0, '23': 0, '24': 0, '25': 0, '26': 0, '27': 0, '28': 0, '29': 0, '30': 0, '31': 0, '32': 0, '33': 0, '34': 0, '35': 0, '36': 0, '37': 0, '38': 0, '39': 0, '40': 0, '41': 0, '42': 0, '43': 0, '44': 0, '45': 0, '46': 0, '47': 0}"
8,R3,single-rank,median,512,27516,0,0.0,0.0,0.0,0,"{'0': 0, '1': 0, '2': 0, '3': 0, '4': 0, '5': 0, '6': 0, '7': 0, '8': 0, '9': 0, '10': 0, '11': 0, '12': 0, '13': 0, '14': 0, '15': 0, '16': 0, '17': 0, '18': 0, '19': 0, '20': 0, '21': 0, '22': 0, '23': 0, '24': 0, '25': 0, '26': 0, '27': 0, '28': 0, '29': 0, '30': 0, '31': 0, '32': 0, '33': 0, '34': 0, '35': 0, '36': 0, '37': 0, '38': 0, '39': 0, '40': 0, '41': 0, '42': 0, '43': 0, '44': 0, '45': 0, '46': 0, '47': 0}"
8,R3,single-rank,p90,1,27516,27516,1.0,1.0,1.0,9434,"{'0': 641, '1': 598, '2': 596, '3': 584, '4': 571, '5': 555, '6': 526, '7': 582, '8': 631, '9': 590, '10': 561, '11': 582, '12': 583, '13': 552, '14': 581, '15': 571, '16': 526, '17': 516, '18': 516, '19': 556, '20': 551, '21': 527, '22': 574, '23': 538, '24': 571, '25': 541, '26': 578, '27': 588, '28': 557, '29': 560, '30': 569, '31': 526, '32': 576, '33': 510, '34': 556, '35': 586, '36': 561, '37': 559, '38': 575, '39': 570, '40': 589, '41': 568, '42': 622, '43': 598, '44': 634, '45': 606, '46': 650, '47': 658}"
8,R3,four-rank-concurrent,median,512,27516,0,0.0,0.0,0.0,0,"{'0': 0, '1': 0, '2': 0, '3': 0, '4': 0, '5': 0, '6': 0, '7': 0, '8': 0, '9': 0, '10': 0, '11': 0, '12': 0, '13': 0, '14': 0, '15': 0, '16': 0, '17': 0, '18': 0, '19': 0, '20': 0, '21': 0, '22': 0, '23': 0, '24': 0, '25': 0, '26': 0, '27': 0, '28': 0, '29': 0, '30': 0, '31': 0, '32': 0, '33': 0, '34': 0, '35': 0, '36': 0, '37': 0, '38': 0, '39': 0, '40': 0, '41': 0, '42': 0, '43': 0, '44': 0, '45': 0, '46': 0, '47': 0}"
8,R3,four-rank-concurrent,p90,512,27516,0,0.0,0.0,0.0,0,"{'0': 0, '1': 0, '2': 0, '3': 0, '4': 0, '5': 0, '6': 0, '7': 0, '8': 0, '9': 0, '10': 0, '11': 0, '12': 0, '13': 0, '14': 0, '15': 0, '16': 0, '17': 0, '18': 0, '19': 0, '20': 0, '21': 0, '22': 0, '23': 0, '24': 0, '25': 0, '26': 0, '27': 0, '28': 0, '29': 0, '30': 0, '31': 0, '32': 0, '33': 0, '34': 0, '35': 0, '36': 0, '37': 0, '38': 0, '39': 0, '40': 0, '41': 0, '42': 0, '43': 0, '44': 0, '45': 0, '46': 0, '47': 0}"
16,T0,single-rank,median,>512,36863,0,0.0,0.0,0.0,0,"{'0': 0, '1': 0, '2': 0, '3': 0, '4': 0, '5': 0, '6': 0, '7': 0, '8': 0, '9': 0, '10': 0, '11': 0, '12': 0, '13': 0, '14': 0, '15': 0, '16': 0, '17': 0, '18': 0, '19': 0, '20': 0, '21': 0, '22': 0, '23': 0, '24': 0, '25': 0, '26': 0, '27': 0, '28': 0, '29': 0, '30': 0, '31': 0, '32': 0, '33': 0, '34': 0, '35': 0, '36': 0, '37': 0, '38': 0, '39': 0, '40': 0, '41': 0, '42': 0, '43': 0, '44': 0, '45': 0, '46': 0, '47': 0}"
16,T0,single-rank,p90,>512,36863,0,0.0,0.0,0.0,0,"{'0': 0, '1': 0, '2': 0, '3': 0, '4': 0, '5': 0, '6': 0, '7': 0, '8': 0, '9': 0, '10': 0, '11': 0, '12': 0, '13': 0, '14': 0, '15': 0, '16': 0, '17': 0, '18': 0, '19': 0, '20': 0, '21': 0, '22': 0, '23': 0, '24': 0, '25': 0, '26': 0, '27': 0, '28': 0, '29': 0, '30': 0, '31': 0, '32': 0, '33': 0, '34': 0, '35': 0, '36': 0, '37': 0, '38': 0, '39': 0, '40': 0, '41': 0, '42': 0, '43': 0, '44': 0, '45': 0, '46': 0, '47': 0}"
16,T0,four-rank-concurrent,median,>512,36863,0,0.0,0.0,0.0,0,"{'0': 0, '1': 0, '2': 0, '3': 0, '4': 0, '5': 0, '6': 0, '7': 0, '8': 0, '9': 0, '10': 0, '11': 0, '12': 0, '13': 0, '14': 0, '15': 0, '16': 0, '17': 0, '18': 0, '19': 0, '20': 0, '21': 0, '22': 0, '23': 0, '24': 0, '25': 0, '26': 0, '27': 0, '28': 0, '29': 0, '30': 0, '31': 0, '32': 0, '33': 0, '34': 0, '35': 0, '36': 0, '37': 0, '38': 0, '39': 0, '40': 0, '41': 0, '42': 0, '43': 0, '44': 0, '45': 0, '46': 0, '47': 0}"
16,T0,four-rank-concurrent,p90,>512,36863,0,0.0,0.0,0.0,0,"{'0': 0, '1': 0, '2': 0, '3': 0, '4': 0, '5': 0, '6': 0, '7': 0, '8': 0, '9': 0, '10': 0, '11': 0, '12': 0, '13': 0, '14': 0, '15': 0, '16': 0, '17': 0, '18': 0, '19': 0, '20': 0, '21': 0, '22': 0, '23': 0, '24': 0, '25': 0, '26': 0, '27': 0, '28': 0, '29': 0, '30': 0, '31': 0, '32': 0, '33': 0, '34': 0, '35': 0, '36': 0, '37': 0, '38': 0, '39': 0, '40': 0, '41': 0, '42': 0, '43': 0, '44': 0, '45': 0, '46': 0, '47': 0}"
16,R3,single-rank,median,512,36863,0,0.0,0.0,0.0,0,"{'0': 0, '1': 0, '2': 0, '3': 0, '4': 0, '5': 0, '6': 0, '7': 0, '8': 0, '9': 0, '10': 0, '11': 0, '12': 0, '13': 0, '14': 0, '15': 0, '16': 0, '17': 0, '18': 0, '19': 0, '20': 0, '21': 0, '22': 0, '23': 0, '24': 0, '25': 0, '26': 0, '27': 0, '28': 0, '29': 0, '30': 0, '31': 0, '32': 0, '33': 0, '34': 0, '35': 0, '36': 0, '37': 0, '38': 0, '39': 0, '40': 0, '41': 0, '42': 0, '43': 0, '44': 0, '45': 0, '46': 0, '47': 0}"
16,R3,single-rank,p90,1,36863,36863,1.0,1.0,1.0,11211,"{'0': 886, '1': 819, '2': 824, '3': 776, '4': 746, '5': 744, '6': 687, '7': 749, '8': 858, '9': 791, '10': 731, '11': 774, '12': 792, '13': 761, '14': 769, '15': 754, '16': 710, '17': 707, '18': 702, '19': 689, '20': 732, '21': 715, '22': 745, '23': 730, '24': 735, '25': 706, '26': 794, '27': 791, '28': 743, '29': 755, '30': 756, '31': 706, '32': 776, '33': 702, '34': 762, '35': 790, '36': 712, '37': 741, '38': 789, '39': 752, '40': 805, '41': 762, '42': 844, '43': 798, '44': 829, '45': 824, '46': 891, '47': 909}"
16,R3,four-rank-concurrent,median,512,36863,0,0.0,0.0,0.0,0,"{'0': 0, '1': 0, '2': 0, '3': 0, '4': 0, '5': 0, '6': 0, '7': 0, '8': 0, '9': 0, '10': 0, '11': 0, '12': 0, '13': 0, '14': 0, '15': 0, '16': 0, '17': 0, '18': 0, '19': 0, '20': 0, '21': 0, '22': 0, '23': 0, '24': 0, '25': 0, '26': 0, '27': 0, '28': 0, '29': 0, '30': 0, '31': 0, '32': 0, '33': 0, '34': 0, '35': 0, '36': 0, '37': 0, '38': 0, '39': 0, '40': 0, '41': 0, '42': 0, '43': 0, '44': 0, '45': 0, '46': 0, '47': 0}"
16,R3,four-rank-concurrent,p90,512,36863,0,0.0,0.0,0.0,0,"{'0': 0, '1': 0, '2': 0, '3': 0, '4': 0, '5': 0, '6': 0, '7': 0, '8': 0, '9': 0, '10': 0, '11': 0, '12': 0, '13': 0, '14': 0, '15': 0, '16': 0, '17': 0, '18': 0, '19': 0, '20': 0, '21': 0, '22': 0, '23': 0, '24': 0, '25': 0, '26': 0, '27': 0, '28': 0, '29': 0, '30': 0, '31': 0, '32': 0, '33': 0, '34': 0, '35': 0, '36': 0, '37': 0, '38': 0, '39': 0, '40': 0, '41': 0, '42': 0, '43': 0, '44': 0, '45': 0, '46': 0, '47': 0}"
32,T0,single-rank,median,>512,44948,0,0.0,0.0,0.0,0,"{'0': 0, '1': 0, '2': 0, '3': 0, '4': 0, '5': 0, '6': 0, '7': 0, '8': 0, '9': 0, '10': 0, '11': 0, '12': 0, '13': 0, '14': 0, '15': 0, '16': 0, '17': 0, '18': 0, '19': 0, '20': 0, '21': 0, '22': 0, '23': 0, '24': 0, '25': 0, '26': 0, '27': 0, '28': 0, '29': 0, '30': 0, '31': 0, '32': 0, '33': 0, '34': 0, '35': 0, '36': 0, '37': 0, '38': 0, '39': 0, '40': 0, '41': 0, '42': 0, '43': 0, '44': 0, '45': 0, '46': 0, '47': 0}"
32,T0,single-rank,p90,>512,44948,0,0.0,0.0,0.0,0,"{'0': 0, '1': 0, '2': 0, '3': 0, '4': 0, '5': 0, '6': 0, '7': 0, '8': 0, '9': 0, '10': 0, '11': 0, '12': 0, '13': 0, '14': 0, '15': 0, '16': 0, '17': 0, '18': 0, '19': 0, '20': 0, '21': 0, '22': 0, '23': 0, '24': 0, '25': 0, '26': 0, '27': 0, '28': 0, '29': 0, '30': 0, '31': 0, '32': 0, '33': 0, '34': 0, '35': 0, '36': 0, '37': 0, '38': 0, '39': 0, '40': 0, '41': 0, '42': 0, '43': 0, '44': 0, '45': 0, '46': 0, '47': 0}"
32,T0,four-rank-concurrent,median,>512,44948,0,0.0,0.0,0.0,0,"{'0': 0, '1': 0, '2': 0, '3': 0, '4': 0, '5': 0, '6': 0, '7': 0, '8': 0, '9': 0, '10': 0, '11': 0, '12': 0, '13': 0, '14': 0, '15': 0, '16': 0, '17': 0, '18': 0, '19': 0, '20': 0, '21': 0, '22': 0, '23': 0, '24': 0, '25': 0, '26': 0, '27': 0, '28': 0, '29': 0, '30': 0, '31': 0, '32': 0, '33': 0, '34': 0, '35': 0, '36': 0, '37': 0, '38': 0, '39': 0, '40': 0, '41': 0, '42': 0, '43': 0, '44': 0, '45': 0, '46': 0, '47': 0}"
32,T0,four-rank-concurrent,p90,>512,44948,0,0.0,0.0,0.0,0,"{'0': 0, '1': 0, '2': 0, '3': 0, '4': 0, '5': 0, '6': 0, '7': 0, '8': 0, '9': 0, '10': 0, '11': 0, '12': 0, '13': 0, '14': 0, '15': 0, '16': 0, '17': 0, '18': 0, '19': 0, '20': 0, '21': 0, '22': 0, '23': 0, '24': 0, '25': 0, '26': 0, '27': 0, '28': 0, '29': 0, '30': 0, '31': 0, '32': 0, '33': 0, '34': 0, '35': 0, '36': 0, '37': 0, '38': 0, '39': 0, '40': 0, '41': 0, '42': 0, '43': 0, '44': 0, '45': 0, '46': 0, '47': 0}"
32,R3,single-rank,median,512,44948,0,0.0,0.0,0.0,0,"{'0': 0, '1': 0, '2': 0, '3': 0, '4': 0, '5': 0, '6': 0, '7': 0, '8': 0, '9': 0, '10': 0, '11': 0, '12': 0, '13': 0, '14': 0, '15': 0, '16': 0, '17': 0, '18': 0, '19': 0, '20': 0, '21': 0, '22': 0, '23': 0, '24': 0, '25': 0, '26': 0, '27': 0, '28': 0, '29': 0, '30': 0, '31': 0, '32': 0, '33': 0, '34': 0, '35': 0, '36': 0, '37': 0, '38': 0, '39': 0, '40': 0, '41': 0, '42': 0, '43': 0, '44': 0, '45': 0, '46': 0, '47': 0}"
32,R3,single-rank,p90,1,44948,44948,1.0,1.0,1.0,12960,"{'0': 1111, '1': 980, '2': 1000, '3': 936, '4': 895, '5': 888, '6': 822, '7': 848, '8': 1033, '9': 921, '10': 908, '11': 967, '12': 966, '13': 922, '14': 915, '15': 922, '16': 880, '17': 887, '18': 863, '19': 829, '20': 907, '21': 907, '22': 934, '23': 935, '24': 921, '25': 864, '26': 967, '27': 934, '28': 890, '29': 921, '30': 921, '31': 877, '32': 953, '33': 885, '34': 930, '35': 1006, '36': 858, '37': 880, '38': 930, '39': 890, '40': 955, '41': 917, '42': 1033, '43': 965, '44': 1004, '45': 1039, '46': 1101, '47': 1131}"
32,R3,four-rank-concurrent,median,512,44948,0,0.0,0.0,0.0,0,"{'0': 0, '1': 0, '2': 0, '3': 0, '4': 0, '5': 0, '6': 0, '7': 0, '8': 0, '9': 0, '10': 0, '11': 0, '12': 0, '13': 0, '14': 0, '15': 0, '16': 0, '17': 0, '18': 0, '19': 0, '20': 0, '21': 0, '22': 0, '23': 0, '24': 0, '25': 0, '26': 0, '27': 0, '28': 0, '29': 0, '30': 0, '31': 0, '32': 0, '33': 0, '34': 0, '35': 0, '36': 0, '37': 0, '38': 0, '39': 0, '40': 0, '41': 0, '42': 0, '43': 0, '44': 0, '45': 0, '46': 0, '47': 0}"
32,R3,four-rank-concurrent,p90,512,44948,0,0.0,0.0,0.0,0,"{'0': 0, '1': 0, '2': 0, '3': 0, '4': 0, '5': 0, '6': 0, '7': 0, '8': 0, '9': 0, '10': 0, '11': 0, '12': 0, '13': 0, '14': 0, '15': 0, '16': 0, '17': 0, '18': 0, '19': 0, '20': 0, '21': 0, '22': 0, '23': 0, '24': 0, '25': 0, '26': 0, '27': 0, '28': 0, '29': 0, '30': 0, '31': 0, '32': 0, '33': 0, '34': 0, '35': 0, '36': 0, '37': 0, '38': 0, '39': 0, '40': 0, '41': 0, '42': 0, '43': 0, '44': 0, '45': 0, '46': 0, '47': 0}"
